side,horizon_minutes,feature_count,ctx_body_direction,train_sample_size,train_success_rate,train_avg_return_atr,train_median_return_atr,train_avg_mfe_atr,train_avg_mae_atr,test_sample_size,test_success_rate,test_avg_return_atr,test_median_return_atr,test_avg_mfe_atr,test_avg_mae_atr,baseline_train_success_rate,baseline_test_success_rate,baseline_train_avg_return_atr,baseline_test_avg_return_atr,train_success_lift,test_success_lift,train_return_lift,test_return_lift,candidate_status,feature_1,ctx_structure_state,ctx_session_name,ctx_in_asia_session,ctx_in_london_session,ctx_in_ny_session,ctx_london_killzone,ctx_ny_killzone,ctx_compression_flag,ctx_expansion_flag,ctx_bos_up,ctx_bos_dn,ctx_choch_up,ctx_choch_dn,ctx_sweep_high,ctx_sweep_low,ctx_fvg_up,ctx_fvg_dn,ctx_ema20_above_ema50,ctx_vol_spike_1p5,ctx_vol_spike_2p0,ctx_vol_ratio_bucket,ctx_ATR_Z_bucket,ctx_BB_Width_Z_bucket,ctx_ADX_bucket,ctx_RSI_bucket,ctx_range_atr_bucket,ctx_body_atr_bucket,ctx_spread_z_bucket,ctx_ema20_slope_5_bucket,ctx_ema50_slope_5_bucket,ctx_dist_ema20_atr_bucket,ctx_dist_ema50_atr_bucket,ctx_dist_donchian_high20_atr_bucket,ctx_dist_donchian_low20_atr_bucket,ctx_fvg_up_size_atr_bucket,ctx_fvg_dn_size_atr_bucket
DOWN,5,1,-1,8034,0.6155090863828728,0.31861953628864675,0.25406199886588987,1.5692902835667537,0.8764653361148885,3444,0.622822299651568,0.32329918229971477,0.29823836450628116,1.5220868652854576,0.8608264614058919,0.5537287140340575,0.5668949771689498,0.16726775773193228,0.185651650524687,0.06178037234881528,0.055927322482618225,0.15135177855671447,0.13764753177502778,ROBUST_POSITIVE,ctx_body_direction,,,,,,,,,,,,,,,,,,,,,,,,,,,,,,,,,,,,
DOWN,5,1,1,2155,0.32761020881670533,-0.38850325775004235,-0.41457179377938586,0.8500472214858731,1.605712649291496,924,0.36363636363636365,-0.3061033455988757,-0.32226092687587293,0.8777303006818695,1.5767424777750036,0.5537287140340575,0.5668949771689498,0.16726775773193228,0.185651650524687,-0.22611850521735222,-0.20325861353258612,-0.5557710154819746,-0.49175499612356266,ROBUST_NEGATIVE,ctx_body_direction,,,,,,,,,,,,,,,,,,,,,,,,,,,,,,,,,,,,
UP,5,1,-1,2088,0.3103448275862069,-0.43812279054735526,-0.3920326721118452,0.7494646263616475,1.6617616774390356,896,0.29464285714285715,-0.49694042222154494,-0.5091203185265029,0.7573765364773387,1.71276326826592,0.5402492088607594,0.5364559298569451,0.1312407600198671,0.11074128443402043,-0.22990438127455254,-0.24181307271408797,-0.5693635505672223,-0.6076817066555653,ROBUST_NEGATIVE,ctx_body_direction,,,,,,,,,,,,,,,,,,,,,,,,,,,,,,,,,,,,
UP,5,1,1,7998,0.6020255063765941,0.2831959657457333,0.2509358037102315,1.5011774004572846,0.9272802202159438,3429,0.5972586759988335,0.2662300630661657,0.16358080172559034,1.4970787267535643,0.9267515204042395,0.5402492088607594,0.5364559298569451,0.1312407600198671,0.11074128443402043,0.06177629751583469,0.06080274614188841,0.1519552057258662,0.15548877863214527,ROBUST_POSITIVE,ctx_body_direction,,,,,,,,,,,,,,,,,,,,,,,,,,,,,,,,,,,,
UP,5,1,,807,0.7558859975216853,0.8663718209313065,0.7920990960830548,2.153127024725594,0.46411831550389476,346,0.7716763005780347,0.8280803012928686,0.7335474711600448,2.0428900930817155,0.461302621304283,0.5402492088607594,0.5364559298569451,0.1312407600198671,0.11074128443402043,0.21563678866092584,0.2352203707210896,0.7351310609114394,0.7173390168588482,ROBUST_POSITIVE,ctx_bos_up,,,,,,,,,,1,,,,,,,,,,,,,,,,,,,,,,,,,,
DOWN,5,1,,798,0.7669172932330827,0.7162984774960723,0.6648923875394426,2.1152144015422274,0.497256420715523,343,0.7755102040816326,0.8847614522207037,0.6816693944350831,2.1383273964298137,0.43049006906969983,0.5537287140340575,0.5668949771689498,0.16726775773193228,0.185651650524687,0.21318857919902512,0.20861522691268286,0.5490307197641401,0.6991098016960167,ROBUST_POSITIVE,ctx_bos_dn,,,,,,,,,,,1,,,,,,,,,,,,,,,,,,,,,,,,,
UP,5,1,,349,0.7994269340974212,1.0524874077297628,0.9694374723164616,2.3062631844913466,0.34450004737863815,150,0.7533333333333333,0.7229677932686859,0.6275555899479694,2.0078217964749814,0.5104252187736603,0.5402492088607594,0.5364559298569451,0.1312407600198671,0.11074128443402043,0.2591777252366617,0.21687740347638818,0.9212466477098957,0.6122265088346655,ROBUST_POSITIVE,ctx_choch_up,,,,,,,,,,,,1,,,,,,,,,,,,,,,,,,,,,,,,
DOWN,5,1,,319,0.8119122257053292,0.8323956812540179,0.7572283150548115,2.1711718259525425,0.4011279645675236,138,0.8260869565217391,0.9712260044856454,0.867684120208428,2.29573144192523,0.3300205089194759,0.5537287140340575,0.5668949771689498,0.16726775773193228,0.185651650524687,0.2581835116712716,0.25919197935278937,0.6651279235220856,0.7855743539609584,ROBUST_POSITIVE,ctx_choch_dn,,,,,,,,,,,,,1,,,,,,,,,,,,,,,,,,,,,,,
UP,5,1,,6115,0.6663941128372853,0.44350178135382107,0.4122497055359352,1.6615422055693139,0.7725798028904456,2621,0.6596718809614651,0.4076366835939747,0.29020100502506857,1.6430689735540636,0.7734973925126721,0.5402492088607594,0.5364559298569451,0.1312407600198671,0.11074128443402043,0.1261449039765259,0.12321595110452,0.31226102133395395,0.2968953991599543,ROBUST_POSITIVE,ctx_sweep_high,,,,,,,,,,,,,,0,,,,,,,,,,,,,,,,,,,,,,
UP,5,1,,3996,0.3465965965965966,-0.34848092224198296,-0.3394019957429098,0.8533224545637329,1.558172003459007,1714,0.34947491248541424,-0.33887986192620695,-0.339969251918249,0.8960372590713319,1.5619110822611117,0.5402492088607594,0.5364559298569451,0.1312407600198671,0.11074128443402043,-0.19365261226416286,-0.1869810173715309,-0.4797216822618501,-0.4496211463602274,ROBUST_NEGATIVE,ctx_sweep_high,,,,,,,,,,,,,,1,,,,,,,,,,,,,,,,,,,,,,
DOWN,5,1,,6090,0.6752052545155993,0.4821467766344828,0.40850564569378334,1.743226087158338,0.7191348595809051,2611,0.6821141325162773,0.4750634335370696,0.434599156118056,1.681142551079804,0.7070879565369087,0.5537287140340575,0.5668949771689498,0.16726775773193228,0.185651650524687,0.12147654048154177,0.11521915534732752,0.31487901890255054,0.2894117830123826,ROBUST_POSITIVE,ctx_sweep_low,,,,,,,,,,,,,,,0,,,,,,,,,,,,,,,,,,,,,
DOWN,5,1,,4127,0.37630239883692757,-0.2939053953287904,-0.3003786285234718,0.9366777654953702,1.4941097472122156,1770,0.3926553672316384,-0.24939025443184082,-0.22132632585486395,0.9312333368608735,1.4760610091713942,0.5537287140340575,0.5668949771689498,0.16726775773193228,0.185651650524687,-0.17742631519712998,-0.17423960993731136,-0.4611731530607227,-0.43504190495652784,ROBUST_NEGATIVE,ctx_sweep_low,,,,,,,,,,,,,,,1,,,,,,,,,,,,,,,,,,,,,
DOWN,5,1,,408,0.6666666666666666,0.6770646575753951,0.5580449227507285,2.2455379921926863,0.7691828555398291,175,0.6571428571428571,0.7208275450389794,0.5902867652067805,2.268195380009117,0.7587814288205437,0.5537287140340575,0.5668949771689498,0.16726775773193228,0.185651650524687,0.11293795263260908,0.09024787997390737,0.5097968998434629,0.5351758945142924,ROBUST_POSITIVE,ctx_vol_spike_1p5,,,,,,,,,,,,,,,,,,,1,,,,,,,,,,,,,,,,,
UP,5,1,,391,0.670076726342711,0.7663445214629806,0.6112956810631797,2.2742601591176843,0.8410700920856166,168,0.6785714285714286,0.8419942391421218,0.7839046545572195,2.2759670897262807,0.6623150407888342,0.5402492088607594,0.5364559298569451,0.1312407600198671,0.11074128443402043,0.12982751748195154,0.14211549871448348,0.6351037614431135,0.7312529547081014,ROBUST_POSITIVE,ctx_vol_spike_1p5,,,,,,,,,,,,,,,,,,,1,,,,,,,,,,,,,,,,,
DOWN,5,1,,2377,0.5965502734539335,0.2956580795561963,0.23392806570381566,1.6990041243263703,0.9799658658065156,1019,0.634936211972522,0.4264764016077001,0.40020237794083646,1.7270275703666662,0.8560790144754169,0.5537287140340575,0.5668949771689498,0.16726775773193228,0.185651650524687,0.042821559419875976,0.06804123480357227,0.128390321824264,0.24082475108301313,ROBUST_POSITIVE,ctx_vol_ratio_bucket,,,,,,,,,,,,,,,,,,,,,Q4_HIGH,,,,,,,,,,,,,,,
UP,5,1,,2215,0.5986455981941309,0.3778563486879528,0.3378962536023506,1.6576035318512463,0.959211447582551,950,0.5968421052631578,0.3898108360596357,0.2830468451496645,1.6499601383803817,0.9302167002639465,0.5402492088607594,0.5364559298569451,0.1312407600198671,0.11074128443402043,0.058396389333371435,0.060386175406212717,0.24661558866808572,0.27906955162561525,ROBUST_POSITIVE,ctx_vol_ratio_bucket,,,,,,,,,,,,,,,,,,,,,Q4_HIGH,,,,,,,,,,,,,,,
DOWN,5,1,,3177,0.6169342146679258,0.34590962029294603,0.20740740740757937,1.719880974252954,0.8670683854209597,1362,0.6196769456681351,0.37426677401428354,0.29028844300200507,1.6230804348219496,0.8423383358576008,0.5537287140340575,0.5668949771689498,0.16726775773193228,0.185651650524687,0.0632055006338682,0.05278196849918537,0.17864186256101375,0.18861512348959655,ROBUST_POSITIVE,ctx_RSI_bucket,,,,,,,,,,,,,,,,,,,,,,,,,Q1_LOW,,,,,,,,,,,
DOWN,5,1,,1778,0.48031496062992124,-0.05827085703005131,0.03447421666045569,1.1122205362380826,1.2621926499618643,763,0.4613368283093054,-0.09977192666358203,-0.024046719340301514,1.0682048468178336,1.2798663881251433,0.5537287140340575,0.5668949771689498,0.16726775773193228,0.185651650524687,-0.0734137534041363,-0.10555814885964437,-0.22553861476198359,-0.28542357718826905,ROBUST_NEGATIVE,ctx_RSI_bucket,,,,,,,,,,,,,,,,,,,,,,,,,Q4_HIGH,,,,,,,,,,,
UP,5,1,,1823,0.455842018650576,-0.10657819304878788,0.01864181091861618,1.0669153598613892,1.4140863739768375,782,0.45652173913043476,-0.10833255479547947,-0.08254450863172597,1.0619297330160562,1.3109438424837896,0.5402492088607594,0.5364559298569451,0.1312407600198671,0.11074128443402043,-0.08440719021018345,-0.07993419072651037,-0.23781895306865497,-0.2190738392294999,ROBUST_NEGATIVE,ctx_RSI_bucket,,,,,,,,,,,,,,,,,,,,,,,,,Q1_LOW,,,,,,,,,,,
UP,5,1,,3027,0.5913445655764784,0.3412167745310681,0.17389054211412439,1.6075112509246143,0.8771700776122766,1298,0.600924499229584,0.33156036832071273,0.17972657864192787,1.6232415825044044,0.8868600900143334,0.5402492088607594,0.5364559298569451,0.1312407600198671,0.11074128443402043,0.051095356715718965,0.0644685693726389,0.209976014511201,0.2208190838866923,ROBUST_POSITIVE,ctx_RSI_bucket,,,,,,,,,,,,,,,,,,,,,,,,,Q4_HIGH,,,,,,,,,,,
DOWN,5,1,,2496,0.469150641025641,-0.01881914906436246,-0.0617407313088668,1.154292238059647,1.2027874696656449,1071,0.4752567693744164,-0.08639378633836567,-0.04294478527596979,1.0829214985620599,1.2207970404646518,0.5537287140340575,0.5668949771689498,0.16726775773193228,0.185651650524687,-0.08457807300841652,-0.09163820779453336,-0.18608690679629475,-0.27204543686305266,ROBUST_NEGATIVE,ctx_range_atr_bucket,,,,,,,,,,,,,,,,,,,,,,,,,,Q1_LOW,,,,,,,,,,
DOWN,5,1,,2590,0.698069498069498,0.5887959325033036,0.5124963066580495,1.9199906867195409,0.6838242490992272,1110,0.7045045045045045,0.5965154479216211,0.5016831112205424,1.879916996609104,0.630986256523075,0.5537287140340575,0.5668949771689498,0.16726775773193228,0.185651650524687,0.14434078403544048,0.13760952733555476,0.4215281747713714,0.4108637973969341,ROBUST_POSITIVE,ctx_range_atr_bucket,,,,,,,,,,,,,,,,,,,,,,,,,,Q4_HIGH,,,,,,,,,,
UP,5,1,,2466,0.45660989456609896,-0.07340476842832494,-0.12571188389062038,1.0953086793574578,1.2476202593135404,1057,0.45411542100283825,-0.08263013622104082,-0.09150326797377462,1.1041735375588504,1.2222193022420103,0.5402492088607594,0.5364559298569451,0.1312407600198671,0.11074128443402043,-0.08363931429466048,-0.08234050885410688,-0.20464552844819203,-0.19337142065506124,ROBUST_NEGATIVE,ctx_range_atr_bucket,,,,,,,,,,,,,,,,,,,,,,,,,,Q1_LOW,,,,,,,,,,
UP,5,1,,2513,0.477516912057302,-0.12673913256627337,-0.09408602150529008,1.1266854395172115,1.2932731979227687,1077,0.4735376044568245,-0.0801570724938381,-0.09242529534379211,1.145961504137546,1.245732084422218,0.5402492088607594,0.5364559298569451,0.1312407600198671,0.11074128443402043,-0.06273229680345743,-0.0629183254001206,-0.25797989258614046,-0.19089835692785853,ROBUST_NEGATIVE,ctx_range_atr_bucket,,,,,,,,,,,,,,,,,,,,,,,,,,Q2,,,,,,,,,,
UP,5,1,,2531,0.6878704069537732,0.6017413790860203,0.5440956651719626,1.8471091509627129,0.6851921858541874,1085,0.6792626728110599,0.553136433036152,0.4853953930182908,1.8318879657650131,0.7221523202338259,0.5402492088607594,0.5364559298569451,0.1312407600198671,0.11074128443402043,0.14762119809301377,0.14280674295411477,0.47050061906615326,0.4423951486021316,ROBUST_POSITIVE,ctx_range_atr_bucket,,,,,,,,,,,,,,,,,,,,,,,,,,Q4_HIGH,,,,,,,,,,
DOWN,5,1,,2463,0.42590336987413724,-0.11108094575630956,-0.13132006405851293,1.1070226258972082,1.336085866195314,1056,0.4403409090909091,-0.16698595369329458,-0.1372912131200743,1.0220486025544178,1.3682861766121452,0.5537287140340575,0.5668949771689498,0.16726775773193228,0.185651650524687,-0.1278253441599203,-0.12655406807804065,-0.2783487034882418,-0.35263760421798157,ROBUST_NEGATIVE,ctx_body_atr_bucket,,,,,,,,,,,,,,,,,,,,,,,,,,,Q1_LOW,,,,,,,,,
DOWN,5,1,,2515,0.4572564612326044,-0.11923350604635949,-0.10677618069824399,1.1093331711530714,1.2835261967842577,1078,0.47309833024118736,-0.03986740289932687,0.005296964346701499,1.1788494072834201,1.2532553878169597,0.5537287140340575,0.5668949771689498,0.16726775773193228,0.185651650524687,-0.09647225280145316,-0.0937966469277624,-0.28650126377829177,-0.22551905342401385,ROBUST_NEGATIVE,ctx_body_atr_bucket,,,,,,,,,,,,,,,,,,,,,,,,,,,Q2,,,,,,,,,
DOWN,5,1,,2636,0.7594840667678301,0.7199679692264678,0.6203002905271291,2.029758002231664,0.5101501300613855,1131,0.7453580901856764,0.7026321093019734,0.579349136199126,1.9074017215629673,0.5150059299677926,0.5537287140340575,0.5668949771689498,0.16726775773193228,0.185651650524687,0.20575535273377255,0.17846311301672668,0.5527002114945355,0.5169804587772864,ROBUST_POSITIVE,ctx_body_atr_bucket,,,,,,,,,,,,,,,,,,,,,,,,,,,Q4_HIGH,,,,,,,,,
UP,5,1,,2425,0.4181443298969072,-0.18919385286503354,-0.1890226005279719,1.007645391184002,1.4062444729380321,1040,0.41442307692307695,-0.17836358258585214,-0.17889191967106588,1.0235934000375837,1.3815903141624426,0.5402492088607594,0.5364559298569451,0.1312407600198671,0.11074128443402043,-0.12210487896385225,-0.12203285293386817,-0.3204346128849006,-0.2891048670198726,ROBUST_NEGATIVE,ctx_body_atr_bucket,,,,,,,,,,,,,,,,,,,,,,,,,,,Q1_LOW,,,,,,,,,
UP,5,1,,2431,0.44755244755244755,-0.15053058796550137,-0.13419602204666506,1.071608618342947,1.3406756279391323,1043,0.44103547459252157,-0.12814787724313986,-0.19939232814279997,1.1343444576012898,1.3066507950388568,0.5402492088607594,0.5364559298569451,0.1312407600198671,0.11074128443402043,-0.09269676130831189,-0.09542045526442355,-0.28177134798536846,-0.2388891616771603,ROBUST_NEGATIVE,ctx_body_atr_bucket,,,,,,,,,,,,,,,,,,,,,,,,,,,Q2,,,,,,,,,
UP,5,1,,2737,0.7278041651443186,0.6841171022578663,0.6318625799928926,1.9236084276117749,0.5593933313091604,1174,0.7248722316865417,0.6015452532151828,0.5480984970013272,1.8528811593439285,0.6027972971512281,0.5402492088607594,0.5364559298569451,0.1312407600198671,0.11074128443402043,0.18755495628355912,0.18841630182959657,0.5528763422379992,0.4908039687811624,ROBUST_POSITIVE,ctx_body_atr_bucket,,,,,,,,,,,,,,,,,,,,,,,,,,,Q4_HIGH,,,,,,,,,
DOWN,5,1,,3220,0.6245341614906832,0.3704670635338674,0.24875591465035554,1.7522024111732344,0.8540251013758823,1381,0.6364952932657495,0.4131066850134888,0.32807269249211013,1.6619509616640764,0.8005957149305606,0.5537287140340575,0.5668949771689498,0.16726775773193228,0.185651650524687,0.07080544745662565,0.06960031609679973,0.2031993058019351,0.2274550344888018,ROBUST_POSITIVE,ctx_dist_ema20_atr_bucket,,,,,,,,,,,,,,,,,,,,,,,,,,,,,,,Q1_LOW,,,,,
DOWN,5,1,,1614,0.46220570012391576,-0.08164068830837476,0.013710235968547063,1.0846250516203209,1.2893244783258557,692,0.4407514450867052,-0.12424235683308868,-0.06359672170733467,1.0221217871031651,1.3115476136240345,0.5537287140340575,0.5668949771689498,0.16726775773193228,0.185651650524687,-0.09152301391014178,-0.12614353208224455,-0.24890844604030704,-0.30989400735777567,ROBUST_NEGATIVE,ctx_dist_ema20_atr_bucket,,,,,,,,,,,,,,,,,,,,,,,,,,,,,,,Q4_HIGH,,,,,
UP,5,1,,1633,0.4402939375382731,-0.14986239806433718,-0.03503893214688643,1.0296132270526166,1.4433062015912372,701,0.4450784593437946,-0.11609367888345025,-0.09305760708931372,1.051499401677795,1.33151653960995,0.5402492088607594,0.5364559298569451,0.1312407600198671,0.11074128443402043,-0.09995527132248633,-0.09137747051315054,-0.2811031580842043,-0.22683496331747066,ROBUST_NEGATIVE,ctx_dist_ema20_atr_bucket,,,,,,,,,,,,,,,,,,,,,,,,,,,,,,,Q1_LOW,,,,,
UP,5,1,,3094,0.6034259857789269,0.39053937697070323,0.22300165597916735,1.6419125643413386,0.8372087826149427,1327,0.6126601356443104,0.36925173118738014,0.21344421344402512,1.6428910329472706,0.8360943506085944,0.5402492088607594,0.5364559298569451,0.1312407600198671,0.11074128443402043,0.06317677691816748,0.07620420578736531,0.2592986169508361,0.2585104467533597,ROBUST_POSITIVE,ctx_dist_ema20_atr_bucket,,,,,,,,,,,,,,,,,,,,,,,,,,,,,,,Q4_HIGH,,,,,
UP,5,1,,2036,0.481335952848723,-0.04058163817143996,0.06953140214371922,1.1134397694365998,1.3146642946717437,874,0.482837528604119,-0.040160005367302284,-0.03945246622447138,1.1148270169967882,1.237276115099081,0.5402492088607594,0.5364559298569451,0.1312407600198671,0.11074128443402043,-0.05891325601203645,-0.05361840125282613,-0.17182239819130707,-0.15090128980132272,ROBUST_NEGATIVE,ctx_dist_ema50_atr_bucket,,,,,,,,,,,,,,,,,,,,,,,,,,,,,,,,Q1_LOW,,,,
UP,5,1,,2884,0.5790568654646324,0.3090964997359136,0.12118120663273037,1.5816455185945888,0.9038891789530841,1237,0.5788197251414713,0.27568868611134395,0.11717442249749223,1.5748237881044167,0.9204628025883128,0.5402492088607594,0.5364559298569451,0.1312407600198671,0.11074128443402043,0.038807656603872975,0.04236379528452616,0.17785573971604648,0.16494740167732352,ROBUST_POSITIVE,ctx_dist_ema50_atr_bucket,,,,,,,,,,,,,,,,,,,,,,,,,,,,,,,,Q4_HIGH,,,,
DOWN,5,1,,2962,0.6070222822417286,0.31266898737708565,0.18529433461645092,1.6600659938381022,0.8798816199844329,1270,0.5992125984251968,0.3291898930840908,0.22344270503783537,1.5583130441994535,0.8627557909801555,0.5537287140340575,0.5668949771689498,0.16726775773193228,0.185651650524687,0.05329356820767106,0.03231762125624704,0.14540122964515337,0.1435382425594038,ROBUST_POSITIVE,ctx_dist_donchian_high20_atr_bucket,,,,,,,,,,,,,,,,,,,,,,,,,,,,,,,,,Q1_LOW,,,
DOWN,5,1,,1328,0.40737951807228917,-0.18822413940135196,-0.10179244734747792,0.9865331865081088,1.4064070366633883,570,0.41228070175438597,-0.2032991980021417,-0.12539942990628647,0.9659739041285428,1.4129106584555176,0.5537287140340575,0.5668949771689498,0.16726775773193228,0.185651650524687,-0.14634919596176837,-0.1546142754145638,-0.3554918971332842,-0.3889508485268287,ROBUST_NEGATIVE,ctx_dist_donchian_high20_atr_bucket,,,,,,,,,,,,,,,,,,,,,,,,,,,,,,,,,Q4_HIGH,,,
UP,5,1,,2028,0.48471400394477315,-0.03326802762490254,0.058812299260843345,1.1057675970985623,1.2604045610370687,870,0.4724137931034483,-0.048746165474672434,-0.04958638266547856,1.0816605178367913,1.2235996703366396,0.5402492088607594,0.5364559298569451,0.1312407600198671,0.11074128443402043,-0.05553520491598629,-0.06404213675349685,-0.16450878764476962,-0.15948744990869285,ROBUST_NEGATIVE,ctx_dist_donchian_high20_atr_bucket,,,,,,,,,,,,,,,,,,,,,,,,,,,,,,,,,Q1_LOW,,,
UP,5,1,,3266,0.6019595835884874,0.3478935420944578,0.2309920797744375,1.607457057575998,0.8887663361131416,1401,0.6202712348322627,0.36214873891252747,0.27208210503326397,1.664950105093925,0.864923109219003,0.5402492088607594,0.5364559298569451,0.1312407600198671,0.11074128443402043,0.061710374727728,0.08381530497531753,0.21665278207459068,0.25140745447850704,ROBUST_POSITIVE,ctx_dist_donchian_high20_atr_bucket,,,,,,,,,,,,,,,,,,,,,,,,,,,,,,,,,Q4_HIGH,,,
DOWN,5,1,,3486,0.6239242685025818,0.35330239440471967,0.2573417897295791,1.7164675342904947,0.8715397551294318,1495,0.6207357859531772,0.352513282752366,0.3119170984456281,1.594352335357734,0.8679546674472665,0.5537287140340575,0.5668949771689498,0.16726775773193228,0.185651650524687,0.07019555446852421,0.05384080878422748,0.18603463667278738,0.166861632227679,ROBUST_POSITIVE,ctx_dist_donchian_low20_atr_bucket,,,,,,,,,,,,,,,,,,,,,,,,,,,,,,,,,,Q1_LOW,,
UP,5,1,,1432,0.3680167597765363,-0.27475302138783964,-0.2419660157443411,0.9650646028541623,1.5748733439563967,615,0.38699186991869916,-0.2587671559034408,-0.22175290390686198,0.9526801318926246,1.4673450981697365,0.5402492088607594,0.5364559298569451,0.1312407600198671,0.11074128443402043,-0.17223244908422314,-0.14946405993824596,-0.4059937814077067,-0.3695084403374612,ROBUST_NEGATIVE,ctx_dist_donchian_low20_atr_bucket,,,,,,,,,,,,,,,,,,,,,,,,,,,,,,,,,,Q1_LOW,,
UP,5,1,,2826,0.5842179759377212,0.3110596841908738,0.16782632228546362,1.5421128938740691,0.8918047295894385,1212,0.5932343234323433,0.3537269678191285,0.18352907802395296,1.5835229794040664,0.8355803891566841,0.5402492088607594,0.5364559298569451,0.1312407600198671,0.11074128443402043,0.043968767076961734,0.056778393575398156,0.17981892417100673,0.24298568338510806,ROBUST_POSITIVE,ctx_dist_donchian_low20_atr_bucket,,,,,,,,,,,,,,,,,,,,,,,,,,,,,,,,,,Q4_HIGH,,
DOWN,15,1,-1,3288,0.5769464720194647,0.3129032631421102,0.24048200985441792,2.5493410428062884,1.8315657796503033,1410,0.5985815602836879,0.3883813737406682,0.3167922533771498,2.5145158836878827,1.7258309612706952,0.5401197604790419,0.5586592178770949,0.17709119188986513,0.2725384205696048,0.03682671154042283,0.03992234240659298,0.13581207125224506,0.11584295317106341,ROBUST_POSITIVE,ctx_body_direction,,,,,,,,,,,,,,,,,,,,,,,,,,,,,,,,,,,,
DOWN,15,1,1,877,0.4047890535917902,-0.33076592689187884,-0.5380392156860349,1.9537021133604329,2.5586730295593867,376,0.4095744680851064,-0.12349535147229893,-0.16440863828512098,1.8286665159246098,2.336621620664522,0.5401197604790419,0.5586592178770949,0.17709119188986513,0.2725384205696048,-0.13533070688725168,-0.14908474979198855,-0.507857118781744,-0.3960337720419037,ROBUST_NEGATIVE,ctx_body_direction,,,,,,,,,,,,,,,,,,,,,,,,,,,,,,,,,,,,
UP,15,1,-1,858,0.38694638694638694,-0.37024638821980976,-0.28665543702051305,1.7525663461026368,2.6363507749442427,368,0.3858695652173913,-0.2990014194747409,-0.46186718046002007,1.9971630169529317,2.513398121395432,0.5155309414880809,0.5182481751824818,0.09264736964809409,0.05422955999432733,-0.12858455454169393,-0.1323786099650905,-0.4628937578679039,-0.35323097946906823,ROBUST_NEGATIVE,ctx_body_direction,,,,,,,,,,,,,,,,,,,,,,,,,,,,,,,,,,,,
UP,15,1,1,3286,0.5486914181375533,0.2135655885673622,0.15253231592735922,2.4150342210460147,1.9756882304731793,1409,0.5542938254080908,0.15224237192448842,0.12361020274709723,2.3821522056119115,1.953054981997767,0.5155309414880809,0.5182481751824818,0.09264736964809409,0.05422955999432733,0.033160476649472415,0.036045650225609016,0.12091821891926813,0.09801281193016109,ROBUST_POSITIVE,ctx_body_direction,,,,,,,,,,,,,,,,,,,,,,,,,,,,,,,,,,,,
UP,15,1,,396,0.5580808080808081,0.5330697930465172,0.2547640407292081,2.6422869764197903,1.8474124856506606,170,0.5529411764705883,0.2615971001564163,0.29374447103763834,2.39776549647742,1.9533465004303627,0.5155309414880809,0.5182481751824818,0.09264736964809409,0.05422955999432733,0.04254986659272719,0.034693001288106484,0.4404224233984232,0.20736754016208897,ROBUST_POSITIVE,ctx_session_name,,OFF_SESSION,,,,,,,,,,,,,,,,,,,,,,,,,,,,,,,,,,
UP,15,1,,324,0.6296296296296297,0.7754590395881072,0.4101462251916605,2.9970913590957555,1.5108412907494584,140,0.7,0.8285933197326031,0.735516842288934,3.079818714484794,1.3638457563729776,0.5155309414880809,0.5182481751824818,0.09264736964809409,0.05422955999432733,0.11409868814154878,0.18175182481751817,0.6828116699400132,0.7743637597382758,ROBUST_POSITIVE,ctx_bos_up,,,,,,,,,,1,,,,,,,,,,,,,,,,,,,,,,,,,,
DOWN,15,1,,314,0.6656050955414012,0.7533075350193162,0.5357726898082753,3.3469855006608844,1.4352595048036265,135,0.6888888888888889,0.513153632175328,0.5403949730700162,3.0126707602936262,1.542616890427093,0.5401197604790419,0.5586592178770949,0.17709119188986513,0.2725384205696048,0.12548533506235937,0.13022967101179395,0.5762163431294511,0.24061521160572313,ROBUST_POSITIVE,ctx_bos_dn,,,,,,,,,,,1,,,,,,,,,,,,,,,,,,,,,,,,,
UP,15,1,,142,0.6830985915492958,1.028471540353811,0.9685759615422269,3.243610160915919,1.4048891135395636,61,0.6557377049180327,0.268295420307842,0.39095224797543143,2.656835956665962,1.3370214922101278,0.5155309414880809,0.5182481751824818,0.09264736964809409,0.05422955999432733,0.16756765006121488,0.13748952973555095,0.9358241707057169,0.21406586031351466,ROBUST_POSITIVE,ctx_choch_up,,,,,,,,,,,,1,,,,,,,,,,,,,,,,,,,,,,,,
DOWN,15,1,,121,0.6859504132231405,0.9141558660898422,0.8463219227970759,3.423824250606611,1.1519939138914224,53,0.7358490566037735,0.3392504184372798,0.7103321033213181,3.078558593320307,1.4619288886067845,0.5401197604790419,0.5586592178770949,0.17709119188986513,0.2725384205696048,0.14583065274409868,0.1771898387266786,0.7370646741999771,0.06671199786767501,ROBUST_POSITIVE,ctx_choch_dn,,,,,,,,,,,,,1,,,,,,,,,,,,,,,,,,,,,,,
UP,15,1,,2489,0.590598633989554,0.40481311955112237,0.3336738168198091,2.6107496979960816,1.7787521327328697,1067,0.5791940018744143,0.31054970020560724,0.18135554013429753,2.516776039022348,1.8006338395188675,0.5155309414880809,0.5182481751824818,0.09264736964809409,0.05422955999432733,0.07506769250147316,0.06094582669193249,0.31216574990302826,0.2563201402112799,ROBUST_POSITIVE,ctx_sweep_high,,,,,,,,,,,,,,0,,,,,,,,,,,,,,,,,,,,,,
UP,15,1,,1664,0.4026442307692308,-0.37702986135377436,-0.3429345092056352,1.7884874196343634,2.6150610991224394,714,0.42857142857142855,-0.32242482197621064,-0.22092149947765805,1.9527362406861501,2.467223011003798,0.5155309414880809,0.5182481751824818,0.09264736964809409,0.05422955999432733,-0.11288671071885009,-0.08967674661105324,-0.4696772310018684,-0.37665438197053797,ROBUST_NEGATIVE,ctx_sweep_high,,,,,,,,,,,,,,1,,,,,,,,,,,,,,,,,,,,,,
DOWN,15,1,,2505,0.6159680638722554,0.4863279019872035,0.40614793467827265,2.725821500327024,1.6540147020485092,1074,0.638733705772812,0.5626668737720657,0.5176151363683821,2.7056284294192565,1.5669481106625969,0.5401197604790419,0.5586592178770949,0.17709119188986513,0.2725384205696048,0.07584830339321358,0.08007448789571703,0.30923671009733833,0.2901284532024609,ROBUST_POSITIVE,ctx_sweep_low,,,,,,,,,,,,,,,0,,,,,,,,,,,,,,,,,,,,,
DOWN,15,1,,1670,0.4293413173652695,-0.28413824785242975,-0.40726344031090533,1.9788867020331682,2.4833896565637468,716,0.43156424581005587,-0.16877827379302562,-0.1582392750444273,1.8381555844775868,2.3046785511798817,0.5401197604790419,0.5586592178770949,0.17709119188986513,0.2725384205696048,-0.11077844311377238,-0.12709497206703907,-0.4612294397422949,-0.44131669436263044,ROBUST_NEGATIVE,ctx_sweep_low,,,,,,,,,,,,,,,1,,,,,,,,,,,,,,,,,,,,,
UP,15,1,,434,0.5529953917050692,0.4515800832817477,0.24068034283337425,2.632172160946586,1.8618143251563268,187,0.5614973262032086,0.8490588551997545,0.0398963730572065,3.1704495243389696,1.9263828155717067,0.5155309414880809,0.5182481751824818,0.09264736964809409,0.05422955999432733,0.0374644502169883,0.043249151020726795,0.35893271363365364,0.7948292952054272,ROBUST_POSITIVE,ctx_fvg_up,,,,,,,,,,,,,,,,1,,,,,,,,,,,,,,,,,,,,
DOWN,15,1,,154,0.6883116883116883,0.9571485452127041,0.6578978342747651,3.6252918107292382,1.413323551236401,67,0.6865671641791045,0.8383826678288103,0.8002406738866478,3.3105301718832805,1.6010439143936257,0.5401197604790419,0.5586592178770949,0.17709119188986513,0.2725384205696048,0.14819192783264645,0.12790794630200952,0.780057353322839,0.5658442472592056,ROBUST_POSITIVE,ctx_vol_spike_1p5,,,,,,,,,,,,,,,,,,,1,,,,,,,,,,,,,,,,,
UP,15,1,,184,0.6358695652173914,0.6823550971510006,0.7966086880516099,3.1324167044361846,1.6754551253125118,79,0.5822784810126582,0.21777355438478901,-0.06977572089727697,2.9093087124134525,1.7069974886189272,0.5155309414880809,0.5182481751824818,0.09264736964809409,0.05422955999432733,0.12033862372931048,0.06403030583017644,0.5897077275029066,0.1635439943904617,ROBUST_POSITIVE,ctx_vol_spike_1p5,,,,,,,,,,,,,,,,,,,1,,,,,,,,,,,,,,,,,
DOWN,15,1,,1170,0.594017094017094,0.4483205153210582,0.23633001343882665,2.856558691721782,1.7957206791251097,502,0.5956175298804781,0.49817373844939355,0.3237672213485567,2.6672728604117597,1.668280894895349,0.5401197604790419,0.5586592178770949,0.17709119188986513,0.2725384205696048,0.05389733353805215,0.036958312003383176,0.2712293234311931,0.22563531787978874,ROBUST_POSITIVE,ctx_RSI_bucket,,,,,,,,,,,,,,,,,,,,,,,,,Q1_LOW,,,,,,,,,,,
DOWN,15,1,,820,0.47560975609756095,-0.187458424304629,-0.08661581637385074,1.900624607229007,2.2608820020958635,352,0.4914772727272727,-0.03024865509055642,-0.08245393643988025,1.8877622408488728,2.111827830242676,0.5401197604790419,0.5586592178770949,0.17709119188986513,0.2725384205696048,-0.06451000438148091,-0.06718194514982223,-0.3645496161944941,-0.3027870756601612,ROBUST_NEGATIVE,ctx_RSI_bucket,,,,,,,,,,,,,,,,,,,,,,,,,Q4_HIGH,,,,,,,,,,,
DOWN,15,1,,1068,0.6329588014981273,0.6833938728385239,0.5248921678659646,3.009741358897674,1.537796395056529,458,0.631004366812227,0.5529660265598682,0.3666083582124572,2.8288310563479317,1.5706668941878572,0.5401197604790419,0.5586592178770949,0.17709119188986513,0.2725384205696048,0.09283904101908547,0.07234514893513211,0.5063026809486588,0.28042760599026334,ROBUST_POSITIVE,ctx_range_atr_bucket,,,,,,,,,,,,,,,,,,,,,,,,,,Q4_HIGH,,,,,,,,,,
UP,15,1,,1034,0.4738878143133462,-0.06417626894604447,-0.06272854550107845,2.1512054665946683,2.363237708272223,444,0.4436936936936937,-0.3227685818522352,-0.16603793226831448,2.0002810307612844,2.298909840889268,0.5155309414880809,0.5182481751824818,0.09264736964809409,0.05422955999432733,-0.04164312717473467,-0.07455448148878807,-0.15682363859413856,-0.37699814184656255,ROBUST_NEGATIVE,ctx_range_atr_bucket,,,,,,,,,,,,,,,,,,,,,,,,,,Q2,,,,,,,,,,
UP,15,1,,1052,0.6121673003802282,0.47733015034392245,0.5064667902316087,2.6855143970367705,1.6203248852828385,452,0.6216814159292036,0.3527997241575654,0.39694197231234,2.699432433735656,1.7616061602530728,0.5155309414880809,0.5182481751824818,0.09264736964809409,0.05422955999432733,0.09663635889214728,0.10343324074672178,0.3846827806958284,0.29857016416323806,ROBUST_POSITIVE,ctx_range_atr_bucket,,,,,,,,,,,,,,,,,,,,,,,,,,Q4_HIGH,,,,,,,,,,
DOWN,15,1,,1032,0.47093023255813954,-0.09577536846805124,-0.15017038364409022,2.076133771550756,2.1958574801973434,443,0.48758465011286684,-0.05120569774523482,-0.17933884297543948,2.1527313393063188,2.1950154349279836,0.5401197604790419,0.5586592178770949,0.17709119188986513,0.2725384205696048,-0.06918952792090233,-0.0710745677642281,-0.27286656035791634,-0.3237441183148396,ROBUST_NEGATIVE,ctx_body_atr_bucket,,,,,,,,,,,,,,,,,,,,,,,,,,,Q2,,,,,,,,,
DOWN,15,1,,1072,0.6744402985074627,0.7599223830543274,0.6245890337095917,3.051629555041414,1.3841328327510174,460,0.6760869565217391,0.7921184189640352,0.7087189112793595,2.9754961106183275,1.3660208557679685,0.5401197604790419,0.5586592178770949,0.17709119188986513,0.2725384205696048,0.1343205380284208,0.11742773864464418,0.5828311911644622,0.5195799983944305,ROBUST_POSITIVE,ctx_body_atr_bucket,,,,,,,,,,,,,,,,,,,,,,,,,,,Q4_HIGH,,,,,,,,,
UP,15,1,,1013,0.42349457058242845,-0.3338296304668407,-0.255758538522645,1.8675782873920133,2.5681369839651427,435,0.4666666666666667,-0.1984646515883101,-0.08673205988634188,1.8760404136124111,2.1928897605015267,0.5155309414880809,0.5182481751824818,0.09264736964809409,0.05422955999432733,-0.09203637090565242,-0.05158150851581511,-0.42647700011493483,-0.25269421158263744,ROBUST_NEGATIVE,ctx_body_atr_bucket,,,,,,,,,,,,,,,,,,,,,,,,,,,Q1_LOW,,,,,,,,,
UP,15,1,,976,0.4456967213114754,-0.2088186820314706,-0.16395551386842167,2.036167023271636,2.4040492313387976,419,0.4295942720763723,-0.27464830064083046,-0.23639010189227194,2.049999550073238,2.3736399039929594,0.5155309414880809,0.5182481751824818,0.09264736964809409,0.05422955999432733,-0.06983422017660545,-0.08865390310610949,-0.3014660516795647,-0.3288778606351578,ROBUST_NEGATIVE,ctx_body_atr_bucket,,,,,,,,,,,,,,,,,,,,,,,,,,,Q2,,,,,,,,,
UP,15,1,,1088,0.6534926470588235,0.7253311991874652,0.7079861253411404,2.8238916997051544,1.4074469581866382,467,0.6274089935760171,0.4057473290517435,0.23097392229939387,2.6696414563047957,1.6619705098106994,0.5155309414880809,0.5182481751824818,0.09264736964809409,0.05422955999432733,0.1379617055707426,0.10916081839353531,0.6326838295393712,0.35151776905741616,ROBUST_POSITIVE,ctx_body_atr_bucket,,,,,,,,,,,,,,,,,,,,,,,,,,,Q4_HIGH,,,,,,,,,
DOWN,15,1,,1174,0.5945485519591142,0.4321980018158205,0.2319757983157297,2.892582462453791,1.8098750194940878,504,0.6031746031746031,0.5096683196870212,0.260694141557555,2.6980465405257688,1.5953421046813647,0.5401197604790419,0.5586592178770949,0.17709119188986513,0.2725384205696048,0.05442879148007229,0.0445153852975082,0.25510680992595536,0.2371298991174164,ROBUST_POSITIVE,ctx_dist_ema20_atr_bucket,,,,,,,,,,,,,,,,,,,,,,,,,,,,,,,Q1_LOW,,,,,
UP,15,1,,785,0.45605095541401275,-0.21102326985516281,-0.06977572089727697,1.9563672800119805,2.5055299279250858,337,0.47774480712166173,-0.22191393499910875,-0.06422968773113384,1.9726551953402396,2.2523123576289423,0.5155309414880809,0.5182481751824818,0.09264736964809409,0.05422955999432733,-0.059479986074068125,-0.040503368060820055,-0.3036706395032569,-0.2761434949934361,ROBUST_NEGATIVE,ctx_dist_ema20_atr_bucket,,,,,,,,,,,,,,,,,,,,,,,,,,,,,,,Q1_LOW,,,,,
UP,15,1,,1155,0.5558441558441558,0.37027107835264234,0.17023740590622538,2.5663850909058947,1.8113654774134151,496,0.5665322580645161,0.371695736676109,0.08612084299170839,2.6937360792534504,1.889853827935526,0.5155309414880809,0.5182481751824818,0.09264736964809409,0.05422955999432733,0.04031321435607493,0.04828408288203434,0.2776237087045482,0.3174661766817817,ROBUST_POSITIVE,ctx_dist_ema20_atr_bucket,,,,,,,,,,,,,,,,,,,,,,,,,,,,,,,Q4_HIGH,,,,,
DOWN,15,1,,576,0.4340277777777778,-0.30548090195591154,-0.40578248280637796,1.896017933358374,2.4631536664644518,247,0.4493927125506073,-0.006642899118161886,-0.04721753794240878,1.8659504559046265,2.166564296643092,0.5401197604790419,0.5586592178770949,0.17709119188986513,0.2725384205696048,-0.10609198270126408,-0.10926650532648763,-0.4825720938457767,-0.2791813196877667,ROBUST_NEGATIVE,ctx_dist_donchian_high20_atr_bucket,,,,,,,,,,,,,,,,,,,,,,,,,,,,,,,,,Q4_HIGH,,,
UP,15,1,,1269,0.5563435776201734,0.26486455564726524,0.1537254901961014,2.5426910093242476,1.913510059331324,544,0.5900735294117647,0.43659294602786447,0.20061777624611363,2.7132236180093288,1.9055484223737238,0.5155309414880809,0.5182481751824818,0.09264736964809409,0.05422955999432733,0.04081263613209252,0.07182535422928293,0.17221718599917116,0.38236338603353714,ROBUST_POSITIVE,ctx_dist_donchian_high20_atr_bucket,,,,,,,,,,,,,,,,,,,,,,,,,,,,,,,,,Q4_HIGH,,,
DOWN,15,1,,1325,0.5977358490566038,0.44006413016934814,0.25848719475834686,2.8569235591377375,1.813799224193812,569,0.6098418277680141,0.4921691975293536,0.26147859922155087,2.6782472766443246,1.6708220510873477,0.5401197604790419,0.5586592178770949,0.17709119188986513,0.2725384205696048,0.05761608857756195,0.05118260989091916,0.262972938279483,0.2196307769597488,ROBUST_POSITIVE,ctx_dist_donchian_low20_atr_bucket,,,,,,,,,,,,,,,,,,,,,,,,,,,,,,,,,,Q1_LOW,,
UP,15,1,,642,0.40498442367601245,-0.33776457378419644,-0.35745330690907207,1.957165630720018,2.667970647717261,276,0.4673913043478261,-0.31713067141154955,-0.05221117309391954,1.8967367062130802,2.364465384168917,0.5155309414880809,0.5182481751824818,0.09264736964809409,0.05422955999432733,-0.11054651781206842,-0.050856870834655676,-0.4304119434322905,-0.3713602314058769,ROBUST_NEGATIVE,ctx_dist_donchian_low20_atr_bucket,,,,,,,,,,,,,,,,,,,,,,,,,,,,,,,,,,Q1_LOW,,
UP,30,1,-1,452,0.42920353982300885,-0.30326826332627027,-0.3319490939937038,2.8611516616110304,3.5631474985298355,195,0.41025641025641024,-0.4411053574650968,-0.4939402100728548,2.4479336216230263,3.4323739753321973,0.5105808194506979,0.49159663865546216,0.03322131917105112,-0.06515374093385339,-0.08137727962768904,-0.08134022839905192,-0.3364895824973214,-0.3759516165312434,ROBUST_NEGATIVE,ctx_body_direction,,,,,,,,,,,,,,,,,,,,,,,,,,,,,,,,,,,,
UP,30,1,,197,0.5888324873096447,0.5525573222471455,0.7368421052629128,3.769092014441127,2.8505766651738127,85,0.5882352941176471,1.5652560964478448,0.4208523592084864,4.746484965701406,2.4131114958424886,0.5105808194506979,0.49159663865546216,0.03322131917105112,-0.06515374093385339,0.07825166785894677,0.09663865546218492,0.5193360030760944,1.6304098373816982,ROBUST_POSITIVE,ctx_bos_up,,,,,,,,,,1,,,,,,,,,,,,,,,,,,,,,,,,,,
DOWN,30,1,,149,0.6711409395973155,1.3917584420748612,1.628211116300524,4.690587280752831,2.085863041106512,65,0.6,0.7900852748478165,0.9565491183879484,3.97355076075691,2.3538856056431507,0.5433604336043361,0.5521601685985248,0.29064199025315085,0.27913311980511907,0.1277805059929794,0.047839831401475186,1.1011164518217105,0.5109521550426974,ROBUST_POSITIVE,ctx_bos_dn,,,,,,,,,,,1,,,,,,,,,,,,,,,,,,,,,,,,,
UP,30,1,,1344,0.5625,0.3050324295568104,0.3716029554035255,3.512819922448853,2.848588021995448,576,0.5347222222222222,0.27267313805566196,0.12228772589958972,3.5134854182572757,2.8818184498014756,0.5105808194506979,0.49159663865546216,0.03322131917105112,-0.06515374093385339,0.05191918054930211,0.04312558356676005,0.27181111038575934,0.33782687898951536,ROBUST_POSITIVE,ctx_sweep_high,,,,,,,,,,,,,,0,,,,,,,,,,,,,,,,,,,,,,
UP,30,1,,877,0.4298745724059293,-0.41014595468411835,-0.4285249104524257,2.803502318422641,3.572188928946412,376,0.42819148936170215,-0.5201253246717198,-0.6611429129079516,2.545839774770673,3.508850289593084,0.5105808194506979,0.49159663865546216,0.03322131917105112,-0.06515374093385339,-0.08070624704476859,-0.06340514929376001,-0.4433672738551695,-0.4549715837378664,ROBUST_NEGATIVE,ctx_sweep_high,,,,,,,,,,,,,,1,,,,,,,,,,,,,,,,,,,,,,
DOWN,30,1,,1320,0.6,0.5920947612165106,0.553646682858946,3.873482238181438,2.5785697753612413,567,0.5873015873015873,0.46917835488482396,0.594358251057878,3.6091027064378305,2.6749130108270425,0.5433604336043361,0.5521601685985248,0.29064199025315085,0.27913311980511907,0.05663956639566392,0.03514141870306253,0.30145277096335976,0.1900452350797049,ROBUST_POSITIVE,ctx_sweep_low,,,,,,,,,,,,,,,0,,,,,,,,,,,,,,,,,,,,,
DOWN,30,1,,893,0.46248600223964165,-0.13633785195887174,-0.2380122057541539,2.9661609972058067,3.2448371107431053,383,0.4934725848563969,-0.045589590367317925,0.09476534296064974,2.9584363771454094,3.1826638337418682,0.5433604336043361,0.5521601685985248,0.29064199025315085,0.27913311980511907,-0.08087443136469441,-0.0586875837421279,-0.42697984221202256,-0.324722710172437,ROBUST_NEGATIVE,ctx_sweep_low,,,,,,,,,,,,,,,1,,,,,,,,,,,,,,,,,,,,,
DOWN,30,1,,224,0.59375,0.5096391848688038,0.7059728954613358,3.7908024436596475,2.696240623873443,96,0.5833333333333334,0.9489869808257253,0.8761897437599592,3.6324452096927113,2.447004980662903,0.5433604336043361,0.5521601685985248,0.29064199025315085,0.27913311980511907,0.05038956639566394,0.03117316473480858,0.21899719461565292,0.6698538610206062,ROBUST_POSITIVE,ctx_fvg_dn,,,,,,,,,,,,,,,,,1,,,,,,,,,,,,,,,,,,,
DOWN,30,1,,510,0.5882352941176471,0.7359739247380506,0.6169941877158985,4.04690684676041,2.5718570152143028,219,0.5981735159817352,0.8486657309405423,0.9565491183879484,3.825821572872542,2.4596127340734344,0.5433604336043361,0.5521601685985248,0.29064199025315085,0.27913311980511907,0.04487486051331102,0.04601334738321039,0.4453319344848997,0.5695326111354233,ROBUST_POSITIVE,ctx_vol_ratio_bucket,,,,,,,,,,,,,,,,,,,,,Q4_HIGH,,,,,,,,,,,,,,,
UP,30,1,,541,0.589648798521257,0.7442939225536069,0.6963157894738714,3.9089677601688444,2.702855851755354,233,0.5579399141630901,0.28080570213716066,0.10490076954229365,3.478170762596673,2.835610347014988,0.5105808194506979,0.49159663865546216,0.03322131917105112,-0.06515374093385339,0.07906797907055907,0.06634327550762792,0.7110726033825558,0.34595944307101406,ROBUST_POSITIVE,ctx_vol_ratio_bucket,,,,,,,,,,,,,,,,,,,,,Q4_HIGH,,,,,,,,,,,,,,,
DOWN,30,1,,573,0.6230366492146597,0.9537478471035508,0.7684816290394766,4.161056332259071,2.3150117145534423,246,0.6097560975609756,0.8357877309741468,1.0475833589157868,3.926265908292816,2.274190441510134,0.5433604336043361,0.5521601685985248,0.29064199025315085,0.27913311980511907,0.07967621561032368,0.057595928962450804,0.6631058568503999,0.5566546111690278,ROBUST_POSITIVE,ctx_range_atr_bucket,,,,,,,,,,,,,,,,,,,,,,,,,,Q4_HIGH,,,,,,,,,,
UP,30,1,,602,0.6013289036544851,0.7605382061352022,0.6387411091056778,3.81407876718249,2.4528552586694374,258,0.5697674418604651,0.3422148796191298,0.12228772589958972,3.861840105281418,2.957953110414398,0.5105808194506979,0.49159663865546216,0.03322131917105112,-0.06515374093385339,0.09074808420378722,0.07817080320500297,0.7273168869641511,0.4073686205529832,ROBUST_POSITIVE,ctx_range_atr_bucket,,,,,,,,,,,,,,,,,,,,,,,,,,Q4_HIGH,,,,,,,,,,
DOWN,30,1,,581,0.6609294320137694,0.8430980719227711,1.0181460120973147,4.180739417971857,2.276139408323333,249,0.6385542168674698,1.0357925485972286,1.1264367816092031,4.08260783279391,2.235842132242266,0.5433604336043361,0.5521601685985248,0.29064199025315085,0.27913311980511907,0.11756899840943336,0.08639404826894503,0.5524560816696202,0.7566594287921096,ROBUST_POSITIVE,ctx_body_atr_bucket,,,,,,,,,,,,,,,,,,,,,,,,,,,Q4_HIGH,,,,,,,,,
UP,30,1,,509,0.47347740667976423,-0.3385599192851412,-0.20531113753460173,2.879773325891863,3.480310487088613,219,0.45662100456621,-0.2552129938297281,-0.18348623853224788,2.761606665973942,3.185600766118709,0.5105808194506979,0.49159663865546216,0.03322131917105112,-0.06515374093385339,-0.03710341277093365,-0.03497563408925214,-0.37178123845619226,-0.19005925289587472,ROBUST_NEGATIVE,ctx_body_atr_bucket,,,,,,,,,,,,,,,,,,,,,,,,,,,Q1_LOW,,,,,,,,,
UP,30,1,,521,0.4491362763915547,-0.22174376858111303,-0.31087289433382775,3.016373175131516,3.494172526250851,224,0.4375,-0.33612232363453476,-0.7652879187853364,2.8352784302221514,3.421649618547509,0.5105808194506979,0.49159663865546216,0.03322131917105112,-0.06515374093385339,-0.06144454305914321,-0.05409663865546216,-0.25496508775216414,-0.27096858270068136,ROBUST_NEGATIVE,ctx_body_atr_bucket,,,,,,,,,,,,,,,,,,,,,,,,,,,Q2,,,,,,,,,
UP,30,1,,644,0.6149068322981367,0.8360357228614143,0.7044551864913117,3.8987639160707697,2.3761067963933806,277,0.5631768953068592,0.33747278345741416,0.1862602805999478,3.841281932559601,2.9370325118950027,0.5105808194506979,0.49159663865546216,0.03322131917105112,-0.06515374093385339,0.10432601284743881,0.07158025665139706,0.8028144036903632,0.40262652439126756,ROBUST_POSITIVE,ctx_body_atr_bucket,,,,,,,,,,,,,,,,,,,,,,,,,,,Q4_HIGH,,,,,,,,,
UP,30,1,,623,0.5553772070626003,0.4534608657120411,0.21182646286851917,3.6579656761597366,2.751011119230495,268,0.5597014925373134,0.5842713033450452,0.15284413557258952,3.8327460099093718,2.6981366445376738,0.5105808194506979,0.49159663865546216,0.03322131917105112,-0.06515374093385339,0.04479638761190241,0.06810485388185122,0.42023954654098994,0.6494250442788986,ROBUST_POSITIVE,ctx_dist_ema20_atr_bucket,,,,,,,,,,,,,,,,,,,,,,,,,,,,,,,Q4_HIGH,,,,,
UP,30,1,,661,0.5658093797276853,0.4287312979391026,0.19377162629784464,3.7092052652447056,2.8696165595454834,284,0.5669014084507042,0.6278599479104486,0.2718552582684838,3.915430771124184,2.7746693113980245,0.5105808194506979,0.49159663865546216,0.03322131917105112,-0.06515374093385339,0.055228560276987415,0.07530476979524209,0.3955099787680515,0.693013688844302,ROBUST_POSITIVE,ctx_dist_donchian_high20_atr_bucket,,,,,,,,,,,,,,,,,,,,,,,,,,,,,,,,,Q4_HIGH,,,
DOWN,60,1,1,242,0.4132231404958678,-0.04568008480377099,-0.2550294229336455,4.110922727189815,4.409365181133597,105,0.4857142857142857,-0.8558872298821808,0.3560606060604629,4.385687196416633,5.612747650314774,0.5422413793103448,0.5542168674698795,0.38960801213919577,0.5031174882824032,-0.129018238814477,-0.06850258175559382,-0.4352880969429668,-1.359004718164584,ROBUST_NEGATIVE,ctx_body_direction,,,,,,,,,,,,,,,,,,,,,,,,,,,,,,,,,,,,
UP,60,1,-1,237,0.4345991561181435,-0.8241929434849494,-0.6057861635221022,3.990204433595702,5.351770743728189,102,0.38235294117647056,-0.7981187719449067,-0.719771018455318,3.3474242287304588,4.779680731809126,0.5030198446937014,0.46987951807228917,0.02060136236695478,-0.2691090470798077,-0.06842068857555794,-0.08752657689581861,-0.8447943058519042,-0.5290097248650989,ROBUST_NEGATIVE,ctx_body_direction,,,,,,,,,,,,,,,,,,,,,,,,,,,,,,,,,,,,
UP,60,1,,695,0.5482014388489208,0.3895918598897271,0.6031036623215891,4.873371997281861,4.2138899297426455,299,0.5317725752508361,0.14960752854593334,-0.15566037735846425,4.864135398410565,4.382292716625522,0.5030198446937014,0.46987951807228917,0.02060136236695478,-0.2691090470798077,0.045181594155219384,0.06189305717854693,0.36899049752277235,0.41871657562574105,ROBUST_POSITIVE,ctx_sweep_high,,,,,,,,,,,,,,0,,,,,,,,,,,,,,,,,,,,,,
UP,60,1,,464,0.4375,-0.512976067882613,-0.46988946490881345,4.030259846485551,5.2053077395694665,199,0.37185929648241206,-0.9428011287613347,-0.6314152410580653,3.2250164536546975,4.973787361142071,0.5030198446937014,0.46987951807228917,0.02060136236695478,-0.2691090470798077,-0.06551984469370142,-0.09802022158987711,-0.5335774302495677,-0.673692081681527,ROBUST_NEGATIVE,ctx_sweep_high,,,,,,,,,,,,,,1,,,,,,,,,,,,,,,,,,,,,,
DOWN,60,1,,701,0.5777460770328102,0.5837512217642454,0.509301364200116,5.3654886701422235,3.9238014048662575,301,0.584717607973422,0.9126312867775755,0.7140804597701245,5.052240425700188,3.7210535305967807,0.5422413793103448,0.5542168674698795,0.38960801213919577,0.5031174882824032,0.03550469772246545,0.030500740503542456,0.19414320962504966,0.40951379849517233,ROBUST_POSITIVE,ctx_sweep_low,,,,,,,,,,,,,,,0,,,,,,,,,,,,,,,,,,,,,
UP,60,1,,325,0.563076923076923,0.6265858254896682,0.6530223702998766,5.062734770353154,3.9358431081115017,140,0.5642857142857143,0.449990327545138,-0.10455483427772488,4.9895191723557515,4.004652283170573,0.5030198446937014,0.46987951807228917,0.02060136236695478,-0.2691090470798077,0.06005707838322161,0.09440619621342511,0.6059844631227135,0.7190993746249457,ROBUST_POSITIVE,ctx_RSI_bucket,,,,,,,,,,,,,,,,,,,,,,,,,Q4_HIGH,,,,,,,,,,,
UP,60,1,,345,0.5478260869565217,0.4139351977460282,0.7129488574538012,5.019277773340583,4.292531652312469,148,0.5135135135135135,0.35080196174718825,-0.3389179332589191,5.164147916491606,4.296549514334733,0.5030198446937014,0.46987951807228917,0.02060136236695478,-0.2691090470798077,0.04480624226282026,0.043633995441224316,0.39333383537907346,0.6199110088269959,ROBUST_POSITIVE,ctx_range_atr_bucket,,,,,,,,,,,,,,,,,,,,,,,,,,Q4_HIGH,,,,,,,,,,
DOWN,60,1,,283,0.4558303886925795,-0.03719433821045408,-0.7775061124695059,4.312449231778137,4.2708077479829845,122,0.5163934426229508,-0.455997595719866,0.3335318649879674,4.374473363378201,5.036664776941106,0.5422413793103448,0.5542168674698795,0.38960801213919577,0.5031174882824032,-0.08641099061776525,-0.03782342484692869,-0.42680235034964986,-0.9591150840022692,ROBUST_NEGATIVE,ctx_body_atr_bucket,,,,,,,,,,,,,,,,,,,,,,,,,,,Q1_LOW,,,,,,,,,
DOWN,60,1,,327,0.6055045871559633,0.6574909128872373,0.41625893865257263,5.671386501268676,3.784483981869126,141,0.6170212765957447,0.9278529861059588,0.6485623003194413,5.550163974788443,3.6185581337094725,0.5422413793103448,0.5542168674698795,0.38960801213919577,0.5031174882824032,0.06326320784561856,0.06280440912586516,0.2678829007480415,0.4247354978235556,ROBUST_POSITIVE,ctx_body_atr_bucket,,,,,,,,,,,,,,,,,,,,,,,,,,,Q4_HIGH,,,,,,,,,
UP,60,1,,277,0.4259927797833935,-0.32803628955117703,-0.5310767435075507,3.9271194108689937,4.582541044779975,119,0.4369747899159664,-0.7659215226572366,-0.6269302038294788,3.7803557681036235,5.18696648707242,0.5030198446937014,0.46987951807228917,0.02060136236695478,-0.2691090470798077,-0.07702706491030792,-0.03290472815632278,-0.3486376519181318,-0.49681247557742886,ROBUST_NEGATIVE,ctx_body_atr_bucket,,,,,,,,,,,,,,,,,,,,,,,,,,,Q2,,,,,,,,,
UP,60,1,,243,0.5473251028806584,0.4912323040960809,0.5483377913642237,4.664616530624613,3.847094683527119,105,0.6285714285714286,1.3566765392044686,0.867521367521301,5.1922107282929755,2.982587199497758,0.5030198446937014,0.46987951807228917,0.02060136236695478,-0.2691090470798077,0.044305258186956964,0.1586919104991394,0.4706309417291261,1.6257855862842763,ROBUST_POSITIVE,ctx_ema20_slope_5_bucket,,,,,,,,,,,,,,,,,,,,,,,,,,,,,Q4_HIGH,,,,,,,
UP,60,1,,237,0.569620253164557,0.9784306418324972,0.7840696950839541,4.906287496526878,3.6949986698852584,103,0.5825242718446602,0.953324212336467,-0.01667162846083576,4.925365535418398,3.454044101052395,0.5030198446937014,0.46987951807228917,0.02060136236695478,-0.2691090470798077,0.06660040847085558,0.11264475377237099,0.9578292794655424,1.2224332594162748,ROBUST_POSITIVE,ctx_ema50_slope_5_bucket,,,,,,,,,,,,,,,,,,,,,,,,,,,,,,Q4_HIGH,,,,,,
UP,60,1,,338,0.5650887573964497,0.5293674947800208,0.7096629360848743,5.078406481643987,4.135452575052456,146,0.5616438356164384,0.23036510085229106,-0.0957436531476629,5.140767069248741,4.431527271718639,0.5030198446937014,0.46987951807228917,0.02060136236695478,-0.2691090470798077,0.06206891270274828,0.09176431754414921,0.508766132413066,0.49947414793209877,ROBUST_POSITIVE,ctx_dist_ema20_atr_bucket,,,,,,,,,,,,,,,,,,,,,,,,,,,,,,,Q4_HIGH,,,,,
UP,60,1,,265,0.4679245283018868,-0.11142519155147444,0.290396927016801,3.772700727448198,4.6786442939001285,114,0.34210526315789475,-1.1153348492368125,-0.5701941642596502,3.0534317555824995,5.1022796431715,0.5030198446937014,0.46987951807228917,0.02060136236695478,-0.2691090470798077,-0.035095316391814624,-0.12777425491439443,-0.1320265539184292,-0.8462258021570048,ROBUST_NEGATIVE,ctx_dist_ema50_atr_bucket,,,,,,,,,,,,,,,,,,,,,,,,,,,,,,,,Q1_LOW,,,,
UP,60,1,,293,0.43686006825938567,-0.5279976327788304,-0.5610423738092524,4.334081001876281,4.689407119626291,126,0.42857142857142855,-1.5029376353098338,-1.5003161537172773,4.051131554690553,5.464854040733676,0.5030198446937014,0.46987951807228917,0.02060136236695478,-0.2691090470798077,-0.06615977643431575,-0.04130808950086062,-0.5485989951457851,-1.2338285882300262,ROBUST_NEGATIVE,ctx_dist_ema50_atr_bucket,,,,,,,,,,,,,,,,,,,,,,,,,,,,,,,,Q3,,,,
UP,60,1,,313,0.5910543130990416,0.910814287959677,0.8078175895767095,5.271618813379405,3.9159273245655895,135,0.5851851851851851,0.6715677542589992,0.16121020546406312,5.173175396742122,3.8814142589656107,0.5030198446937014,0.46987951807228917,0.02060136236695478,-0.2691090470798077,0.08803446840534013,0.11530566711289597,0.8902129255927222,0.9406768013388069,ROBUST_POSITIVE,ctx_dist_ema50_atr_bucket,,,,,,,,,,,,,,,,,,,,,,,,,,,,,,,,Q4_HIGH,,,,
UP,60,1,,265,0.4716981132075472,-0.38455939296683866,0.031116430159026813,3.8497354349842756,4.904668714140757,114,0.39473684210526316,-0.5017054771300359,-0.2891785409030406,3.555438152211183,4.766585025955996,0.5030198446937014,0.46987951807228917,0.02060136236695478,-0.2691090470798077,-0.03132173148615425,-0.075142675967026,-0.4051607553337934,-0.23259643005022818,ROBUST_NEGATIVE,ctx_dist_donchian_high20_atr_bucket,,,,,,,,,,,,,,,,,,,,,,,,,,,,,,,,,Q1_LOW,,,
UP,60,1,,181,0.425414364640884,-1.007182779198741,-0.2885181550540229,3.591706417977072,5.344581082023835,78,0.4358974358974359,-0.6994274370673493,-0.5881078728438425,3.4926811898450287,4.735675439625104,0.5030198446937014,0.46987951807228917,0.02060136236695478,-0.2691090470798077,-0.07760548005281742,-0.03398208217485327,-1.0277841415656959,-0.4303183899875416,ROBUST_NEGATIVE,ctx_dist_donchian_low20_atr_bucket,,,,,,,,,,,,,,,,,,,,,,,,,,,,,,,,,,Q1_LOW,,
UP,60,1,,305,0.5409836065573771,0.3143976718946462,0.46849315068495484,4.646457460741454,4.188922748628892,132,0.5909090909090909,0.5663960702881004,-0.0957436531476629,4.976604311095374,3.9550041781241685,0.5030198446937014,0.46987951807228917,0.02060136236695478,-0.2691090470798077,0.03796376186367567,0.12102957283680177,0.2937963095276914,0.835505117367908,ROBUST_POSITIVE,ctx_dist_donchian_low20_atr_bucket,,,,,,,,,,,,,,,,,,,,,,,,,,,,,,,,,,Q4_HIGH,,
