timeframe,pattern_type,breakout_side,h1_color,h4_color,htf_alignment,horizon_minutes,sample_size,sample_status,success_rate,avg_return_atr,avg_mfe_atr,avg_mae_atr,avg_nearest_htf_obstacle_atr
H1,RANGE_BOX,DOWN,GREEN,RED,PARTIAL_OR_NONE,15,1,INSUFFICIENT_SAMPLE,0.0,-0.8602290497752171,0.2525880312359144,1.415446137303229,0.185866664494301
H1,RANGE_BOX,DOWN,GREEN,RED,PARTIAL_OR_NONE,30,1,INSUFFICIENT_SAMPLE,0.0,-0.8602290497752171,0.2525880312359144,1.415446137303229,0.185866664494301
H1,RANGE_BOX,DOWN,GREEN,RED,PARTIAL_OR_NONE,60,1,INSUFFICIENT_SAMPLE,0.0,-0.8602290497752171,0.2525880312359144,1.415446137303229,0.185866664494301
H1,RANGE_BOX,DOWN,GREEN,RED,PARTIAL_OR_NONE,180,1,INSUFFICIENT_SAMPLE,0.0,-2.394820484831242,0.2525880312359144,2.592601679100866,0.185866664494301
H1,RANGE_BOX,DOWN,RED,GREEN,PARTIAL_OR_NONE,15,4,INSUFFICIENT_SAMPLE,0.25,-0.07907770275116147,0.44598034386200286,0.48908168758474013,0.16210697759261128
H1,RANGE_BOX,DOWN,RED,GREEN,PARTIAL_OR_NONE,30,4,INSUFFICIENT_SAMPLE,0.25,-0.07907770275116147,0.44598034386200286,0.48908168758474013,0.16210697759261128
H1,RANGE_BOX,DOWN,RED,GREEN,PARTIAL_OR_NONE,60,4,INSUFFICIENT_SAMPLE,0.25,-0.07907770275116147,0.44598034386200286,0.48908168758474013,0.16210697759261128
H1,RANGE_BOX,DOWN,RED,GREEN,PARTIAL_OR_NONE,180,4,INSUFFICIENT_SAMPLE,0.0,-0.3431801979857493,0.44598034386200286,1.0317486973358654,0.16210697759261128
H1,RANGE_BOX,UP,GREEN,GREEN,FULL,15,4,INSUFFICIENT_SAMPLE,0.25,0.09425908387348333,0.26776121741832426,0.3455415158307407,
H1,RANGE_BOX,UP,GREEN,GREEN,FULL,30,4,INSUFFICIENT_SAMPLE,0.25,0.09425908387348333,0.26776121741832426,0.3455415158307407,
H1,RANGE_BOX,UP,GREEN,GREEN,FULL,60,4,INSUFFICIENT_SAMPLE,0.25,0.09425908387348333,0.26776121741832426,0.3455415158307407,
H1,RANGE_BOX,UP,GREEN,GREEN,FULL,180,4,INSUFFICIENT_SAMPLE,0.5,-0.6791457247858719,0.5705249134149566,1.1561469596496647,
H1,RANGE_BOX,UP,GREEN,RED,PARTIAL_OR_NONE,15,1,INSUFFICIENT_SAMPLE,0.0,-0.07434118774673194,0.09183323192241018,0.620967568237174,
H1,RANGE_BOX,UP,GREEN,RED,PARTIAL_OR_NONE,30,1,INSUFFICIENT_SAMPLE,0.0,-0.07434118774673194,0.09183323192241018,0.620967568237174,
H1,RANGE_BOX,UP,GREEN,RED,PARTIAL_OR_NONE,60,1,INSUFFICIENT_SAMPLE,0.0,-0.07434118774673194,0.09183323192241018,0.620967568237174,
H1,RANGE_BOX,UP,GREEN,RED,PARTIAL_OR_NONE,180,1,INSUFFICIENT_SAMPLE,1.0,3.1004648301417514,3.358472481733304,0.620967568237174,
H1,RANGE_BOX,UP,RED,RED,PARTIAL_OR_NONE,15,2,INSUFFICIENT_SAMPLE,0.5,0.31084047838979056,1.1973590082742096,0.6531275900433494,0.229217591414406
H1,RANGE_BOX,UP,RED,RED,PARTIAL_OR_NONE,30,2,INSUFFICIENT_SAMPLE,0.5,0.31084047838979056,1.1973590082742096,0.6531275900433494,0.229217591414406
H1,RANGE_BOX,UP,RED,RED,PARTIAL_OR_NONE,60,2,INSUFFICIENT_SAMPLE,0.5,0.31084047838979056,1.1973590082742096,0.6531275900433494,0.229217591414406
H1,RANGE_BOX,UP,RED,RED,PARTIAL_OR_NONE,180,2,INSUFFICIENT_SAMPLE,0.5,-0.037955806814876536,1.2845438520013372,1.675701755985406,0.229217591414406
H1,TRIANGLE_ASCENDING,DOWN,GREEN,GREEN,PARTIAL_OR_NONE,15,5,INSUFFICIENT_SAMPLE,0.0,-0.07087626358517994,0.19943196917659986,0.3330756569454366,0.35389662272755806
H1,TRIANGLE_ASCENDING,DOWN,GREEN,GREEN,PARTIAL_OR_NONE,30,5,INSUFFICIENT_SAMPLE,0.0,-0.07087626358517994,0.19943196917659986,0.3330756569454366,0.35389662272755806
H1,TRIANGLE_ASCENDING,DOWN,GREEN,GREEN,PARTIAL_OR_NONE,60,5,INSUFFICIENT_SAMPLE,0.0,-0.07087626358517994,0.19943196917659986,0.3330756569454366,0.35389662272755806
H1,TRIANGLE_ASCENDING,DOWN,GREEN,GREEN,PARTIAL_OR_NONE,180,5,INSUFFICIENT_SAMPLE,0.8,0.5451412676749733,0.8162714081060198,0.5525559616605589,0.35389662272755806
H1,TRIANGLE_ASCENDING,DOWN,GREEN,RED,PARTIAL_OR_NONE,15,2,INSUFFICIENT_SAMPLE,0.0,-0.0746415151856444,0.20492737459858762,0.36302065851776244,0.3563077323554652
H1,TRIANGLE_ASCENDING,DOWN,GREEN,RED,PARTIAL_OR_NONE,30,2,INSUFFICIENT_SAMPLE,0.0,-0.0746415151856444,0.20492737459858762,0.36302065851776244,0.3563077323554652
H1,TRIANGLE_ASCENDING,DOWN,GREEN,RED,PARTIAL_OR_NONE,60,2,INSUFFICIENT_SAMPLE,0.0,-0.0746415151856444,0.20492737459858762,0.36302065851776244,0.3563077323554652
H1,TRIANGLE_ASCENDING,DOWN,GREEN,RED,PARTIAL_OR_NONE,180,2,INSUFFICIENT_SAMPLE,0.5,-1.1564773028549857,0.372663099103526,1.4378332395899944,0.3563077323554652
H1,TRIANGLE_ASCENDING,DOWN,RED,GREEN,PARTIAL_OR_NONE,15,12,ADEQUATE,0.25,0.07239337817988205,0.42002959021036984,0.46499950048250765,0.5741087237747653
H1,TRIANGLE_ASCENDING,DOWN,RED,GREEN,PARTIAL_OR_NONE,30,12,ADEQUATE,0.25,0.07239337817988205,0.42002959021036984,0.46499950048250765,0.5741087237747653
H1,TRIANGLE_ASCENDING,DOWN,RED,GREEN,PARTIAL_OR_NONE,60,12,ADEQUATE,0.25,0.07239337817988205,0.42002959021036984,0.46499950048250765,0.5741087237747653
H1,TRIANGLE_ASCENDING,DOWN,RED,GREEN,PARTIAL_OR_NONE,180,12,ADEQUATE,0.4166666666666667,0.09189953031445308,0.7931675026855166,0.7997669602107539,0.5741087237747653
H1,TRIANGLE_ASCENDING,DOWN,RED,RED,FULL,15,4,INSUFFICIENT_SAMPLE,0.5,-0.4295601634846342,0.4176088369350237,0.7292340651021826,0.2491950646311246
H1,TRIANGLE_ASCENDING,DOWN,RED,RED,FULL,30,4,INSUFFICIENT_SAMPLE,0.5,-0.4295601634846342,0.4176088369350237,0.7292340651021826,0.2491950646311246
H1,TRIANGLE_ASCENDING,DOWN,RED,RED,FULL,60,4,INSUFFICIENT_SAMPLE,0.5,-0.4295601634846342,0.4176088369350237,0.7292340651021826,0.2491950646311246
H1,TRIANGLE_ASCENDING,DOWN,RED,RED,FULL,180,4,INSUFFICIENT_SAMPLE,0.0,-1.171341837792336,0.534569327297836,1.4271939080534217,0.2491950646311246
H1,TRIANGLE_ASCENDING,UP,GREEN,GREEN,FULL,15,7,INSUFFICIENT_SAMPLE,0.14285714285714285,-0.31588014189259345,0.2735214861289566,1.002770473791317,
H1,TRIANGLE_ASCENDING,UP,GREEN,GREEN,FULL,30,7,INSUFFICIENT_SAMPLE,0.14285714285714285,-0.31588014189259345,0.2735214861289566,1.002770473791317,
H1,TRIANGLE_ASCENDING,UP,GREEN,GREEN,FULL,60,7,INSUFFICIENT_SAMPLE,0.14285714285714285,-0.31588014189259345,0.2735214861289566,1.002770473791317,
H1,TRIANGLE_ASCENDING,UP,GREEN,GREEN,FULL,180,7,INSUFFICIENT_SAMPLE,0.42857142857142855,0.08635583629985503,1.0423092978868367,1.16397286231761,
H1,TRIANGLE_ASCENDING,UP,GREEN,RED,PARTIAL_OR_NONE,15,2,INSUFFICIENT_SAMPLE,0.5,0.4998509695805842,0.7281851301240174,0.23181523481109545,
H1,TRIANGLE_ASCENDING,UP,GREEN,RED,PARTIAL_OR_NONE,30,2,INSUFFICIENT_SAMPLE,0.5,0.4998509695805842,0.7281851301240174,0.23181523481109545,
H1,TRIANGLE_ASCENDING,UP,GREEN,RED,PARTIAL_OR_NONE,60,2,INSUFFICIENT_SAMPLE,0.5,0.4998509695805842,0.7281851301240174,0.23181523481109545,
H1,TRIANGLE_ASCENDING,UP,GREEN,RED,PARTIAL_OR_NONE,180,2,INSUFFICIENT_SAMPLE,0.5,0.975012694040505,1.085430203784255,0.23181523481109545,
H1,TRIANGLE_ASCENDING,UP,RED,GREEN,PARTIAL_OR_NONE,15,3,INSUFFICIENT_SAMPLE,0.6666666666666666,0.23322455201892603,0.6117600395167098,0.20674260746809425,
H1,TRIANGLE_ASCENDING,UP,RED,GREEN,PARTIAL_OR_NONE,30,3,INSUFFICIENT_SAMPLE,0.6666666666666666,0.23322455201892603,0.6117600395167098,0.20674260746809425,
H1,TRIANGLE_ASCENDING,UP,RED,GREEN,PARTIAL_OR_NONE,60,3,INSUFFICIENT_SAMPLE,0.6666666666666666,0.23322455201892603,0.6117600395167098,0.20674260746809425,
H1,TRIANGLE_ASCENDING,UP,RED,GREEN,PARTIAL_OR_NONE,180,3,INSUFFICIENT_SAMPLE,0.6666666666666666,0.8530318880363134,1.2022832005251398,0.32789386698787865,
H1,TRIANGLE_ASCENDING,UP,RED,RED,PARTIAL_OR_NONE,15,1,INSUFFICIENT_SAMPLE,0.0,-0.090991505387861,0.05361999424641149,0.5605726671216688,
H1,TRIANGLE_ASCENDING,UP,RED,RED,PARTIAL_OR_NONE,30,1,INSUFFICIENT_SAMPLE,0.0,-0.090991505387861,0.05361999424641149,0.5605726671216688,
H1,TRIANGLE_ASCENDING,UP,RED,RED,PARTIAL_OR_NONE,60,1,INSUFFICIENT_SAMPLE,0.0,-0.090991505387861,0.05361999424641149,0.5605726671216688,
H1,TRIANGLE_ASCENDING,UP,RED,RED,PARTIAL_OR_NONE,180,1,INSUFFICIENT_SAMPLE,0.0,0.5020781279438056,0.5833205434686893,1.2478835024621886,
H1,TRIANGLE_DESCENDING,DOWN,GREEN,GREEN,PARTIAL_OR_NONE,15,1,INSUFFICIENT_SAMPLE,0.0,-0.18298103457918047,0.3015798532878857,0.670930460123713,
H1,TRIANGLE_DESCENDING,DOWN,GREEN,GREEN,PARTIAL_OR_NONE,30,1,INSUFFICIENT_SAMPLE,0.0,-0.18298103457918047,0.3015798532878857,0.670930460123713,
H1,TRIANGLE_DESCENDING,DOWN,GREEN,GREEN,PARTIAL_OR_NONE,60,1,INSUFFICIENT_SAMPLE,0.0,-0.18298103457918047,0.3015798532878857,0.670930460123713,
H1,TRIANGLE_DESCENDING,DOWN,GREEN,GREEN,PARTIAL_OR_NONE,180,1,INSUFFICIENT_SAMPLE,0.0,-0.5760514051567335,0.3015798532878857,0.8877968714768644,
H1,TRIANGLE_DESCENDING,DOWN,GREEN,RED,PARTIAL_OR_NONE,15,3,INSUFFICIENT_SAMPLE,0.0,-0.25432191444848645,0.13477133090569995,0.592556525175846,
H1,TRIANGLE_DESCENDING,DOWN,GREEN,RED,PARTIAL_OR_NONE,30,3,INSUFFICIENT_SAMPLE,0.0,-0.25432191444848645,0.13477133090569995,0.592556525175846,
H1,TRIANGLE_DESCENDING,DOWN,GREEN,RED,PARTIAL_OR_NONE,60,3,INSUFFICIENT_SAMPLE,0.0,-0.25432191444848645,0.13477133090569995,0.592556525175846,
H1,TRIANGLE_DESCENDING,DOWN,GREEN,RED,PARTIAL_OR_NONE,180,3,INSUFFICIENT_SAMPLE,0.3333333333333333,-0.5077761274387317,0.3044040463801607,0.9157459166995657,
H1,TRIANGLE_DESCENDING,DOWN,RED,GREEN,PARTIAL_OR_NONE,15,1,INSUFFICIENT_SAMPLE,0.0,-0.7363169776823185,0.020173067881688506,0.7901118253668211,
H1,TRIANGLE_DESCENDING,DOWN,RED,GREEN,PARTIAL_OR_NONE,30,1,INSUFFICIENT_SAMPLE,0.0,-0.7363169776823185,0.020173067881688506,0.7901118253668211,
H1,TRIANGLE_DESCENDING,DOWN,RED,GREEN,PARTIAL_OR_NONE,60,1,INSUFFICIENT_SAMPLE,0.0,-0.7363169776823185,0.020173067881688506,0.7901118253668211,
H1,TRIANGLE_DESCENDING,DOWN,RED,GREEN,PARTIAL_OR_NONE,180,1,INSUFFICIENT_SAMPLE,0.0,-0.7295926217217557,0.020173067881688506,0.8203714271894303,
H1,TRIANGLE_DESCENDING,DOWN,RED,RED,FULL,15,4,INSUFFICIENT_SAMPLE,0.25,-0.27893622406969754,0.26234279181263576,0.5490076660027636,
H1,TRIANGLE_DESCENDING,DOWN,RED,RED,FULL,30,4,INSUFFICIENT_SAMPLE,0.25,-0.27893622406969754,0.26234279181263576,0.5490076660027636,
H1,TRIANGLE_DESCENDING,DOWN,RED,RED,FULL,60,4,INSUFFICIENT_SAMPLE,0.25,-0.27893622406969754,0.26234279181263576,0.5490076660027636,
H1,TRIANGLE_DESCENDING,DOWN,RED,RED,FULL,180,4,INSUFFICIENT_SAMPLE,0.25,-0.3776385935437405,0.28546873737853934,0.8826699126505639,
H1,TRIANGLE_DESCENDING,UP,GREEN,RED,PARTIAL_OR_NONE,15,8,INSUFFICIENT_SAMPLE,0.375,0.012090264379359852,0.3452632576380038,0.32452595001031126,0.15851726858006276
H1,TRIANGLE_DESCENDING,UP,GREEN,RED,PARTIAL_OR_NONE,30,8,INSUFFICIENT_SAMPLE,0.375,0.012090264379359852,0.3452632576380038,0.32452595001031126,0.15851726858006276
H1,TRIANGLE_DESCENDING,UP,GREEN,RED,PARTIAL_OR_NONE,60,8,INSUFFICIENT_SAMPLE,0.375,0.012090264379359852,0.3452632576380038,0.32452595001031126,0.15851726858006276
H1,TRIANGLE_DESCENDING,UP,GREEN,RED,PARTIAL_OR_NONE,180,8,INSUFFICIENT_SAMPLE,0.375,0.3172680030662458,0.7580445143975809,0.6355626169462232,0.15851726858006276
H1,TRIANGLE_DESCENDING,UP,RED,GREEN,PARTIAL_OR_NONE,15,1,INSUFFICIENT_SAMPLE,0.0,-0.041535214649119204,0.04372127857796789,0.5093528954337733,
H1,TRIANGLE_DESCENDING,UP,RED,GREEN,PARTIAL_OR_NONE,30,1,INSUFFICIENT_SAMPLE,0.0,-0.041535214649119204,0.04372127857796789,0.5093528954337733,
H1,TRIANGLE_DESCENDING,UP,RED,GREEN,PARTIAL_OR_NONE,60,1,INSUFFICIENT_SAMPLE,0.0,-0.041535214649119204,0.04372127857796789,0.5093528954337733,
H1,TRIANGLE_DESCENDING,UP,RED,GREEN,PARTIAL_OR_NONE,180,1,INSUFFICIENT_SAMPLE,1.0,1.9674575360103446,1.998062431014922,0.5093528954337733,
H1,TRIANGLE_DESCENDING,UP,RED,RED,PARTIAL_OR_NONE,15,7,INSUFFICIENT_SAMPLE,0.2857142857142857,-0.19999557736396273,0.3394222705278695,0.4818884778252758,0.2373815463844558
H1,TRIANGLE_DESCENDING,UP,RED,RED,PARTIAL_OR_NONE,30,7,INSUFFICIENT_SAMPLE,0.2857142857142857,-0.19999557736396273,0.3394222705278695,0.4818884778252758,0.2373815463844558
H1,TRIANGLE_DESCENDING,UP,RED,RED,PARTIAL_OR_NONE,60,7,INSUFFICIENT_SAMPLE,0.2857142857142857,-0.19999557736396273,0.3394222705278695,0.4818884778252758,0.2373815463844558
H1,TRIANGLE_DESCENDING,UP,RED,RED,PARTIAL_OR_NONE,180,7,INSUFFICIENT_SAMPLE,0.2857142857142857,-0.24681946021216297,0.5591406933120981,0.8531803920845417,0.2373815463844558
H1,TRIANGLE_SYMMETRIC,DOWN,GREEN,GREEN,PARTIAL_OR_NONE,15,4,INSUFFICIENT_SAMPLE,0.25,-0.03396066762295712,0.3331651307876101,0.22140296662389725,0.384538810252606
H1,TRIANGLE_SYMMETRIC,DOWN,GREEN,GREEN,PARTIAL_OR_NONE,30,4,INSUFFICIENT_SAMPLE,0.25,-0.03396066762295712,0.3331651307876101,0.22140296662389725,0.384538810252606
H1,TRIANGLE_SYMMETRIC,DOWN,GREEN,GREEN,PARTIAL_OR_NONE,60,4,INSUFFICIENT_SAMPLE,0.25,-0.03396066762295712,0.3331651307876101,0.22140296662389725,0.384538810252606
H1,TRIANGLE_SYMMETRIC,DOWN,GREEN,GREEN,PARTIAL_OR_NONE,180,4,INSUFFICIENT_SAMPLE,0.75,0.5264651021251374,0.9415084794008544,0.4243152774095032,0.384538810252606
H1,TRIANGLE_SYMMETRIC,DOWN,GREEN,RED,PARTIAL_OR_NONE,15,4,INSUFFICIENT_SAMPLE,0.0,0.052168324457022394,0.2734623045332546,0.12368242630027815,0.25714661789812465
H1,TRIANGLE_SYMMETRIC,DOWN,GREEN,RED,PARTIAL_OR_NONE,30,4,INSUFFICIENT_SAMPLE,0.0,0.052168324457022394,0.2734623045332546,0.12368242630027815,0.25714661789812465
H1,TRIANGLE_SYMMETRIC,DOWN,GREEN,RED,PARTIAL_OR_NONE,60,4,INSUFFICIENT_SAMPLE,0.0,0.052168324457022394,0.2734623045332546,0.12368242630027815,0.25714661789812465
H1,TRIANGLE_SYMMETRIC,DOWN,GREEN,RED,PARTIAL_OR_NONE,180,4,INSUFFICIENT_SAMPLE,0.75,-0.05117337070850375,0.5809097626323213,0.3256293924107293,0.25714661789812465
H1,TRIANGLE_SYMMETRIC,DOWN,RED,GREEN,PARTIAL_OR_NONE,15,7,INSUFFICIENT_SAMPLE,0.14285714285714285,-0.45907178820028266,0.0895697606078674,0.6159463802283521,0.41057689258121527
H1,TRIANGLE_SYMMETRIC,DOWN,RED,GREEN,PARTIAL_OR_NONE,30,7,INSUFFICIENT_SAMPLE,0.14285714285714285,-0.45907178820028266,0.0895697606078674,0.6159463802283521,0.41057689258121527
H1,TRIANGLE_SYMMETRIC,DOWN,RED,GREEN,PARTIAL_OR_NONE,60,7,INSUFFICIENT_SAMPLE,0.14285714285714285,-0.45907178820028266,0.0895697606078674,0.6159463802283521,0.41057689258121527
H1,TRIANGLE_SYMMETRIC,DOWN,RED,GREEN,PARTIAL_OR_NONE,180,7,INSUFFICIENT_SAMPLE,0.5714285714285714,0.2124906189679686,0.7541785424575478,0.830794239221108,0.41057689258121527
H1,TRIANGLE_SYMMETRIC,DOWN,RED,RED,FULL,15,11,ADEQUATE,0.18181818181818182,-0.04109113833531194,0.3107435682508562,0.412891731053335,0.26392296116213587
H1,TRIANGLE_SYMMETRIC,DOWN,RED,RED,FULL,30,11,ADEQUATE,0.18181818181818182,-0.04109113833531194,0.3107435682508562,0.412891731053335,0.26392296116213587
H1,TRIANGLE_SYMMETRIC,DOWN,RED,RED,FULL,60,11,ADEQUATE,0.18181818181818182,-0.04109113833531194,0.3107435682508562,0.412891731053335,0.26392296116213587
H1,TRIANGLE_SYMMETRIC,DOWN,RED,RED,FULL,180,11,ADEQUATE,0.45454545454545453,-0.042442438257424685,0.7847326152240254,0.6210771553373609,0.26392296116213587
H1,TRIANGLE_SYMMETRIC,UP,GREEN,GREEN,FULL,15,10,ADEQUATE,0.1,-0.03614096379730129,0.2429456600738072,0.2827996185998558,0.15754010206069172
H1,TRIANGLE_SYMMETRIC,UP,GREEN,GREEN,FULL,30,10,ADEQUATE,0.1,-0.03614096379730129,0.2429456600738072,0.2827996185998558,0.15754010206069172
H1,TRIANGLE_SYMMETRIC,UP,GREEN,GREEN,FULL,60,10,ADEQUATE,0.1,-0.03614096379730129,0.2429456600738072,0.2827996185998558,0.15754010206069172
H1,TRIANGLE_SYMMETRIC,UP,GREEN,GREEN,FULL,180,10,ADEQUATE,0.4,0.07348271904989329,0.8996382019842084,0.768200083969522,0.15754010206069172
H1,TRIANGLE_SYMMETRIC,UP,GREEN,RED,PARTIAL_OR_NONE,15,11,ADEQUATE,0.09090909090909091,0.006470555113857695,0.326962060717583,0.25016963228556416,0.2273433247823362
H1,TRIANGLE_SYMMETRIC,UP,GREEN,RED,PARTIAL_OR_NONE,30,11,ADEQUATE,0.09090909090909091,0.006470555113857695,0.326962060717583,0.25016963228556416,0.2273433247823362
H1,TRIANGLE_SYMMETRIC,UP,GREEN,RED,PARTIAL_OR_NONE,60,11,ADEQUATE,0.09090909090909091,0.006470555113857695,0.326962060717583,0.25016963228556416,0.2273433247823362
H1,TRIANGLE_SYMMETRIC,UP,GREEN,RED,PARTIAL_OR_NONE,180,11,ADEQUATE,0.6363636363636364,0.31984296364528036,0.8799581385487614,0.5180684233161522,0.2273433247823362
H1,TRIANGLE_SYMMETRIC,UP,RED,GREEN,PARTIAL_OR_NONE,15,9,INSUFFICIENT_SAMPLE,0.2222222222222222,-0.13854079344734793,0.41230102610106933,0.5285120110101823,0.1956157250452276
H1,TRIANGLE_SYMMETRIC,UP,RED,GREEN,PARTIAL_OR_NONE,30,9,INSUFFICIENT_SAMPLE,0.2222222222222222,-0.13854079344734793,0.41230102610106933,0.5285120110101823,0.1956157250452276
H1,TRIANGLE_SYMMETRIC,UP,RED,GREEN,PARTIAL_OR_NONE,60,9,INSUFFICIENT_SAMPLE,0.2222222222222222,-0.13854079344734793,0.41230102610106933,0.5285120110101823,0.1956157250452276
H1,TRIANGLE_SYMMETRIC,UP,RED,GREEN,PARTIAL_OR_NONE,180,9,INSUFFICIENT_SAMPLE,0.2222222222222222,-0.468164786356905,0.5338368888467822,0.9476259153638202,0.1956157250452276
H1,TRIANGLE_SYMMETRIC,UP,RED,RED,PARTIAL_OR_NONE,15,8,INSUFFICIENT_SAMPLE,0.125,-0.07062528555450451,0.2788140232221367,0.48427579795219033,0.22651772324810124
H1,TRIANGLE_SYMMETRIC,UP,RED,RED,PARTIAL_OR_NONE,30,8,INSUFFICIENT_SAMPLE,0.125,-0.07062528555450451,0.2788140232221367,0.48427579795219033,0.22651772324810124
H1,TRIANGLE_SYMMETRIC,UP,RED,RED,PARTIAL_OR_NONE,60,8,INSUFFICIENT_SAMPLE,0.125,-0.07062528555450451,0.2788140232221367,0.48427579795219033,0.22651772324810124
H1,TRIANGLE_SYMMETRIC,UP,RED,RED,PARTIAL_OR_NONE,180,8,INSUFFICIENT_SAMPLE,0.5,0.2800606639529275,0.6866702003539048,0.6737928014694843,0.22651772324810124
M15,RANGE_BOX,DOWN,GREEN,GREEN,PARTIAL_OR_NONE,15,1,INSUFFICIENT_SAMPLE,1.0,-0.021838583595976672,0.6464220744405255,0.17470866876768096,4.817591541269554
M15,RANGE_BOX,DOWN,GREEN,GREEN,PARTIAL_OR_NONE,30,1,INSUFFICIENT_SAMPLE,0.0,-1.2229606813739653,0.6464220744405255,1.4719205343679538,4.817591541269554
M15,RANGE_BOX,DOWN,GREEN,GREEN,PARTIAL_OR_NONE,60,1,INSUFFICIENT_SAMPLE,1.0,1.8402646443531665,3.1025347761998634,1.5447158130211651,4.817591541269554
M15,RANGE_BOX,DOWN,GREEN,GREEN,PARTIAL_OR_NONE,180,1,INSUFFICIENT_SAMPLE,1.0,-0.573626795787314,3.1025347761998634,1.5447158130211651,4.817591541269554
M15,RANGE_BOX,DOWN,RED,GREEN,PARTIAL_OR_NONE,15,2,INSUFFICIENT_SAMPLE,0.0,-0.8860869934653747,0.03366845389657529,1.1625423592915212,2.331108304742247
M15,RANGE_BOX,DOWN,RED,GREEN,PARTIAL_OR_NONE,30,2,INSUFFICIENT_SAMPLE,0.0,-0.8657726856124016,0.25581497128100494,1.5245203805658134,2.331108304742247
M15,RANGE_BOX,DOWN,RED,GREEN,PARTIAL_OR_NONE,60,2,INSUFFICIENT_SAMPLE,0.5,-0.46690953710262295,0.8087977184182032,1.9628072820006999,2.331108304742247
M15,RANGE_BOX,DOWN,RED,GREEN,PARTIAL_OR_NONE,180,2,INSUFFICIENT_SAMPLE,0.5,0.31831429580569887,1.2147473019089947,1.9628072820006999,2.331108304742247
M15,RANGE_BOX,DOWN,RED,RED,FULL,15,2,INSUFFICIENT_SAMPLE,1.0,0.7051606230906393,0.9740662697130256,0.15480983421965624,1.4894913265907084
M15,RANGE_BOX,DOWN,RED,RED,FULL,30,2,INSUFFICIENT_SAMPLE,1.0,0.79981334230117,1.2686787948815885,0.15480983421965624,1.4894913265907084
M15,RANGE_BOX,DOWN,RED,RED,FULL,60,2,INSUFFICIENT_SAMPLE,1.0,1.9323515124209503,2.277122885820746,0.15480983421965624,1.4894913265907084
M15,RANGE_BOX,DOWN,RED,RED,FULL,180,2,INSUFFICIENT_SAMPLE,1.0,0.7956897371958163,3.1566585829272444,0.15480983421965624,1.4894913265907084
M15,RANGE_BOX,UP,GREEN,GREEN,FULL,15,5,INSUFFICIENT_SAMPLE,0.0,-0.40178046414420965,0.18558811524721347,0.6046816768478305,0.5190109557804301
M15,RANGE_BOX,UP,GREEN,GREEN,FULL,30,5,INSUFFICIENT_SAMPLE,0.2,-0.4071920742052214,0.25188669968145677,0.8452973180404036,0.5190109557804301
M15,RANGE_BOX,UP,GREEN,GREEN,FULL,60,5,INSUFFICIENT_SAMPLE,0.2,-0.3498373537470038,0.26129393125658745,0.904439886065977,0.5190109557804301
M15,RANGE_BOX,UP,GREEN,GREEN,FULL,180,5,INSUFFICIENT_SAMPLE,0.4,-0.3824107696764928,0.8195977911649353,1.2814875973568876,0.5190109557804301
M15,RANGE_BOX,UP,GREEN,RED,PARTIAL_OR_NONE,15,4,INSUFFICIENT_SAMPLE,0.25,-0.06687243891572403,0.5470848757695299,0.7477954185679196,1.078221899359578
M15,RANGE_BOX,UP,GREEN,RED,PARTIAL_OR_NONE,30,4,INSUFFICIENT_SAMPLE,0.5,0.9951130643669212,1.46774241506589,0.8377942958247604,1.078221899359578
M15,RANGE_BOX,UP,GREEN,RED,PARTIAL_OR_NONE,60,4,INSUFFICIENT_SAMPLE,0.5,0.3969653471192568,1.7014106978030736,0.9555526863105432,1.078221899359578
M15,RANGE_BOX,UP,GREEN,RED,PARTIAL_OR_NONE,180,4,INSUFFICIENT_SAMPLE,0.5,1.5603489823324497,3.111476923575011,1.2938099181899472,1.078221899359578
M15,RANGE_BOX,UP,RED,GREEN,PARTIAL_OR_NONE,15,5,INSUFFICIENT_SAMPLE,0.4,-0.21081295854031148,0.32307575524259347,0.6467614762428086,0.3931796210775917
M15,RANGE_BOX,UP,RED,GREEN,PARTIAL_OR_NONE,30,5,INSUFFICIENT_SAMPLE,0.6,-0.028044902455084942,0.6316789397608196,0.853876435357529,0.3931796210775917
M15,RANGE_BOX,UP,RED,GREEN,PARTIAL_OR_NONE,60,5,INSUFFICIENT_SAMPLE,0.6,-0.08474343269284579,0.8487980750205842,1.0506169092550393,0.3931796210775917
M15,RANGE_BOX,UP,RED,GREEN,PARTIAL_OR_NONE,180,5,INSUFFICIENT_SAMPLE,0.4,-2.3015459169758694,1.2453840082518242,3.6196665739028324,0.3931796210775917
M15,RANGE_BOX,UP,RED,RED,PARTIAL_OR_NONE,15,3,INSUFFICIENT_SAMPLE,0.0,-0.5862879849062108,0.08503770752757543,0.768838390448944,1.0823432456543143
M15,RANGE_BOX,UP,RED,RED,PARTIAL_OR_NONE,30,3,INSUFFICIENT_SAMPLE,0.0,-0.4529968789959884,0.16354545113478755,0.9171769985830607,1.0823432456543143
M15,RANGE_BOX,UP,RED,RED,PARTIAL_OR_NONE,60,3,INSUFFICIENT_SAMPLE,0.0,-0.5584610908806028,0.16354545113478755,1.5539033782213503,1.0823432456543143
M15,RANGE_BOX,UP,RED,RED,PARTIAL_OR_NONE,180,3,INSUFFICIENT_SAMPLE,0.6666666666666666,0.6216415491618538,1.7609009682190668,2.3105777542167907,1.0823432456543143
M15,TRIANGLE_ASCENDING,DOWN,GREEN,DOJI,PARTIAL_OR_NONE,15,1,INSUFFICIENT_SAMPLE,0.0,-0.015071501611307122,0.4370735467282492,0.3353409108518405,0.8025574608028753
M15,TRIANGLE_ASCENDING,DOWN,GREEN,DOJI,PARTIAL_OR_NONE,30,1,INSUFFICIENT_SAMPLE,0.0,-0.2562155273923924,0.4370735467282492,0.5237346809933509,0.8025574608028753
M15,TRIANGLE_ASCENDING,DOWN,GREEN,DOJI,PARTIAL_OR_NONE,60,1,INSUFFICIENT_SAMPLE,1.0,0.3730196648801083,0.9344330999018983,0.5237346809933509,0.8025574608028753
M15,TRIANGLE_ASCENDING,DOWN,GREEN,DOJI,PARTIAL_OR_NONE,180,1,INSUFFICIENT_SAMPLE,1.0,0.6141636906613649,3.3797842363386206,0.5237346809933509,0.8025574608028753
M15,TRIANGLE_ASCENDING,DOWN,GREEN,GREEN,PARTIAL_OR_NONE,15,33,ADEQUATE,0.12121212121212122,-0.09877958402533632,0.3280507739288945,0.4470658158331227,0.9115109476913289
M15,TRIANGLE_ASCENDING,DOWN,GREEN,GREEN,PARTIAL_OR_NONE,30,33,ADEQUATE,0.30303030303030304,-0.15846369185278458,0.46252004097553223,0.5833088774395814,0.9115109476913289
M15,TRIANGLE_ASCENDING,DOWN,GREEN,GREEN,PARTIAL_OR_NONE,60,33,ADEQUATE,0.36363636363636365,-0.12447912283260402,0.6440977694494325,0.8866633713975229,0.9115109476913289
M15,TRIANGLE_ASCENDING,DOWN,GREEN,GREEN,PARTIAL_OR_NONE,180,33,ADEQUATE,0.3939393939393939,-0.061739515056062844,1.8121969949203518,1.7867403203919283,0.9115109476913289
M15,TRIANGLE_ASCENDING,DOWN,GREEN,RED,PARTIAL_OR_NONE,15,35,ADEQUATE,0.14285714285714285,-0.2158405452486905,0.28115278587467585,0.4368316747121086,0.7499367757739286
M15,TRIANGLE_ASCENDING,DOWN,GREEN,RED,PARTIAL_OR_NONE,30,35,ADEQUATE,0.2,-0.3062394000524935,0.4529954375731905,0.7156606354606452,0.7499367757739286
M15,TRIANGLE_ASCENDING,DOWN,GREEN,RED,PARTIAL_OR_NONE,60,35,ADEQUATE,0.2857142857142857,-0.2818052059903281,0.760759777902571,1.0442905990669427,0.7499367757739286
M15,TRIANGLE_ASCENDING,DOWN,GREEN,RED,PARTIAL_OR_NONE,180,35,ADEQUATE,0.3142857142857143,-1.0448385823200361,1.0961714079260534,1.907300735953755,0.7499367757739286
M15,TRIANGLE_ASCENDING,DOWN,RED,GREEN,PARTIAL_OR_NONE,15,4,INSUFFICIENT_SAMPLE,0.5,-0.00018100124202267281,0.4940993430784136,0.27376422253064003,2.242704217331644
M15,TRIANGLE_ASCENDING,DOWN,RED,GREEN,PARTIAL_OR_NONE,30,4,INSUFFICIENT_SAMPLE,0.5,0.17707171330568822,0.6482108642954467,0.4009534297290607,2.242704217331644
M15,TRIANGLE_ASCENDING,DOWN,RED,GREEN,PARTIAL_OR_NONE,60,4,INSUFFICIENT_SAMPLE,0.25,-0.4150373607925411,1.0817626838648513,0.9276640954994759,2.242704217331644
M15,TRIANGLE_ASCENDING,DOWN,RED,GREEN,PARTIAL_OR_NONE,180,4,INSUFFICIENT_SAMPLE,0.25,-0.9002791765741773,1.5927489088610338,2.427438611847698,2.242704217331644
M15,TRIANGLE_ASCENDING,DOWN,RED,RED,FULL,15,9,INSUFFICIENT_SAMPLE,0.3333333333333333,-0.05596362328643714,0.4075536231149062,0.3892282572902263,0.6185448575910742
M15,TRIANGLE_ASCENDING,DOWN,RED,RED,FULL,30,9,INSUFFICIENT_SAMPLE,0.5555555555555556,0.18806266286848217,0.7060668906917873,0.4759837432766022,0.6185448575910742
M15,TRIANGLE_ASCENDING,DOWN,RED,RED,FULL,60,9,INSUFFICIENT_SAMPLE,0.6666666666666666,0.3723255673235403,0.9927147378557785,0.6088028446187274,0.6185448575910742
M15,TRIANGLE_ASCENDING,DOWN,RED,RED,FULL,180,9,INSUFFICIENT_SAMPLE,0.3333333333333333,-1.298927525767648,1.4153945210064198,2.4631770006193054,0.6185448575910742
M15,TRIANGLE_ASCENDING,UP,GREEN,GREEN,FULL,15,18,ADEQUATE,0.3333333333333333,0.14136430871472955,0.3292854182877902,0.30274487465764743,0.5618951960518237
M15,TRIANGLE_ASCENDING,UP,GREEN,GREEN,FULL,30,18,ADEQUATE,0.3888888888888889,-0.0760445266450627,0.4001488672982471,0.48375203382430765,0.5618951960518237
M15,TRIANGLE_ASCENDING,UP,GREEN,GREEN,FULL,60,18,ADEQUATE,0.3888888888888889,0.005857686680674897,0.8274370199217158,0.665080445031072,0.5618951960518237
M15,TRIANGLE_ASCENDING,UP,GREEN,GREEN,FULL,180,18,ADEQUATE,0.5555555555555556,0.762520719826604,2.213375397619714,1.103575860753089,0.5618951960518237
M15,TRIANGLE_ASCENDING,UP,GREEN,RED,PARTIAL_OR_NONE,15,21,ADEQUATE,0.14285714285714285,0.016849306500337072,0.39906283260620523,0.40953477533392124,1.9898478029457403
M15,TRIANGLE_ASCENDING,UP,GREEN,RED,PARTIAL_OR_NONE,30,21,ADEQUATE,0.2857142857142857,0.17291502907543743,0.7498626265549138,0.7060778109166604,1.9898478029457403
M15,TRIANGLE_ASCENDING,UP,GREEN,RED,PARTIAL_OR_NONE,60,21,ADEQUATE,0.42857142857142855,0.1573964112317047,1.0271164554607106,1.0236629780630093,1.9898478029457403
M15,TRIANGLE_ASCENDING,UP,GREEN,RED,PARTIAL_OR_NONE,180,21,ADEQUATE,0.5238095238095238,0.7573208352125702,2.066684893965999,1.6210120261941758,1.9898478029457403
M15,TRIANGLE_ASCENDING,UP,RED,GREEN,PARTIAL_OR_NONE,15,7,INSUFFICIENT_SAMPLE,0.42857142857142855,0.17287041452417226,0.46448581880554635,0.30889109545908594,1.613720155035179
M15,TRIANGLE_ASCENDING,UP,RED,GREEN,PARTIAL_OR_NONE,30,7,INSUFFICIENT_SAMPLE,0.42857142857142855,0.1177712002720868,0.543303394660426,0.31386278370782944,1.613720155035179
M15,TRIANGLE_ASCENDING,UP,RED,GREEN,PARTIAL_OR_NONE,60,7,INSUFFICIENT_SAMPLE,0.5714285714285714,0.0871852380131729,0.7507075102426474,0.7693311481795311,1.613720155035179
M15,TRIANGLE_ASCENDING,UP,RED,GREEN,PARTIAL_OR_NONE,180,7,INSUFFICIENT_SAMPLE,0.2857142857142857,-0.3672420979756014,1.7181669499311885,1.461795706233275,1.613720155035179
M15,TRIANGLE_ASCENDING,UP,RED,RED,PARTIAL_OR_NONE,15,3,INSUFFICIENT_SAMPLE,0.6666666666666666,0.3782331704771517,0.6256744273458422,0.24698654330685854,2.6838669516390263
M15,TRIANGLE_ASCENDING,UP,RED,RED,PARTIAL_OR_NONE,30,3,INSUFFICIENT_SAMPLE,0.6666666666666666,0.9561309958159522,1.1570686000481165,0.24698654330685854,2.6838669516390263
M15,TRIANGLE_ASCENDING,UP,RED,RED,PARTIAL_OR_NONE,60,3,INSUFFICIENT_SAMPLE,0.6666666666666666,0.3232069483645243,1.4821412609540527,0.24698654330685854,2.6838669516390263
M15,TRIANGLE_ASCENDING,UP,RED,RED,PARTIAL_OR_NONE,180,3,INSUFFICIENT_SAMPLE,0.6666666666666666,1.1999073554441877,2.1788805378731197,1.3951877138049167,2.6838669516390263
M15,TRIANGLE_DESCENDING,DOWN,GREEN,GREEN,PARTIAL_OR_NONE,15,3,INSUFFICIENT_SAMPLE,0.3333333333333333,0.19857121568847166,0.4519633431764524,0.2344355882049949,2.6911572259002092
M15,TRIANGLE_DESCENDING,DOWN,GREEN,GREEN,PARTIAL_OR_NONE,30,3,INSUFFICIENT_SAMPLE,0.6666666666666666,0.1627266286482004,0.588544660158233,0.3131269911762301,2.6911572259002092
M15,TRIANGLE_DESCENDING,DOWN,GREEN,GREEN,PARTIAL_OR_NONE,60,3,INSUFFICIENT_SAMPLE,0.6666666666666666,0.1383812563133929,0.588544660158233,0.3131269911762301,2.6911572259002092
M15,TRIANGLE_DESCENDING,DOWN,GREEN,GREEN,PARTIAL_OR_NONE,180,3,INSUFFICIENT_SAMPLE,0.0,-1.5639820625945957,0.5975154050032544,1.724440488754616,2.6911572259002092
M15,TRIANGLE_DESCENDING,DOWN,GREEN,RED,PARTIAL_OR_NONE,15,2,INSUFFICIENT_SAMPLE,0.0,-0.31935439237343044,0.06978127436767602,0.5092471627246704,0.09254116537408581
M15,TRIANGLE_DESCENDING,DOWN,GREEN,RED,PARTIAL_OR_NONE,30,2,INSUFFICIENT_SAMPLE,0.5,0.6133144472711481,0.7343087984579348,0.5092471627246704,0.09254116537408581
M15,TRIANGLE_DESCENDING,DOWN,GREEN,RED,PARTIAL_OR_NONE,60,2,INSUFFICIENT_SAMPLE,1.0,0.021417751546130126,1.1798018554590781,0.5641934796655216,0.09254116537408581
M15,TRIANGLE_DESCENDING,DOWN,GREEN,RED,PARTIAL_OR_NONE,180,2,INSUFFICIENT_SAMPLE,0.5,0.06766009595290345,2.0208115540118974,1.499990932426587,0.09254116537408581
M15,TRIANGLE_DESCENDING,DOWN,RED,GREEN,PARTIAL_OR_NONE,15,7,INSUFFICIENT_SAMPLE,0.2857142857142857,-0.03255131668110605,0.3207522368432931,0.3794085494791545,1.885418880230943
M15,TRIANGLE_DESCENDING,DOWN,RED,GREEN,PARTIAL_OR_NONE,30,7,INSUFFICIENT_SAMPLE,0.42857142857142855,0.14480873339900674,0.5072574781273381,0.45915159064198985,1.885418880230943
M15,TRIANGLE_DESCENDING,DOWN,RED,GREEN,PARTIAL_OR_NONE,60,7,INSUFFICIENT_SAMPLE,0.42857142857142855,0.16406288497703522,0.7037923782759172,0.5666845814134096,1.885418880230943
M15,TRIANGLE_DESCENDING,DOWN,RED,GREEN,PARTIAL_OR_NONE,180,7,INSUFFICIENT_SAMPLE,0.42857142857142855,0.37784093823363835,1.551806287800988,1.2639343420019746,1.885418880230943
M15,TRIANGLE_DESCENDING,DOWN,RED,RED,FULL,15,7,INSUFFICIENT_SAMPLE,0.14285714285714285,-0.2675272247456914,0.25331930822199106,0.5566514421591603,0.6560523828776639
M15,TRIANGLE_DESCENDING,DOWN,RED,RED,FULL,30,7,INSUFFICIENT_SAMPLE,0.14285714285714285,-0.6783987533578649,0.2781953128878825,1.0006028144582884,0.6560523828776639
M15,TRIANGLE_DESCENDING,DOWN,RED,RED,FULL,60,7,INSUFFICIENT_SAMPLE,0.14285714285714285,-0.9012695287986549,0.38687827912760747,1.6496698710622166,0.6560523828776639
M15,TRIANGLE_DESCENDING,DOWN,RED,RED,FULL,180,7,INSUFFICIENT_SAMPLE,0.14285714285714285,-1.4164251095213651,0.9207260779613013,3.3822781989611106,0.6560523828776639
M15,TRIANGLE_DESCENDING,UP,GREEN,GREEN,FULL,15,4,INSUFFICIENT_SAMPLE,0.0,-0.4294289127122655,0.1404424503365887,0.6437388268183415,0.7907354371855837
M15,TRIANGLE_DESCENDING,UP,GREEN,GREEN,FULL,30,4,INSUFFICIENT_SAMPLE,0.0,-0.2817535955494445,0.15121504134036326,0.7891998366868684,0.7907354371855837
M15,TRIANGLE_DESCENDING,UP,GREEN,GREEN,FULL,60,4,INSUFFICIENT_SAMPLE,0.25,-0.5992083822139584,0.5129874999422432,1.2567067443483002,0.7907354371855837
M15,TRIANGLE_DESCENDING,UP,GREEN,GREEN,FULL,180,4,INSUFFICIENT_SAMPLE,0.25,1.8500435669985063,2.442045882471256,1.3967504273973042,0.7907354371855837
M15,TRIANGLE_DESCENDING,UP,GREEN,RED,PARTIAL_OR_NONE,15,4,INSUFFICIENT_SAMPLE,0.0,-0.06557435544459918,0.26177485606950157,0.31508178202494563,0.3793684835039697
M15,TRIANGLE_DESCENDING,UP,GREEN,RED,PARTIAL_OR_NONE,30,4,INSUFFICIENT_SAMPLE,0.0,-0.42178316070031396,0.3060063646514183,0.6946146614436377,0.3793684835039697
M15,TRIANGLE_DESCENDING,UP,GREEN,RED,PARTIAL_OR_NONE,60,4,INSUFFICIENT_SAMPLE,0.0,-0.49942693437280516,0.3194103310221445,1.1219726522286169,0.3793684835039697
M15,TRIANGLE_DESCENDING,UP,GREEN,RED,PARTIAL_OR_NONE,180,4,INSUFFICIENT_SAMPLE,0.25,0.2840563340532969,1.5295269287978523,1.680353468993197,0.3793684835039697
M15,TRIANGLE_DESCENDING,UP,RED,GREEN,PARTIAL_OR_NONE,15,28,ADEQUATE,0.21428571428571427,-0.015774752427303168,0.31570161677167263,0.34685816576683653,0.6268494885623669
M15,TRIANGLE_DESCENDING,UP,RED,GREEN,PARTIAL_OR_NONE,30,28,ADEQUATE,0.39285714285714285,-0.022434835988870607,0.48619365850374513,0.4965689620522636,0.6268494885623669
M15,TRIANGLE_DESCENDING,UP,RED,GREEN,PARTIAL_OR_NONE,60,28,ADEQUATE,0.5357142857142857,0.21570597098372982,0.8012604642957485,0.6775899337083098,0.6268494885623669
M15,TRIANGLE_DESCENDING,UP,RED,GREEN,PARTIAL_OR_NONE,180,28,ADEQUATE,0.5,-0.0036187866611112223,1.4382676773632492,1.5660910864892927,0.6268494885623669
M15,TRIANGLE_DESCENDING,UP,RED,RED,PARTIAL_OR_NONE,15,16,ADEQUATE,0.375,0.20647353889723902,0.4323976351483999,0.25126757963291063,0.3782499695053243
M15,TRIANGLE_DESCENDING,UP,RED,RED,PARTIAL_OR_NONE,30,16,ADEQUATE,0.5,-0.02171222542719984,0.5373783411827264,0.6342634906365948,0.3782499695053243
M15,TRIANGLE_DESCENDING,UP,RED,RED,PARTIAL_OR_NONE,60,16,ADEQUATE,0.3125,-0.06357340165773329,0.6659631750119583,0.9349652845938261,0.3782499695053243
M15,TRIANGLE_DESCENDING,UP,RED,RED,PARTIAL_OR_NONE,180,16,ADEQUATE,0.5625,0.253801355128194,1.7458665265482236,1.7751621410487592,0.3782499695053243
M15,TRIANGLE_SYMMETRIC,DOWN,GREEN,GREEN,PARTIAL_OR_NONE,15,5,INSUFFICIENT_SAMPLE,0.4,0.06714434049499167,0.5659613214024991,0.4064103908597037,1.7316898147141793
M15,TRIANGLE_SYMMETRIC,DOWN,GREEN,GREEN,PARTIAL_OR_NONE,30,5,INSUFFICIENT_SAMPLE,0.6,0.047635772171566414,0.7307060306849714,0.49591532257749515,1.7316898147141793
M15,TRIANGLE_SYMMETRIC,DOWN,GREEN,GREEN,PARTIAL_OR_NONE,60,5,INSUFFICIENT_SAMPLE,0.6,-0.15308879257835886,0.7971515657521262,0.5511959304487511,1.7316898147141793
M15,TRIANGLE_SYMMETRIC,DOWN,GREEN,GREEN,PARTIAL_OR_NONE,180,5,INSUFFICIENT_SAMPLE,0.8,-0.3063634608298148,2.9064626785939525,1.842837925823936,1.7316898147141793
M15,TRIANGLE_SYMMETRIC,DOWN,GREEN,RED,PARTIAL_OR_NONE,15,2,INSUFFICIENT_SAMPLE,0.5,-0.539871015510296,1.0923337668344435,0.7525525285068211,0.2913662489544018
M15,TRIANGLE_SYMMETRIC,DOWN,GREEN,RED,PARTIAL_OR_NONE,30,2,INSUFFICIENT_SAMPLE,0.0,-1.0966776138339203,1.0923337668344435,1.4924375582658465,0.2913662489544018
M15,TRIANGLE_SYMMETRIC,DOWN,GREEN,RED,PARTIAL_OR_NONE,60,2,INSUFFICIENT_SAMPLE,0.5,-0.18195635769162757,1.4632092430349235,1.4924375582658465,0.2913662489544018
M15,TRIANGLE_SYMMETRIC,DOWN,GREEN,RED,PARTIAL_OR_NONE,180,2,INSUFFICIENT_SAMPLE,0.5,2.4277913383134564,4.3485781762952085,2.0783893360819086,0.2913662489544018
M15,TRIANGLE_SYMMETRIC,DOWN,RED,GREEN,PARTIAL_OR_NONE,15,4,INSUFFICIENT_SAMPLE,0.0,-0.45244675479426416,0.21645058430794772,0.7505897181457898,1.2580181562511021
M15,TRIANGLE_SYMMETRIC,DOWN,RED,GREEN,PARTIAL_OR_NONE,30,4,INSUFFICIENT_SAMPLE,0.0,-0.34335382834126105,0.28351839950413765,0.892778144613063,1.2580181562511021
M15,TRIANGLE_SYMMETRIC,DOWN,RED,GREEN,PARTIAL_OR_NONE,60,4,INSUFFICIENT_SAMPLE,0.25,-0.2731021208569727,0.7452968155033073,1.0445060454040132,1.2580181562511021
M15,TRIANGLE_SYMMETRIC,DOWN,RED,GREEN,PARTIAL_OR_NONE,180,4,INSUFFICIENT_SAMPLE,0.5,-0.38257974902431924,1.7471417508359866,2.528776600966548,1.2580181562511021
M15,TRIANGLE_SYMMETRIC,DOWN,RED,RED,FULL,15,7,INSUFFICIENT_SAMPLE,0.0,-0.4483288081961773,0.19636695515653538,0.684619761826734,0.4434724251919004
M15,TRIANGLE_SYMMETRIC,DOWN,RED,RED,FULL,30,7,INSUFFICIENT_SAMPLE,0.14285714285714285,-0.0945521337176228,0.4333390652253489,0.8969952604393212,0.4434724251919004
M15,TRIANGLE_SYMMETRIC,DOWN,RED,RED,FULL,60,7,INSUFFICIENT_SAMPLE,0.5714285714285714,0.13020853444306613,1.0696219830872644,1.0928302577683147,0.4434724251919004
M15,TRIANGLE_SYMMETRIC,DOWN,RED,RED,FULL,180,7,INSUFFICIENT_SAMPLE,0.42857142857142855,0.27563104520466236,1.7132165486709698,1.5328590375294209,0.4434724251919004
M15,TRIANGLE_SYMMETRIC,UP,GREEN,GREEN,FULL,15,6,INSUFFICIENT_SAMPLE,0.3333333333333333,-0.32707578464765147,0.3681137321476995,0.6684903230496273,0.2524094281193526
M15,TRIANGLE_SYMMETRIC,UP,GREEN,GREEN,FULL,30,6,INSUFFICIENT_SAMPLE,0.3333333333333333,-0.3180329014216804,0.3681137321476995,0.7303169645035075,0.2524094281193526
M15,TRIANGLE_SYMMETRIC,UP,GREEN,GREEN,FULL,60,6,INSUFFICIENT_SAMPLE,0.16666666666666666,-0.2214882303188339,0.3889184618143398,0.9405381282608515,0.2524094281193526
M15,TRIANGLE_SYMMETRIC,UP,GREEN,GREEN,FULL,180,6,INSUFFICIENT_SAMPLE,0.5,0.6379752833656754,1.5579161348395643,1.0783845975566309,0.2524094281193526
M15,TRIANGLE_SYMMETRIC,UP,GREEN,RED,PARTIAL_OR_NONE,15,7,INSUFFICIENT_SAMPLE,0.2857142857142857,0.18118505635957619,0.5280137511722868,0.24962635202170627,2.405686488251372
M15,TRIANGLE_SYMMETRIC,UP,GREEN,RED,PARTIAL_OR_NONE,30,7,INSUFFICIENT_SAMPLE,0.5714285714285714,0.30694389343604095,0.7525735823073594,0.4415742386410127,2.405686488251372
M15,TRIANGLE_SYMMETRIC,UP,GREEN,RED,PARTIAL_OR_NONE,60,7,INSUFFICIENT_SAMPLE,0.5714285714285714,0.8195781338733575,1.283995335174442,0.6493689043427148,2.405686488251372
M15,TRIANGLE_SYMMETRIC,UP,GREEN,RED,PARTIAL_OR_NONE,180,7,INSUFFICIENT_SAMPLE,0.42857142857142855,0.2276211536099718,1.5612549564329683,1.527205313149979,2.405686488251372
M15,TRIANGLE_SYMMETRIC,UP,RED,GREEN,PARTIAL_OR_NONE,15,4,INSUFFICIENT_SAMPLE,0.5,1.2660943551143562,1.4946228797941805,-0.3136305525979107,0.5118387728884808
M15,TRIANGLE_SYMMETRIC,UP,RED,GREEN,PARTIAL_OR_NONE,30,4,INSUFFICIENT_SAMPLE,0.75,1.2927620336457815,1.8554771779159118,-0.3136305525979107,0.5118387728884808
M15,TRIANGLE_SYMMETRIC,UP,RED,GREEN,PARTIAL_OR_NONE,60,4,INSUFFICIENT_SAMPLE,1.0,2.111661882251867,2.550467310779868,-0.3136305525979107,0.5118387728884808
M15,TRIANGLE_SYMMETRIC,UP,RED,GREEN,PARTIAL_OR_NONE,180,4,INSUFFICIENT_SAMPLE,0.75,2.612309306080035,3.986794540940804,0.1668947755240061,0.5118387728884808
M15,TRIANGLE_SYMMETRIC,UP,RED,RED,PARTIAL_OR_NONE,15,8,INSUFFICIENT_SAMPLE,0.25,0.029380014331767002,0.32023301108215296,0.38253562406530933,0.45187517493591023
M15,TRIANGLE_SYMMETRIC,UP,RED,RED,PARTIAL_OR_NONE,30,8,INSUFFICIENT_SAMPLE,0.625,0.33131586785405787,0.7385529893521832,0.4333073958136288,0.45187517493591023
M15,TRIANGLE_SYMMETRIC,UP,RED,RED,PARTIAL_OR_NONE,60,8,INSUFFICIENT_SAMPLE,0.625,0.24982481202340642,1.4759114823409674,0.6658515014228125,0.45187517493591023
M15,TRIANGLE_SYMMETRIC,UP,RED,RED,PARTIAL_OR_NONE,180,8,INSUFFICIENT_SAMPLE,0.625,-0.0509386174817234,2.0555032367697508,1.6081322245853928,0.45187517493591023
M5,RANGE_BOX,DOWN,DOJI,RED,PARTIAL_OR_NONE,15,1,INSUFFICIENT_SAMPLE,0.0,-4.905287452539927,0.15628356734731844,5.187606154844597,1.27043416037033
M5,RANGE_BOX,DOWN,DOJI,RED,PARTIAL_OR_NONE,30,1,INSUFFICIENT_SAMPLE,0.0,-4.229739129168446,0.15628356734731844,6.0446450725545,1.27043416037033
M5,RANGE_BOX,DOWN,DOJI,RED,PARTIAL_OR_NONE,60,1,INSUFFICIENT_SAMPLE,0.0,-4.128911021202655,0.15628356734731844,6.0446450725545,1.27043416037033
M5,RANGE_BOX,DOWN,DOJI,RED,PARTIAL_OR_NONE,180,1,INSUFFICIENT_SAMPLE,0.0,-7.017636314424948,0.15628356734731844,11.16671295722122,1.27043416037033
M5,RANGE_BOX,DOWN,GREEN,GREEN,PARTIAL_OR_NONE,15,2,INSUFFICIENT_SAMPLE,0.0,-0.45040377023671413,0.2187246616164871,1.1415473347344263,1.6045060397192354
M5,RANGE_BOX,DOWN,GREEN,GREEN,PARTIAL_OR_NONE,30,2,INSUFFICIENT_SAMPLE,0.0,-0.1267974582490131,0.5389992559325675,1.1415473347344263,1.6045060397192354
M5,RANGE_BOX,DOWN,GREEN,GREEN,PARTIAL_OR_NONE,60,2,INSUFFICIENT_SAMPLE,0.0,-0.46916845092747606,0.9062746522401633,1.2964342287070205,1.6045060397192354
M5,RANGE_BOX,DOWN,GREEN,GREEN,PARTIAL_OR_NONE,180,2,INSUFFICIENT_SAMPLE,0.0,0.5948350054592442,1.9428861594580484,3.459112746829293,1.6045060397192354
M5,RANGE_BOX,DOWN,GREEN,RED,PARTIAL_OR_NONE,15,2,INSUFFICIENT_SAMPLE,0.5,-0.1976664542143225,0.4593443089282543,0.5588164232003173,2.359921779104856
M5,RANGE_BOX,DOWN,GREEN,RED,PARTIAL_OR_NONE,30,2,INSUFFICIENT_SAMPLE,1.0,0.6279542850392463,1.141295262413053,0.7152358144229953,2.359921779104856
M5,RANGE_BOX,DOWN,GREEN,RED,PARTIAL_OR_NONE,60,2,INSUFFICIENT_SAMPLE,1.0,-0.17131821210081685,2.389642326978728,0.7152358144229953,2.359921779104856
M5,RANGE_BOX,DOWN,GREEN,RED,PARTIAL_OR_NONE,180,2,INSUFFICIENT_SAMPLE,0.5,-0.15440327158721143,3.1092102098986194,2.6975507916489705,2.359921779104856
M5,RANGE_BOX,DOWN,RED,GREEN,PARTIAL_OR_NONE,15,3,INSUFFICIENT_SAMPLE,0.3333333333333333,-0.037131722436748026,0.82583815646697,0.7192822352172393,7.2806029450043
M5,RANGE_BOX,DOWN,RED,GREEN,PARTIAL_OR_NONE,30,3,INSUFFICIENT_SAMPLE,0.6666666666666666,0.5981316773552412,1.861802419877631,1.0698616420979354,7.2806029450043
M5,RANGE_BOX,DOWN,RED,GREEN,PARTIAL_OR_NONE,60,3,INSUFFICIENT_SAMPLE,0.6666666666666666,0.5297153666714903,2.3868747564304087,1.0819505871627744,7.2806029450043
M5,RANGE_BOX,DOWN,RED,GREEN,PARTIAL_OR_NONE,180,3,INSUFFICIENT_SAMPLE,0.6666666666666666,3.7580858123214766,7.708295683670241,1.6832841891833876,7.2806029450043
M5,RANGE_BOX,DOWN,RED,RED,FULL,15,1,INSUFFICIENT_SAMPLE,0.0,-0.13231737176576644,0.11761544156958874,0.6873152366718924,0.8122816433395701
M5,RANGE_BOX,DOWN,RED,RED,FULL,30,1,INSUFFICIENT_SAMPLE,0.0,-0.33079342941433254,0.6064546205929151,0.6873152366718924,0.8122816433395701
M5,RANGE_BOX,DOWN,RED,RED,FULL,60,1,INSUFFICIENT_SAMPLE,0.0,-0.36754825490477677,0.6064546205929151,1.010757700988136,0.8122816433395701
M5,RANGE_BOX,DOWN,RED,RED,FULL,180,1,INSUFFICIENT_SAMPLE,0.0,-0.003675482548960854,0.9298970849091588,1.010757700988136,0.8122816433395701
M5,RANGE_BOX,UP,GREEN,GREEN,FULL,15,4,INSUFFICIENT_SAMPLE,0.5,-0.3051461714241528,1.2087977535257788,1.8237688319033363,0.7659564752923875
M5,RANGE_BOX,UP,GREEN,GREEN,FULL,30,4,INSUFFICIENT_SAMPLE,0.5,0.22869091756749976,1.504851517867388,1.8237688319033363,0.7659564752923875
M5,RANGE_BOX,UP,GREEN,GREEN,FULL,60,4,INSUFFICIENT_SAMPLE,0.5,0.1467891319037768,1.9685961208408767,1.8237688319033363,0.7659564752923875
M5,RANGE_BOX,UP,GREEN,GREEN,FULL,180,4,INSUFFICIENT_SAMPLE,0.25,-0.5506090766447701,3.1266392818753554,3.7888613741689383,0.7659564752923875
M5,RANGE_BOX,UP,GREEN,RED,PARTIAL_OR_NONE,15,5,INSUFFICIENT_SAMPLE,0.4,-0.5511033216987011,0.5143460289254814,1.041760305532159,1.5706131418481717
M5,RANGE_BOX,UP,GREEN,RED,PARTIAL_OR_NONE,30,5,INSUFFICIENT_SAMPLE,0.2,-0.3277611226348561,0.5615549581384874,1.4506372523063202,1.5706131418481717
M5,RANGE_BOX,UP,GREEN,RED,PARTIAL_OR_NONE,60,5,INSUFFICIENT_SAMPLE,0.4,0.07079917105199676,0.832272318927888,1.8695256032038112,1.5706131418481717
M5,RANGE_BOX,UP,GREEN,RED,PARTIAL_OR_NONE,180,5,INSUFFICIENT_SAMPLE,0.8,0.26215424126776765,2.535285130475673,2.4150168724486805,1.5706131418481717
M5,RANGE_BOX,UP,RED,GREEN,PARTIAL_OR_NONE,15,2,INSUFFICIENT_SAMPLE,0.5,2.089437208145788,3.1184425761247523,1.0712560657853987,0.44410039026728987
M5,RANGE_BOX,UP,RED,GREEN,PARTIAL_OR_NONE,30,2,INSUFFICIENT_SAMPLE,0.5,2.4404913430793953,3.894141612378698,1.3892299729131272,0.44410039026728987
M5,RANGE_BOX,UP,RED,GREEN,PARTIAL_OR_NONE,60,2,INSUFFICIENT_SAMPLE,0.5,3.754026544411035,5.4921901164375075,1.3892299729131272,0.44410039026728987
M5,RANGE_BOX,UP,RED,GREEN,PARTIAL_OR_NONE,180,2,INSUFFICIENT_SAMPLE,1.0,5.769828845687241,9.164548835491086,1.3892299729131272,0.44410039026728987
M5,RANGE_BOX,UP,RED,RED,PARTIAL_OR_NONE,15,4,INSUFFICIENT_SAMPLE,0.75,1.142871172532525,1.2678635094613875,0.49050208237106024,2.129639133155191
M5,RANGE_BOX,UP,RED,RED,PARTIAL_OR_NONE,30,4,INSUFFICIENT_SAMPLE,0.75,1.6582171095647453,2.8071153988587487,0.5499092413636568,2.129639133155191
M5,RANGE_BOX,UP,RED,RED,PARTIAL_OR_NONE,60,4,INSUFFICIENT_SAMPLE,0.75,1.4252901334602315,3.3136267923962412,1.5313742485409458,2.129639133155191
M5,RANGE_BOX,UP,RED,RED,PARTIAL_OR_NONE,180,4,INSUFFICIENT_SAMPLE,0.75,4.690109861622382,8.569384220144716,3.2073146438988624,2.129639133155191
M5,TRIANGLE_ASCENDING,DOWN,GREEN,GREEN,PARTIAL_OR_NONE,15,27,ADEQUATE,0.4444444444444444,-0.009641581156037419,0.9392314144728886,0.836325724451312,2.8322559187815926
M5,TRIANGLE_ASCENDING,DOWN,GREEN,GREEN,PARTIAL_OR_NONE,30,27,ADEQUATE,0.48148148148148145,0.0503321990642936,1.379268126375633,1.2413235083641834,2.8322559187815926
M5,TRIANGLE_ASCENDING,DOWN,GREEN,GREEN,PARTIAL_OR_NONE,60,27,ADEQUATE,0.4444444444444444,0.3071591061215837,1.9679701857910146,1.966519966290081,2.8322559187815926
M5,TRIANGLE_ASCENDING,DOWN,GREEN,GREEN,PARTIAL_OR_NONE,180,27,ADEQUATE,0.48148148148148145,0.851998464253591,4.489661141079467,3.2607829384016083,2.8322559187815926
M5,TRIANGLE_ASCENDING,DOWN,GREEN,RED,PARTIAL_OR_NONE,15,24,ADEQUATE,0.375,-0.23000994203254663,0.6754740309349933,0.8609129087426822,3.4256168125995763
M5,TRIANGLE_ASCENDING,DOWN,GREEN,RED,PARTIAL_OR_NONE,30,24,ADEQUATE,0.5,-0.28783103047600345,1.0812397967459697,1.1739867666660369,3.4256168125995763
M5,TRIANGLE_ASCENDING,DOWN,GREEN,RED,PARTIAL_OR_NONE,60,24,ADEQUATE,0.5,-0.22347437607819598,1.7134317470149731,1.9043199029634037,3.4256168125995763
M5,TRIANGLE_ASCENDING,DOWN,GREEN,RED,PARTIAL_OR_NONE,180,24,ADEQUATE,0.375,-0.09807381819132906,4.048814683021608,3.791786680024041,3.4256168125995763
M5,TRIANGLE_ASCENDING,DOWN,RED,GREEN,PARTIAL_OR_NONE,15,18,ADEQUATE,0.3888888888888889,-0.1497522331178791,0.8312643786430842,0.8923983297113494,1.8085361197047851
M5,TRIANGLE_ASCENDING,DOWN,RED,GREEN,PARTIAL_OR_NONE,30,18,ADEQUATE,0.5,-0.2914122106329484,1.0814584994313838,1.2854594491682458,1.8085361197047851
M5,TRIANGLE_ASCENDING,DOWN,RED,GREEN,PARTIAL_OR_NONE,60,18,ADEQUATE,0.4444444444444444,0.2267606724351206,1.8122343335069628,1.8134848019135978,1.8085361197047851
M5,TRIANGLE_ASCENDING,DOWN,RED,GREEN,PARTIAL_OR_NONE,180,18,ADEQUATE,0.3333333333333333,-0.9703023542041461,2.6812438492421276,3.254973179041034,1.8085361197047851
M5,TRIANGLE_ASCENDING,DOWN,RED,RED,FULL,15,21,ADEQUATE,0.47619047619047616,-0.35016834572725486,0.5233211103140627,0.9553337481751824,1.5909860432916505
M5,TRIANGLE_ASCENDING,DOWN,RED,RED,FULL,30,21,ADEQUATE,0.38095238095238093,-0.09370509258875376,1.341288557009087,1.3592219568178758,1.5909860432916505
M5,TRIANGLE_ASCENDING,DOWN,RED,RED,FULL,60,21,ADEQUATE,0.47619047619047616,0.006517260866762446,2.020724268928386,1.6687836894452248,1.5909860432916505
M5,TRIANGLE_ASCENDING,DOWN,RED,RED,FULL,180,21,ADEQUATE,0.2857142857142857,-2.5307791870962113,2.5615208645578007,4.207549697576937,1.5909860432916505
M5,TRIANGLE_ASCENDING,UP,GREEN,GREEN,FULL,15,20,ADEQUATE,0.7,0.6692097563961403,1.3611547067268834,0.7156555370395331,0.5685883803755374
M5,TRIANGLE_ASCENDING,UP,GREEN,GREEN,FULL,30,20,ADEQUATE,0.65,0.5230849808720379,1.6333341876385852,0.9136327165670469,0.5685883803755374
M5,TRIANGLE_ASCENDING,UP,GREEN,GREEN,FULL,60,20,ADEQUATE,0.6,0.7915174464427016,2.2914572340211734,1.3608067343847232,0.5685883803755374
M5,TRIANGLE_ASCENDING,UP,GREEN,GREEN,FULL,180,20,ADEQUATE,0.6,0.9661491742341713,3.825044619093867,2.7210009851933235,0.5685883803755374
M5,TRIANGLE_ASCENDING,UP,GREEN,RED,PARTIAL_OR_NONE,15,11,ADEQUATE,0.5454545454545454,0.15693699630747354,0.7779982964327773,0.7747255637116449,4.03800891175404
M5,TRIANGLE_ASCENDING,UP,GREEN,RED,PARTIAL_OR_NONE,30,11,ADEQUATE,0.45454545454545453,-0.1246522183077667,1.146345164583614,1.2978395472766426,4.03800891175404
M5,TRIANGLE_ASCENDING,UP,GREEN,RED,PARTIAL_OR_NONE,60,11,ADEQUATE,0.2727272727272727,-0.7116650163860992,1.290672939297961,2.1129995284263186,4.03800891175404
M5,TRIANGLE_ASCENDING,UP,GREEN,RED,PARTIAL_OR_NONE,180,11,ADEQUATE,0.36363636363636365,-1.000159792486914,2.3810256984481026,3.792320823512792,4.03800891175404
M5,TRIANGLE_ASCENDING,UP,RED,GREEN,PARTIAL_OR_NONE,15,7,INSUFFICIENT_SAMPLE,0.7142857142857143,0.026130938262849956,0.6664986216061718,0.5584124619831898,1.4458818064712196
M5,TRIANGLE_ASCENDING,UP,RED,GREEN,PARTIAL_OR_NONE,30,7,INSUFFICIENT_SAMPLE,0.5714285714285714,0.0661799791539502,1.0332328593536528,0.8493555055399585,1.4458818064712196
M5,TRIANGLE_ASCENDING,UP,RED,GREEN,PARTIAL_OR_NONE,60,7,INSUFFICIENT_SAMPLE,0.5714285714285714,0.7149526296283052,2.263139755384889,1.8030427481810105,1.4458818064712196
M5,TRIANGLE_ASCENDING,UP,RED,GREEN,PARTIAL_OR_NONE,180,7,INSUFFICIENT_SAMPLE,0.42857142857142855,1.7769927268293748,3.539032911957178,2.65989770016176,1.4458818064712196
M5,TRIANGLE_ASCENDING,UP,RED,RED,PARTIAL_OR_NONE,15,12,ADEQUATE,0.5,0.14859599660598907,0.9659483079402893,0.6566199697052991,2.322069141777222
M5,TRIANGLE_ASCENDING,UP,RED,RED,PARTIAL_OR_NONE,30,12,ADEQUATE,0.5833333333333334,0.34805819680339417,1.60115874528699,0.8621943759901404,2.322069141777222
M5,TRIANGLE_ASCENDING,UP,RED,RED,PARTIAL_OR_NONE,60,12,ADEQUATE,0.5833333333333334,-0.3203637567123172,1.7305806046665955,2.101370046681303,2.322069141777222
M5,TRIANGLE_ASCENDING,UP,RED,RED,PARTIAL_OR_NONE,180,12,ADEQUATE,0.6666666666666666,1.1283592525156154,3.115640455079166,2.3302860717114107,2.322069141777222
M5,TRIANGLE_DESCENDING,DOWN,GREEN,GREEN,PARTIAL_OR_NONE,15,5,INSUFFICIENT_SAMPLE,0.4,-0.05309968805936033,0.7166299486015096,0.8101273681360063,1.2022240275998521
M5,TRIANGLE_DESCENDING,DOWN,GREEN,GREEN,PARTIAL_OR_NONE,30,5,INSUFFICIENT_SAMPLE,0.4,0.01744505374618488,1.2916130294745827,1.393945756085105,1.2022240275998521
M5,TRIANGLE_DESCENDING,DOWN,GREEN,GREEN,PARTIAL_OR_NONE,60,5,INSUFFICIENT_SAMPLE,0.4,-0.5540023919951759,1.7032464407150472,2.4672663203039953,1.2022240275998521
M5,TRIANGLE_DESCENDING,DOWN,GREEN,GREEN,PARTIAL_OR_NONE,180,5,INSUFFICIENT_SAMPLE,0.4,0.9938644821181711,3.236562641285149,3.870422411751,1.2022240275998521
M5,TRIANGLE_DESCENDING,DOWN,GREEN,RED,PARTIAL_OR_NONE,15,12,ADEQUATE,0.5833333333333334,0.09489781275574684,1.2651984344861493,1.111270148381621,1.5564193487193676
M5,TRIANGLE_DESCENDING,DOWN,GREEN,RED,PARTIAL_OR_NONE,30,12,ADEQUATE,0.6666666666666666,0.32114839596319594,1.410753153128087,1.1828884923905065,1.5564193487193676
M5,TRIANGLE_DESCENDING,DOWN,GREEN,RED,PARTIAL_OR_NONE,60,12,ADEQUATE,0.6666666666666666,1.1356531861003967,2.7190279407582665,1.3006786698215553,1.5564193487193676
M5,TRIANGLE_DESCENDING,DOWN,GREEN,RED,PARTIAL_OR_NONE,180,12,ADEQUATE,0.5833333333333334,0.7844495201265467,4.894459444762325,2.623008286678809,1.5564193487193676
M5,TRIANGLE_DESCENDING,DOWN,RED,GREEN,PARTIAL_OR_NONE,15,5,INSUFFICIENT_SAMPLE,0.4,-0.2168820307432017,0.5296587877222685,0.5412446468404706,5.105796551651483
M5,TRIANGLE_DESCENDING,DOWN,RED,GREEN,PARTIAL_OR_NONE,30,5,INSUFFICIENT_SAMPLE,0.4,-0.1438770855293835,0.8603386421389974,0.7972631721414009,5.105796551651483
M5,TRIANGLE_DESCENDING,DOWN,RED,GREEN,PARTIAL_OR_NONE,60,5,INSUFFICIENT_SAMPLE,0.6,0.5147231345914299,1.1562065502125063,0.819210216933168,5.105796551651483
M5,TRIANGLE_DESCENDING,DOWN,RED,GREEN,PARTIAL_OR_NONE,180,5,INSUFFICIENT_SAMPLE,0.6,1.1341406936094198,4.421926649137026,3.199864655284003,5.105796551651483
M5,TRIANGLE_DESCENDING,DOWN,RED,RED,FULL,15,6,INSUFFICIENT_SAMPLE,0.3333333333333333,-0.605303429397048,1.2177891648566368,1.1131372610763448,1.6938111691221536
M5,TRIANGLE_DESCENDING,DOWN,RED,RED,FULL,30,6,INSUFFICIENT_SAMPLE,0.3333333333333333,-0.6963582801871313,1.2177891648566368,1.6585096051822417,1.6938111691221536
M5,TRIANGLE_DESCENDING,DOWN,RED,RED,FULL,60,6,INSUFFICIENT_SAMPLE,0.5,-0.4914284206091626,1.7958561393035133,2.066863708940756,1.6938111691221536
M5,TRIANGLE_DESCENDING,DOWN,RED,RED,FULL,180,6,INSUFFICIENT_SAMPLE,0.3333333333333333,-4.280424334382312,2.075426680627961,5.644877623606988,1.6938111691221536
M5,TRIANGLE_DESCENDING,UP,GREEN,GREEN,FULL,15,15,ADEQUATE,0.3333333333333333,-0.2407378571519315,0.593042857342764,0.9228884901295561,0.6566828365189101
M5,TRIANGLE_DESCENDING,UP,GREEN,GREEN,FULL,30,15,ADEQUATE,0.3333333333333333,-0.17503014351806884,0.896604326975595,1.2257156645826985,0.6566828365189101
M5,TRIANGLE_DESCENDING,UP,GREEN,GREEN,FULL,60,15,ADEQUATE,0.4,-0.7329512228355608,1.1035005610021595,1.9166613680229099,0.6566828365189101
M5,TRIANGLE_DESCENDING,UP,GREEN,GREEN,FULL,180,15,ADEQUATE,0.26666666666666666,-0.7374370188952539,1.982485890061128,3.7526510749046773,0.6566828365189101
M5,TRIANGLE_DESCENDING,UP,GREEN,RED,PARTIAL_OR_NONE,15,14,ADEQUATE,0.42857142857142855,0.05705870819358383,0.7154236426758743,0.8901094892256721,1.5525123247215116
M5,TRIANGLE_DESCENDING,UP,GREEN,RED,PARTIAL_OR_NONE,30,14,ADEQUATE,0.42857142857142855,0.6808586282983269,1.2528053109271318,1.290912007088633,1.5525123247215116
M5,TRIANGLE_DESCENDING,UP,GREEN,RED,PARTIAL_OR_NONE,60,14,ADEQUATE,0.5714285714285714,0.5961968340340835,1.847648363405021,1.44355061733585,1.5525123247215116
M5,TRIANGLE_DESCENDING,UP,GREEN,RED,PARTIAL_OR_NONE,180,14,ADEQUATE,0.7142857142857143,0.34783057104649345,3.5966380141523864,3.061820372887765,1.5525123247215116
M5,TRIANGLE_DESCENDING,UP,RED,GREEN,PARTIAL_OR_NONE,15,13,ADEQUATE,0.6153846153846154,0.11537546461260319,0.8642558739803742,0.760089483433172,2.112077053062564
M5,TRIANGLE_DESCENDING,UP,RED,GREEN,PARTIAL_OR_NONE,30,13,ADEQUATE,0.6153846153846154,0.1764974460601954,1.3643421941062503,1.2664519037371207,2.112077053062564
M5,TRIANGLE_DESCENDING,UP,RED,GREEN,PARTIAL_OR_NONE,60,13,ADEQUATE,0.6153846153846154,0.353845178090545,2.207386676972337,1.5953592761384874,2.112077053062564
M5,TRIANGLE_DESCENDING,UP,RED,GREEN,PARTIAL_OR_NONE,180,13,ADEQUATE,0.5384615384615384,-0.4637213910680024,2.8957429698087997,2.8082928022221596,2.112077053062564
M5,TRIANGLE_DESCENDING,UP,RED,RED,PARTIAL_OR_NONE,15,14,ADEQUATE,0.35714285714285715,-0.7821410669206922,0.6484109508495198,1.5199986903020655,2.1472015166932406
M5,TRIANGLE_DESCENDING,UP,RED,RED,PARTIAL_OR_NONE,30,14,ADEQUATE,0.2857142857142857,-1.2914376040535491,0.7940631415470106,2.4011932622774568,2.1472015166932406
M5,TRIANGLE_DESCENDING,UP,RED,RED,PARTIAL_OR_NONE,60,14,ADEQUATE,0.35714285714285715,-0.5609826937500915,1.1359210686992403,2.8347868672347247,2.1472015166932406
M5,TRIANGLE_DESCENDING,UP,RED,RED,PARTIAL_OR_NONE,180,14,ADEQUATE,0.21428571428571427,-1.8680159367715992,2.3759027565462394,6.282985853723109,2.1472015166932406
M5,TRIANGLE_SYMMETRIC,DOWN,GREEN,GREEN,PARTIAL_OR_NONE,15,6,INSUFFICIENT_SAMPLE,0.16666666666666666,-0.32167317603911433,0.3468165100382053,0.8961822518727173,1.8596140546954099
M5,TRIANGLE_SYMMETRIC,DOWN,GREEN,GREEN,PARTIAL_OR_NONE,30,6,INSUFFICIENT_SAMPLE,0.16666666666666666,-0.6888738490225279,0.4958559919074837,1.3445037663681905,1.8596140546954099
M5,TRIANGLE_SYMMETRIC,DOWN,GREEN,GREEN,PARTIAL_OR_NONE,60,6,INSUFFICIENT_SAMPLE,0.3333333333333333,-0.11631725619073259,0.9404065833163188,1.71474478427971,1.8596140546954099
M5,TRIANGLE_SYMMETRIC,DOWN,GREEN,GREEN,PARTIAL_OR_NONE,180,6,INSUFFICIENT_SAMPLE,0.5,-1.3735115648431122,2.327446742018956,3.781660621001212,1.8596140546954099
M5,TRIANGLE_SYMMETRIC,DOWN,GREEN,RED,PARTIAL_OR_NONE,15,4,INSUFFICIENT_SAMPLE,0.25,-0.2384330986966355,0.3569467093038214,0.8071970365603638,3.0427293239271402
M5,TRIANGLE_SYMMETRIC,DOWN,GREEN,RED,PARTIAL_OR_NONE,30,4,INSUFFICIENT_SAMPLE,0.25,-0.05609839311547185,0.4845704574270964,0.8224310776381342,3.0427293239271402
M5,TRIANGLE_SYMMETRIC,DOWN,GREEN,RED,PARTIAL_OR_NONE,60,4,INSUFFICIENT_SAMPLE,0.5,-0.1362316923855865,1.023851015732564,1.1379290651258036,3.0427293239271402
M5,TRIANGLE_SYMMETRIC,DOWN,GREEN,RED,PARTIAL_OR_NONE,180,4,INSUFFICIENT_SAMPLE,0.25,-0.47108026334340214,2.0106511409136534,2.128783900959102,3.0427293239271402
M5,TRIANGLE_SYMMETRIC,DOWN,RED,GREEN,PARTIAL_OR_NONE,15,5,INSUFFICIENT_SAMPLE,0.8,-0.023047255424972112,1.3954648825313083,0.8083238788234548,0.9061506769265174
M5,TRIANGLE_SYMMETRIC,DOWN,RED,GREEN,PARTIAL_OR_NONE,30,5,INSUFFICIENT_SAMPLE,0.4,-0.3679023653012858,1.5448755874522218,2.1208014639455053,0.9061506769265174
M5,TRIANGLE_SYMMETRIC,DOWN,RED,GREEN,PARTIAL_OR_NONE,60,5,INSUFFICIENT_SAMPLE,0.6,-0.12012213780540618,2.186064779160021,3.014585825865235,0.9061506769265174
M5,TRIANGLE_SYMMETRIC,DOWN,RED,GREEN,PARTIAL_OR_NONE,180,5,INSUFFICIENT_SAMPLE,0.4,-3.7046988698712204,2.623687035644623,5.8107267276936785,0.9061506769265174
M5,TRIANGLE_SYMMETRIC,DOWN,RED,RED,FULL,15,2,INSUFFICIENT_SAMPLE,0.5,-0.15406595132415307,0.5239887081431229,0.5300378965302315,0.5227340326401605
M5,TRIANGLE_SYMMETRIC,DOWN,RED,RED,FULL,30,2,INSUFFICIENT_SAMPLE,0.5,0.38159350047938345,1.207345600303933,1.0441191911624077,0.5227340326401605
M5,TRIANGLE_SYMMETRIC,DOWN,RED,RED,FULL,60,2,INSUFFICIENT_SAMPLE,1.0,1.5226975407992343,2.3838791321473987,1.0605260409910782,0.5227340326401605
M5,TRIANGLE_SYMMETRIC,DOWN,RED,RED,FULL,180,2,INSUFFICIENT_SAMPLE,1.0,10.040134024417128,12.238331644044216,1.0605260409910782,0.5227340326401605
M5,TRIANGLE_SYMMETRIC,UP,GREEN,GREEN,FULL,15,6,INSUFFICIENT_SAMPLE,0.3333333333333333,-0.5355323251663778,0.627177145662818,1.161335121473117,0.8765995865021741
M5,TRIANGLE_SYMMETRIC,UP,GREEN,GREEN,FULL,30,6,INSUFFICIENT_SAMPLE,0.3333333333333333,-1.2117184419267517,0.9769797449061303,2.73136439409039,0.8765995865021741
M5,TRIANGLE_SYMMETRIC,UP,GREEN,GREEN,FULL,60,6,INSUFFICIENT_SAMPLE,0.3333333333333333,-0.9295513101551073,1.4364011015806728,3.124776218206835,0.8765995865021741
M5,TRIANGLE_SYMMETRIC,UP,GREEN,GREEN,FULL,180,6,INSUFFICIENT_SAMPLE,0.6666666666666666,-0.5495314027964939,3.9919204087252482,4.489383935823571,0.8765995865021741
M5,TRIANGLE_SYMMETRIC,UP,GREEN,RED,PARTIAL_OR_NONE,15,3,INSUFFICIENT_SAMPLE,0.3333333333333333,-0.5441117965907374,0.5515516572631364,0.8126721084054656,0.8360424725446386
M5,TRIANGLE_SYMMETRIC,UP,GREEN,RED,PARTIAL_OR_NONE,30,3,INSUFFICIENT_SAMPLE,0.0,-0.6739171438749416,0.5515516572631364,1.4717856225962949,0.8360424725446386
M5,TRIANGLE_SYMMETRIC,UP,GREEN,RED,PARTIAL_OR_NONE,60,3,INSUFFICIENT_SAMPLE,0.3333333333333333,0.30723905721426464,1.1141023789463416,1.9950524386213833,0.8360424725446386
M5,TRIANGLE_SYMMETRIC,UP,GREEN,RED,PARTIAL_OR_NONE,180,3,INSUFFICIENT_SAMPLE,0.6666666666666666,3.790436962932771,5.3991936034082615,1.9950524386213833,0.8360424725446386
M5,TRIANGLE_SYMMETRIC,UP,RED,GREEN,PARTIAL_OR_NONE,15,10,ADEQUATE,0.5,0.005916922827297907,0.6260753326973094,0.6041514067442484,2.270204304516099
M5,TRIANGLE_SYMMETRIC,UP,RED,GREEN,PARTIAL_OR_NONE,30,10,ADEQUATE,0.6,0.32209249958421715,1.2603090002387352,0.7478600953562957,2.270204304516099
M5,TRIANGLE_SYMMETRIC,UP,RED,GREEN,PARTIAL_OR_NONE,60,10,ADEQUATE,0.5,-0.028111069001731836,1.615291841829725,1.3429132234971912,2.270204304516099
M5,TRIANGLE_SYMMETRIC,UP,RED,GREEN,PARTIAL_OR_NONE,180,10,ADEQUATE,0.5,-0.13875830143042128,2.816289576978617,2.775724638879989,2.270204304516099
M5,TRIANGLE_SYMMETRIC,UP,RED,RED,PARTIAL_OR_NONE,15,8,INSUFFICIENT_SAMPLE,0.125,-0.346461490766357,0.46770929662300936,1.108475065377918,3.1568054374208323
M5,TRIANGLE_SYMMETRIC,UP,RED,RED,PARTIAL_OR_NONE,30,8,INSUFFICIENT_SAMPLE,0.375,-0.2741175003261531,0.8866002604647916,1.3963908540503158,3.1568054374208323
M5,TRIANGLE_SYMMETRIC,UP,RED,RED,PARTIAL_OR_NONE,60,8,INSUFFICIENT_SAMPLE,0.375,-0.1067614086447718,1.3919643066193883,1.772689412371554,3.1568054374208323
M5,TRIANGLE_SYMMETRIC,UP,RED,RED,PARTIAL_OR_NONE,180,8,INSUFFICIENT_SAMPLE,0.625,2.387763945345601,4.113217621324283,2.353696299207437,3.1568054374208323
