hour,anchor_market_state,energy_bucket,mtf_alignment_bucket,mtf_bias,event_name,zone,bars,avg_energy,avg_range_atr,avg_vol_ratio,breakout_pct,false_break_pct,sweep_pct,buy_tp,buy_sl,buy_edge,sell_tp,sell_sl,sell_edge,buy_fast_tp,buy_fast_sl,buy_fast_edge,sell_fast_tp,sell_fast_sl,sell_fast_edge,best_side,edge_delta_buy_minus_sell,level_guidance
12,SWEEP_OR_FALSE_BREAK,LOW,FULL,UP,FALSE_BREAK,RESISTANCE,121,30.908972496353204,0.6385747142661007,0.7565567968845202,0.0,1.0,1.0,0.6033057851239669,0.39669421487603307,0.20661157024793386,0.08264462809917356,0.9173553719008265,-0.834710743801653,0.5619834710743802,0.3884297520661157,0.1735537190082645,0.15702479338842976,0.8016528925619835,-0.6446280991735537,BUY,1.0413223140495869,rompimento favorece compra; esperar aceitação/reteste
21,ACCEPTED_BREAKOUT,HIGH,FULL,UP,BREAKOUT,RESISTANCE,134,71.1129345497669,1.2497833267460399,1.616131020863651,1.0,0.0,0.0,0.5597014925373134,0.43283582089552236,0.12686567164179102,0.13432835820895522,0.8507462686567164,-0.7164179104477613,0.41044776119402987,0.26865671641791045,0.14179104477611942,0.11940298507462686,0.6865671641791045,-0.5671641791044776,BUY,0.8432835820895523,rompimento favorece compra; esperar aceitação/reteste
8,SWEEP_OR_FALSE_BREAK,MEDIUM,MIXED,UP,FALSE_BREAK,SUPPORT,120,49.80698003068879,0.936914256402302,1.0439265545782919,0.0,1.0,1.0,0.5666666666666667,0.4166666666666667,0.14999999999999997,0.15,0.8333333333333334,-0.6833333333333333,0.39166666666666666,0.35833333333333334,0.033333333333333326,0.125,0.7333333333333333,-0.6083333333333333,BUY,0.8333333333333333,defesa do suporte favorece compra; evitar vender fundo esticado
3,NORMAL_FLOW,MEDIUM,FULL,UP,BREAKOUT,RESISTANCE,129,50.165535754934375,0.9442491818704547,0.9348744426020134,1.0,0.0,0.0,0.5193798449612403,0.4418604651162791,0.07751937984496127,0.17054263565891473,0.8217054263565892,-0.6511627906976745,0.40310077519379844,0.4108527131782946,-0.007751937984496138,0.23255813953488372,0.6666666666666666,-0.43410852713178294,BUY,0.7286821705426357,rompimento favorece compra; esperar aceitação/reteste
11,SWEEP_OR_FALSE_BREAK,MEDIUM,MIXED,UP,FALSE_BREAK,SUPPORT,146,49.18588790221507,0.8037752630829811,0.9436582861158074,0.0,1.0,1.0,0.5273972602739726,0.4657534246575342,0.06164383561643838,0.17123287671232876,0.8287671232876712,-0.6575342465753424,0.410958904109589,0.4246575342465753,-0.0136986301369863,0.2054794520547945,0.7054794520547946,-0.5,BUY,0.7191780821917808,defesa do suporte favorece compra; evitar vender fundo esticado
23,NORMAL_FLOW,MEDIUM,FULL,UP,BREAKOUT,RESISTANCE,143,49.165868420043076,0.9439908335505028,0.8467731899666486,1.0,0.0,0.0,0.5104895104895105,0.4755244755244755,0.034965034965035,0.16783216783216784,0.8321678321678322,-0.6643356643356644,0.44755244755244755,0.46853146853146854,-0.02097902097902099,0.15384615384615385,0.7552447552447552,-0.6013986013986014,BUY,0.6993006993006994,rompimento favorece compra; esperar aceitação/reteste
12,NORMAL_FLOW,MEDIUM,FULL,UP,BREAKOUT,RESISTANCE,186,49.412493683337765,0.8702216397955527,0.8202589149369846,1.0,0.0,0.0,0.478494623655914,0.5,-0.021505376344086002,0.13978494623655913,0.8440860215053764,-0.7043010752688172,0.45698924731182794,0.46236559139784944,-0.005376344086021501,0.21505376344086022,0.7204301075268817,-0.5053763440860215,BUY,0.6827956989247312,rompimento favorece compra; esperar aceitação/reteste
8,SWEEP_OR_FALSE_BREAK,MEDIUM,MIXED,UP,FALSE_BREAK,RESISTANCE,141,49.635127076124654,0.9147348590836006,1.0688612428757664,0.0,1.0,1.0,0.5177304964539007,0.46808510638297873,0.049645390070921946,0.18439716312056736,0.7872340425531915,-0.6028368794326242,0.3829787234042553,0.3971631205673759,-0.014184397163120588,0.14893617021276595,0.7092198581560284,-0.5602836879432624,BUY,0.6524822695035462,rompimento favorece compra; esperar aceitação/reteste
4,NORMAL_FLOW,MEDIUM,FULL,UP,BREAKOUT,RESISTANCE,145,50.850810776385146,0.9664561645901988,0.9407592283702272,1.0,0.0,0.0,0.503448275862069,0.4827586206896552,0.02068965517241378,0.18620689655172415,0.8137931034482758,-0.6275862068965516,0.36551724137931035,0.41379310344827586,-0.0482758620689655,0.21379310344827587,0.6758620689655173,-0.4620689655172414,BUY,0.6482758620689655,rompimento favorece compra; esperar aceitação/reteste
7,SWEEP_OR_FALSE_BREAK,MEDIUM,MIXED,UP,FALSE_BREAK,SUPPORT,124,47.757622457263764,0.903809292890764,0.9974499329357426,0.0,1.0,1.0,0.46774193548387094,0.5241935483870968,-0.05645161290322581,0.16129032258064516,0.8306451612903226,-0.6693548387096775,0.4032258064516129,0.4435483870967742,-0.04032258064516131,0.1693548387096774,0.75,-0.5806451612903226,BUY,0.6129032258064517,defesa do suporte favorece compra; evitar vender fundo esticado
16,NORMAL_FLOW,MEDIUM,FULL,UP,BREAKOUT,RESISTANCE,130,49.959590362969955,0.9479450289241144,0.9072805893374508,1.0,0.0,0.0,0.49230769230769234,0.5,-0.007692307692307665,0.18461538461538463,0.8,-0.6153846153846154,0.47692307692307695,0.4307692307692308,0.046153846153846156,0.2,0.7384615384615385,-0.5384615384615385,BUY,0.6076923076923078,rompimento favorece compra; esperar aceitação/reteste
9,EXPANSION,EXTREME,FULL,UP,BREAKOUT,RESISTANCE,127,89.78178577014367,1.9434081495711093,1.630568993416103,1.0,0.12598425196850394,0.12598425196850394,0.4566929133858268,0.5118110236220472,-0.05511811023622043,0.15748031496062992,0.8110236220472441,-0.6535433070866141,0.31496062992125984,0.33070866141732286,-0.01574803149606302,0.11023622047244094,0.6220472440944882,-0.5118110236220472,BUY,0.5984251968503937,rompimento favorece compra; esperar aceitação/reteste
11,SWEEP_OR_FALSE_BREAK,MEDIUM,MIXED,UP,FALSE_BREAK,RESISTANCE,169,48.825168512926425,0.7984062173093122,0.9507399442704718,0.0,1.0,1.0,0.4970414201183432,0.4970414201183432,0.0,0.20118343195266272,0.7988165680473372,-0.5976331360946745,0.38461538461538464,0.46153846153846156,-0.07692307692307693,0.22485207100591717,0.6863905325443787,-0.46153846153846145,BUY,0.5976331360946745,rompimento favorece compra; esperar aceitação/reteste
15,SWEEP_OR_FALSE_BREAK,LOW,MIXED,UP,FALSE_BREAK,SUPPORT,159,29.183162420197085,0.6563298202286704,0.8017779025720855,0.0,1.0,0.9937106918238994,0.46540880503144655,0.5157232704402516,-0.05031446540880502,0.1761006289308176,0.8176100628930818,-0.6415094339622642,0.4025157232704403,0.5031446540880503,-0.10062893081761004,0.2138364779874214,0.7295597484276729,-0.5157232704402515,BUY,0.5911949685534592,defesa do suporte favorece compra; evitar vender fundo esticado
15,SWEEP_OR_FALSE_BREAK,LOW,MIXED,UP,FALSE_BREAK,RESISTANCE,179,29.311078552630214,0.6524039734508799,0.8072458382837067,0.0,1.0,0.994413407821229,0.46368715083798884,0.5139664804469274,-0.05027932960893855,0.18435754189944134,0.8100558659217877,-0.6256983240223464,0.39106145251396646,0.5307262569832403,-0.13966480446927382,0.22905027932960895,0.7206703910614525,-0.4916201117318435,BUY,0.5754189944134078,rompimento favorece compra; esperar aceitação/reteste
5,SWEEP_OR_FALSE_BREAK,LOW,MIXED,UP,FALSE_BREAK,SUPPORT,125,31.17303524599479,0.7087668280752276,0.8175755022971568,0.0,1.0,1.0,0.48,0.512,-0.03200000000000003,0.2,0.8,-0.6000000000000001,0.392,0.472,-0.07999999999999996,0.192,0.688,-0.49599999999999994,BUY,0.5680000000000001,defesa do suporte favorece compra; evitar vender fundo esticado
4,SWEEP_OR_FALSE_BREAK,MEDIUM,MIXED,UP,FALSE_BREAK,RESISTANCE,133,49.212774653309005,0.9352727527602728,1.0167036904005617,0.0,1.0,1.0,0.47368421052631576,0.518796992481203,-0.04511278195488727,0.19548872180451127,0.8045112781954887,-0.6090225563909775,0.3609022556390977,0.42105263157894735,-0.06015037593984962,0.22556390977443608,0.6842105263157895,-0.4586466165413534,BUY,0.5639097744360901,rompimento favorece compra; esperar aceitação/reteste
12,SWEEP_OR_FALSE_BREAK,LOW,MIXED,UP,FALSE_BREAK,SUPPORT,204,30.8221444491125,0.6466656002729482,0.7524167484617358,0.0,1.0,0.9950980392156863,0.45098039215686275,0.5245098039215687,-0.0735294117647059,0.18137254901960784,0.803921568627451,-0.6225490196078431,0.44607843137254904,0.4852941176470588,-0.039215686274509776,0.2107843137254902,0.7205882352941176,-0.5098039215686274,BUY,0.5490196078431373,defesa do suporte favorece compra; evitar vender fundo esticado
5,SWEEP_OR_FALSE_BREAK,LOW,MIXED,UP,FALSE_BREAK,RESISTANCE,144,31.12064125274672,0.698727431443822,0.8222156088028639,0.0,1.0,1.0,0.4791666666666667,0.5069444444444444,-0.027777777777777735,0.2152777777777778,0.7847222222222222,-0.5694444444444444,0.4027777777777778,0.4652777777777778,-0.0625,0.2013888888888889,0.6875,-0.4861111111111111,BUY,0.5416666666666667,rompimento favorece compra; esperar aceitação/reteste
21,SWEEP_OR_FALSE_BREAK,MEDIUM,MIXED,UP,FALSE_BREAK,RESISTANCE,152,51.68522660592455,0.9025690206534831,1.2738075859443305,0.0,1.0,1.0,0.45394736842105265,0.48026315789473684,-0.02631578947368418,0.20394736842105263,0.7697368421052632,-0.5657894736842105,0.40131578947368424,0.3684210526315789,0.03289473684210531,0.19736842105263158,0.6447368421052632,-0.4473684210526316,BUY,0.5394736842105263,rompimento favorece compra; esperar aceitação/reteste
23,SWEEP_OR_FALSE_BREAK,LOW,MIXED,UP,FALSE_BREAK,SUPPORT,160,29.190156243489447,0.704068886977472,0.7478304770533579,0.0,1.0,0.99375,0.44375,0.525,-0.08125000000000004,0.18125,0.8,-0.61875,0.4,0.51875,-0.11875000000000002,0.15625,0.73125,-0.575,BUY,0.5375,defesa do suporte favorece compra; evitar vender fundo esticado
5,SWEEP_OR_FALSE_BREAK,MEDIUM,MIXED,UP,FALSE_BREAK,SUPPORT,120,48.72567589301892,0.9214319802346992,1.0047106277224647,0.0,1.0,0.9916666666666667,0.4583333333333333,0.5333333333333333,-0.07500000000000001,0.2,0.8,-0.6000000000000001,0.375,0.4583333333333333,-0.08333333333333331,0.225,0.6916666666666667,-0.4666666666666667,BUY,0.5250000000000001,defesa do suporte favorece compra; evitar vender fundo esticado
12,SWEEP_OR_FALSE_BREAK,LOW,MIXED,UP,FALSE_BREAK,RESISTANCE,227,30.59197942836568,0.6421419600699223,0.7600103420334409,0.0,1.0,0.9955947136563876,0.44052863436123346,0.5374449339207048,-0.09691629955947134,0.18061674008810572,0.801762114537445,-0.6211453744493393,0.42731277533039647,0.5066079295154186,-0.07929515418502209,0.22466960352422907,0.7004405286343612,-0.4757709251101322,BUY,0.5242290748898679,rompimento favorece compra; esperar aceitação/reteste
11,NORMAL_FLOW,MEDIUM,FULL,UP,BREAKOUT,RESISTANCE,154,50.954904307823284,0.8120096809877723,0.8949660922906221,1.0,0.0,0.0,0.487012987012987,0.5064935064935064,-0.01948051948051943,0.24025974025974026,0.7597402597402597,-0.5194805194805194,0.35714285714285715,0.5324675324675324,-0.17532467532467527,0.22727272727272727,0.6688311688311688,-0.4415584415584415,BUY,0.5,rompimento favorece compra; esperar aceitação/reteste
10,EXPANSION,HIGH,FULL,UP,BREAKOUT,RESISTANCE,140,73.26765790605836,1.2106165812576872,1.1737823390594035,1.0,0.12857142857142856,0.12857142857142856,0.45,0.5285714285714286,-0.07857142857142857,0.20714285714285716,0.7785714285714286,-0.5714285714285714,0.34285714285714286,0.45714285714285713,-0.11428571428571427,0.17857142857142858,0.6142857142857143,-0.4357142857142857,BUY,0.4928571428571428,rompimento favorece compra; esperar aceitação/reteste
5,NORMAL_FLOW,MEDIUM,FULL,UP,BREAKOUT,RESISTANCE,120,50.305278472583815,0.9452449867858449,0.9030448133004974,1.0,0.0,0.0,0.45,0.5416666666666666,-0.09166666666666662,0.20833333333333334,0.7916666666666666,-0.5833333333333333,0.38333333333333336,0.5166666666666667,-0.13333333333333336,0.26666666666666666,0.6583333333333333,-0.39166666666666666,BUY,0.49166666666666664,rompimento favorece compra; esperar aceitação/reteste
0,SWEEP_OR_FALSE_BREAK,LOW,MIXED,UP,FALSE_BREAK,SUPPORT,131,29.760712230833615,0.69741373001381,0.7637985538048095,0.0,1.0,0.9923664122137404,0.4580152671755725,0.5343511450381679,-0.07633587786259544,0.21374045801526717,0.7786259541984732,-0.564885496183206,0.4351145038167939,0.5190839694656488,-0.08396946564885494,0.2366412213740458,0.6717557251908397,-0.4351145038167939,BUY,0.4885496183206106,defesa do suporte favorece compra; evitar vender fundo esticado
13,SWEEP_OR_FALSE_BREAK,LOW,MIXED,UP,FALSE_BREAK,SUPPORT,210,28.85054596690603,0.6367653396111924,0.7749059506765517,0.0,1.0,0.9952380952380953,0.44285714285714284,0.5333333333333333,-0.09047619047619049,0.22857142857142856,0.7619047619047619,-0.5333333333333333,0.4142857142857143,0.5142857142857142,-0.09999999999999992,0.24285714285714285,0.6857142857142857,-0.44285714285714284,BUY,0.44285714285714284,defesa do suporte favorece compra; evitar vender fundo esticado
7,SWEEP_OR_FALSE_BREAK,MEDIUM,MIXED,UP,FALSE_BREAK,RESISTANCE,148,48.18134176268716,0.9150938597078399,0.9922485410276436,0.0,1.0,1.0,0.43243243243243246,0.5608108108108109,-0.1283783783783784,0.20945945945945946,0.777027027027027,-0.5675675675675675,0.38513513513513514,0.4527027027027027,-0.06756756756756754,0.19594594594594594,0.6824324324324325,-0.4864864864864865,BUY,0.43918918918918914,rompimento favorece compra; esperar aceitação/reteste
2,SWEEP_OR_FALSE_BREAK,MEDIUM,MIXED,UP,FALSE_BREAK,RESISTANCE,142,50.745106351803514,0.9215930450788149,1.1330631127554227,0.0,1.0,0.9929577464788732,0.4507042253521127,0.5422535211267606,-0.09154929577464793,0.22535211267605634,0.7464788732394366,-0.5211267605633803,0.33098591549295775,0.43661971830985913,-0.10563380281690138,0.19014084507042253,0.6338028169014085,-0.443661971830986,BUY,0.4295774647887323,rompimento favorece compra; esperar aceitação/reteste
13,SWEEP_OR_FALSE_BREAK,LOW,MIXED,UP,FALSE_BREAK,RESISTANCE,245,29.052851991872615,0.6414156384818502,0.7829027327743225,0.0,1.0,0.9959183673469387,0.42857142857142855,0.5428571428571428,-0.11428571428571427,0.22857142857142856,0.763265306122449,-0.5346938775510205,0.4163265306122449,0.5224489795918368,-0.10612244897959189,0.2612244897959184,0.6816326530612244,-0.42040816326530606,BUY,0.4204081632653062,rompimento favorece compra; esperar aceitação/reteste
23,SWEEP_OR_FALSE_BREAK,LOW,MIXED,UP,FALSE_BREAK,RESISTANCE,180,29.079018338021427,0.7054659732449805,0.7493802376272531,0.0,1.0,0.9944444444444445,0.40555555555555556,0.5722222222222222,-0.16666666666666663,0.2,0.7833333333333333,-0.5833333333333333,0.38333333333333336,0.5222222222222223,-0.1388888888888889,0.18888888888888888,0.7055555555555556,-0.5166666666666667,BUY,0.41666666666666663,rompimento favorece compra; esperar aceitação/reteste
5,SWEEP_OR_FALSE_BREAK,MEDIUM,MIXED,UP,FALSE_BREAK,RESISTANCE,143,48.6104561025752,0.9169943889078535,0.9942317309375197,0.0,1.0,0.986013986013986,0.42657342657342656,0.5664335664335665,-0.1398601398601399,0.23076923076923078,0.7692307692307693,-0.5384615384615385,0.34965034965034963,0.4965034965034965,-0.14685314685314688,0.2097902097902098,0.7062937062937062,-0.49650349650349646,BUY,0.39860139860139865,rompimento favorece compra; esperar aceitação/reteste
1,SWEEP_OR_FALSE_BREAK,LOW,MIXED,UP,FALSE_BREAK,RESISTANCE,145,30.155908673274162,0.6951115633626406,0.8057344310629321,0.0,1.0,1.0,0.42758620689655175,0.5586206896551724,-0.13103448275862067,0.23448275862068965,0.7586206896551724,-0.5241379310344827,0.3793103448275862,0.5172413793103449,-0.13793103448275867,0.2482758620689655,0.6482758620689655,-0.39999999999999997,BUY,0.393103448275862,rompimento favorece compra; esperar aceitação/reteste
11,EXPANSION,HIGH,FULL,UP,BREAKOUT,RESISTANCE,138,71.13170045506331,1.228328164783449,1.019460658279546,1.0,0.13768115942028986,0.13768115942028986,0.39855072463768115,0.572463768115942,-0.17391304347826086,0.21739130434782608,0.782608695652174,-0.5652173913043479,0.34782608695652173,0.5362318840579711,-0.18840579710144933,0.2391304347826087,0.6086956521739131,-0.3695652173913044,BUY,0.39130434782608703,rompimento favorece compra; esperar aceitação/reteste
0,SWEEP_OR_FALSE_BREAK,LOW,MIXED,UP,FALSE_BREAK,RESISTANCE,145,29.834145963507222,0.698964082806914,0.7814258201472457,0.0,1.0,0.993103448275862,0.42758620689655175,0.5655172413793104,-0.13793103448275862,0.23448275862068965,0.7586206896551724,-0.5241379310344827,0.4068965517241379,0.5448275862068965,-0.13793103448275862,0.25517241379310346,0.6689655172413793,-0.41379310344827586,BUY,0.3862068965517241,rompimento favorece compra; esperar aceitação/reteste
3,SWEEP_OR_FALSE_BREAK,MEDIUM,MIXED,UP,FALSE_BREAK,RESISTANCE,140,49.42512846739767,0.9279400863939157,1.0474302431745233,0.0,1.0,0.9928571428571429,0.39285714285714285,0.5857142857142857,-0.1928571428571429,0.22142857142857142,0.7785714285714286,-0.5571428571428572,0.2714285714285714,0.5357142857142857,-0.2642857142857143,0.21428571428571427,0.6357142857142857,-0.4214285714285714,BUY,0.36428571428571427,rompimento favorece compra; esperar aceitação/reteste
10,EXPANSION,EXTREME,FULL,UP,BREAKOUT,RESISTANCE,186,88.49906416432796,1.717204239235562,1.4364821777134014,1.0,0.12365591397849462,0.12365591397849462,0.3870967741935484,0.5860215053763441,-0.19892473118279574,0.20967741935483872,0.7634408602150538,-0.553763440860215,0.3010752688172043,0.40860215053763443,-0.10752688172043012,0.1989247311827957,0.5483870967741935,-0.3494623655913978,BUY,0.35483870967741926,rompimento favorece compra; esperar aceitação/reteste
14,SWEEP_OR_FALSE_BREAK,LOW,MIXED,UP,FALSE_BREAK,SUPPORT,160,29.328796383720885,0.6385125987075427,0.8175207453987433,0.0,1.0,0.99375,0.4125,0.575,-0.16249999999999998,0.23125,0.74375,-0.5125,0.43125,0.5125,-0.08124999999999993,0.25625,0.66875,-0.4125,BUY,0.35,defesa do suporte favorece compra; evitar vender fundo esticado
15,NORMAL_FLOW,MEDIUM,FULL,UP,BREAKOUT,RESISTANCE,123,49.96508282241302,0.9251620180432059,0.8818347802595633,1.0,0.0,0.0,0.4146341463414634,0.5691056910569106,-0.15447154471544716,0.25203252032520324,0.7398373983739838,-0.48780487804878053,0.37398373983739835,0.5853658536585366,-0.2113821138211382,0.3008130081300813,0.6504065040650406,-0.3495934959349593,BUY,0.33333333333333337,rompimento favorece compra; esperar aceitação/reteste
4,SWEEP_OR_FALSE_BREAK,LOW,MIXED,UP,FALSE_BREAK,RESISTANCE,142,30.626892218575378,0.7274703771263455,0.833869981240771,0.0,1.0,0.9859154929577465,0.43661971830985913,0.5492957746478874,-0.11267605633802824,0.2676056338028169,0.7112676056338029,-0.443661971830986,0.3380281690140845,0.528169014084507,-0.1901408450704225,0.2605633802816901,0.6197183098591549,-0.35915492957746475,BUY,0.33098591549295775,rompimento favorece compra; esperar aceitação/reteste
9,SWEEP_OR_FALSE_BREAK,MEDIUM,MIXED,UP,FALSE_BREAK,RESISTANCE,140,51.009549871646556,0.8939342556151134,1.1158066771496908,0.0,1.0,0.9857142857142858,0.35714285714285715,0.6071428571428571,-0.24999999999999994,0.22142857142857142,0.7428571428571429,-0.5214285714285715,0.34285714285714286,0.44285714285714284,-0.09999999999999998,0.19285714285714287,0.55,-0.3571428571428572,BUY,0.2714285714285715,rompimento favorece compra; esperar aceitação/reteste
14,SWEEP_OR_FALSE_BREAK,LOW,MIXED,UP,FALSE_BREAK,RESISTANCE,176,29.381149143845732,0.6316370455986724,0.8254219305415075,0.0,1.0,0.9829545454545454,0.39204545454545453,0.5965909090909091,-0.20454545454545453,0.2556818181818182,0.7159090909090909,-0.46022727272727276,0.4090909090909091,0.5340909090909091,-0.12499999999999994,0.25,0.6818181818181818,-0.43181818181818177,BUY,0.25568181818181823,rompimento favorece compra; esperar aceitação/reteste
6,SWEEP_OR_FALSE_BREAK,LOW,MIXED,UP,FALSE_BREAK,RESISTANCE,138,31.59526758473937,0.7057375031135833,0.8364506863395007,0.0,1.0,0.9855072463768116,0.4057971014492754,0.5869565217391305,-0.1811594202898551,0.2826086956521739,0.717391304347826,-0.43478260869565216,0.35507246376811596,0.5579710144927537,-0.2028985507246377,0.26811594202898553,0.6811594202898551,-0.41304347826086957,BUY,0.25362318840579706,rompimento favorece compra; esperar aceitação/reteste
14,NORMAL_FLOW,MEDIUM,FULL,UP,BREAKOUT,RESISTANCE,127,50.04802571686035,0.9238926786354198,0.8981767690705822,1.0,0.0,0.0,0.3543307086614173,0.6141732283464567,-0.2598425196850394,0.2440944881889764,0.7480314960629921,-0.5039370078740157,0.30708661417322836,0.5511811023622047,-0.2440944881889764,0.23622047244094488,0.6456692913385826,-0.40944881889763773,BUY,0.24409448818897633,rompimento favorece compra; esperar aceitação/reteste
13,SWEEP_OR_FALSE_BREAK,LOW,NONE,MIXED,FALSE_BREAK,SUPPORT,221,29.78639946510756,0.6503900804755317,0.8003037565999188,0.0,1.0,1.0,0.3936651583710407,0.5927601809954751,-0.1990950226244344,0.28054298642533937,0.7013574660633484,-0.420814479638009,0.3438914027149321,0.583710407239819,-0.23981900452488691,0.2669683257918552,0.6515837104072398,-0.38461538461538464,BUY,0.2217194570135746,defesa do suporte favorece compra; evitar vender fundo esticado
7,SWEEP_OR_FALSE_BREAK,LOW,MIXED,UP,FALSE_BREAK,SUPPORT,145,30.931241033977695,0.711241288326565,0.8389374482778535,0.0,1.0,1.0,0.3793103448275862,0.6206896551724138,-0.24137931034482762,0.27586206896551724,0.7241379310344828,-0.4482758620689655,0.3310344827586207,0.5517241379310345,-0.2206896551724138,0.2482758620689655,0.6344827586206897,-0.3862068965517242,BUY,0.2068965517241379,defesa do suporte favorece compra; evitar vender fundo esticado
7,SWEEP_OR_FALSE_BREAK,LOW,MIXED,UP,FALSE_BREAK,RESISTANCE,164,31.044433467202786,0.712651530513956,0.8367162723175992,0.0,1.0,0.9878048780487805,0.3780487804878049,0.6219512195121951,-0.24390243902439024,0.2865853658536585,0.7134146341463414,-0.4268292682926829,0.32926829268292684,0.5548780487804879,-0.225609756097561,0.2682926829268293,0.6219512195121951,-0.35365853658536583,BUY,0.18292682926829268,rompimento favorece compra; esperar aceitação/reteste
13,SWEEP_OR_FALSE_BREAK,LOW,NONE,MIXED,FALSE_BREAK,RESISTANCE,225,29.70807891261037,0.6433286996760257,0.7970200550929326,0.0,1.0,1.0,0.37333333333333335,0.6088888888888889,-0.23555555555555557,0.28888888888888886,0.6933333333333334,-0.4044444444444445,0.3288888888888889,0.6,-0.2711111111111111,0.27555555555555555,0.6355555555555555,-0.36,BUY,0.16888888888888892,rompimento favorece compra; esperar aceitação/reteste
3,SWEEP_OR_FALSE_BREAK,MEDIUM,NONE,MIXED,FALSE_BREAK,SUPPORT,132,50.352385096768955,0.9578554548381302,1.0487991150879417,0.0,1.0,0.9924242424242424,0.36363636363636365,0.6287878787878788,-0.26515151515151514,0.2803030303030303,0.696969696969697,-0.41666666666666674,0.20454545454545456,0.5757575757575758,-0.3712121212121212,0.25757575757575757,0.5984848484848485,-0.34090909090909094,BUY,0.1515151515151516,defesa do suporte favorece compra; evitar vender fundo esticado
13,NORMAL_FLOW,MEDIUM,MIXED,UP,BREAKOUT,RESISTANCE,130,49.07707093264272,0.8837890185879277,0.8495018465337811,1.0,0.0,0.0,0.3230769230769231,0.6307692307692307,-0.30769230769230765,0.2923076923076923,0.7,-0.40769230769230763,0.3769230769230769,0.5461538461538461,-0.16923076923076918,0.2692307692307692,0.6692307692307692,-0.39999999999999997,BUY,0.09999999999999998,rompimento favorece compra; esperar aceitação/reteste
7,NORMAL_FLOW,MEDIUM,MIXED,UP,BREAKOUT,RESISTANCE,132,49.10443463547853,0.9257109661276096,0.9017694584407139,1.0,0.0,0.0,0.3560606060606061,0.6439393939393939,-0.28787878787878785,0.3106060606060606,0.6818181818181818,-0.37121212121212116,0.3409090909090909,0.5681818181818182,-0.22727272727272735,0.3106060606060606,0.5833333333333334,-0.27272727272727276,BUY,0.08333333333333331,rompimento favorece compra; esperar aceitação/reteste
0,SWEEP_OR_FALSE_BREAK,LOW,NONE,MIXED,FALSE_BREAK,SUPPORT,184,30.117871038174723,0.7161792952331872,0.7638486270270548,0.0,1.0,0.9891304347826086,0.33695652173913043,0.6413043478260869,-0.3043478260869565,0.30434782608695654,0.6793478260869565,-0.375,0.32608695652173914,0.6141304347826086,-0.2880434782608695,0.32608695652173914,0.6141304347826086,-0.2880434782608695,BUY,0.07065217391304351,defesa do suporte favorece compra; evitar vender fundo esticado
12,SWEEP_OR_FALSE_BREAK,LOW,NONE,MIXED,FALSE_BREAK,SUPPORT,219,31.151529497024004,0.6463159508968183,0.763207270705208,0.0,1.0,0.9908675799086758,0.3561643835616438,0.6301369863013698,-0.273972602739726,0.3287671232876712,0.6621004566210046,-0.33333333333333337,0.3378995433789954,0.6027397260273972,-0.2648401826484018,0.3424657534246575,0.5844748858447488,-0.2420091324200913,BUY,0.05936073059360736,defesa do suporte favorece compra; evitar vender fundo esticado
5,SWEEP_OR_FALSE_BREAK,MEDIUM,NONE,MIXED,FALSE_BREAK,SUPPORT,151,47.674774417410504,0.9086178148770614,0.9679022027524319,0.0,1.0,1.0,0.33774834437086093,0.6622516556291391,-0.3245033112582782,0.31788079470198677,0.6821192052980133,-0.3642384105960265,0.33774834437086093,0.5695364238410596,-0.2317880794701987,0.24503311258278146,0.6225165562913907,-0.3774834437086092,BUY,0.039735099337748325,sem vantagem clara; esperar confirmação
15,SWEEP_OR_FALSE_BREAK,LOW,NONE,MIXED,FALSE_BREAK,SUPPORT,176,29.452472937259998,0.6766021544582592,0.8051239275677026,0.0,1.0,1.0,0.32386363636363635,0.6534090909090909,-0.3295454545454546,0.3181818181818182,0.6704545454545454,-0.35227272727272724,0.3125,0.6079545454545454,-0.2954545454545454,0.29545454545454547,0.625,-0.32954545454545453,BUY,0.02272727272727265,sem vantagem clara; esperar confirmação
12,SWEEP_OR_FALSE_BREAK,LOW,NONE,MIXED,FALSE_BREAK,RESISTANCE,224,31.02907568651622,0.6413126664416803,0.7598265033949769,0.0,1.0,0.9910714285714286,0.3392857142857143,0.6473214285714286,-0.3080357142857143,0.33035714285714285,0.65625,-0.32589285714285715,0.33482142857142855,0.6205357142857143,-0.28571428571428575,0.3392857142857143,0.59375,-0.2544642857142857,BUY,0.01785714285714285,sem vantagem clara; esperar confirmação
9,SWEEP_OR_FALSE_BREAK,MEDIUM,NONE,MIXED,FALSE_BREAK,SUPPORT,126,50.90503506262769,0.9227875909678013,1.1439314720675127,0.0,1.0,1.0,0.29365079365079366,0.6825396825396826,-0.3888888888888889,0.2857142857142857,0.6825396825396826,-0.39682539682539686,0.2777777777777778,0.5317460317460317,-0.25396825396825395,0.2698412698412698,0.5079365079365079,-0.23809523809523808,BUY,0.007936507936507964,sem vantagem clara; esperar confirmação
13,NORMAL_FLOW,MEDIUM,MIXED,DOWN,BREAKOUT,SUPPORT,131,49.37215568219651,0.876624742675218,0.8809725632064753,1.0,0.0,0.0,0.3282442748091603,0.6641221374045801,-0.33587786259541985,0.3282442748091603,0.6717557251908397,-0.3435114503816794,0.29770992366412213,0.6030534351145038,-0.3053435114503817,0.29770992366412213,0.6259541984732825,-0.32824427480916035,BUY,0.007633587786259555,sem vantagem clara; esperar confirmação
4,SWEEP_OR_FALSE_BREAK,MEDIUM,NONE,MIXED,FALSE_BREAK,SUPPORT,150,49.23038499691817,0.9552010447523284,1.0221455208418904,0.0,1.0,1.0,0.30666666666666664,0.6866666666666666,-0.38,0.31333333333333335,0.68,-0.3666666666666667,0.26,0.58,-0.31999999999999995,0.29333333333333333,0.54,-0.2466666666666667,SELL,-0.013333333333333308,sem vantagem clara; esperar confirmação
1,SWEEP_OR_FALSE_BREAK,LOW,NONE,MIXED,FALSE_BREAK,SUPPORT,142,29.495234211971717,0.6861398410863876,0.7930063324743759,0.0,1.0,0.9929577464788732,0.3028169014084507,0.676056338028169,-0.3732394366197183,0.31690140845070425,0.676056338028169,-0.35915492957746475,0.2535211267605634,0.6408450704225352,-0.38732394366197187,0.28169014084507044,0.5845070422535211,-0.3028169014084507,SELL,-0.014084507042253558,sem vantagem clara; esperar confirmação
4,SWEEP_OR_FALSE_BREAK,LOW,NONE,MIXED,FALSE_BREAK,SUPPORT,132,31.62869376784596,0.7143687360064548,0.861098530269329,0.0,1.0,1.0,0.3484848484848485,0.6515151515151515,-0.303030303030303,0.3484848484848485,0.6363636363636364,-0.28787878787878785,0.30303030303030304,0.5757575757575758,-0.27272727272727276,0.30303030303030304,0.5151515151515151,-0.2121212121212121,SELL,-0.015151515151515138,sem vantagem clara; esperar confirmação
23,SWEEP_OR_FALSE_BREAK,LOW,NONE,MIXED,FALSE_BREAK,SUPPORT,176,30.674899548541234,0.719899874117283,0.7782373515343473,0.0,1.0,1.0,0.32386363636363635,0.6704545454545454,-0.34659090909090906,0.32386363636363635,0.6534090909090909,-0.3295454545454546,0.2784090909090909,0.6193181818181818,-0.3409090909090909,0.3125,0.5909090909090909,-0.27840909090909094,SELL,-0.017045454545454475,sem vantagem clara; esperar confirmação
6,SWEEP_OR_FALSE_BREAK,MEDIUM,NONE,MIXED,FALSE_BREAK,SUPPORT,129,49.928957863880974,0.9347282569468116,0.9925056022728391,0.0,1.0,0.9922480620155039,0.3178294573643411,0.6744186046511628,-0.3565891472868217,0.32558139534883723,0.6511627906976745,-0.32558139534883723,0.34108527131782945,0.5271317829457365,-0.18604651162790703,0.26356589147286824,0.5658914728682171,-0.3023255813953488,SELL,-0.03100775193798444,sem vantagem clara; esperar confirmação
0,SWEEP_OR_FALSE_BREAK,LOW,NONE,MIXED,FALSE_BREAK,RESISTANCE,182,30.22107483410693,0.7175434217305741,0.7685067350417045,0.0,1.0,0.9835164835164835,0.3131868131868132,0.6648351648351648,-0.3516483516483516,0.33516483516483514,0.6428571428571429,-0.30769230769230776,0.3076923076923077,0.6208791208791209,-0.3131868131868132,0.33516483516483514,0.6098901098901099,-0.2747252747252748,SELL,-0.043956043956043855,sem vantagem clara; esperar confirmação
21,SWEEP_OR_FALSE_BREAK,MEDIUM,NONE,MIXED,FALSE_BREAK,SUPPORT,147,51.48672973360127,0.8953212057823244,1.2080117888928963,0.0,1.0,1.0,0.2925170068027211,0.6666666666666666,-0.37414965986394555,0.3333333333333333,0.6462585034013606,-0.3129251700680273,0.2585034013605442,0.5170068027210885,-0.2585034013605442,0.272108843537415,0.5034013605442177,-0.2312925170068027,SELL,-0.06122448979591827,rompimento favorece venda; esperar aceitação abaixo
15,SWEEP_OR_FALSE_BREAK,LOW,NONE,MIXED,FALSE_BREAK,RESISTANCE,182,29.7258588093305,0.679681748204829,0.8103741697053617,0.0,1.0,0.9945054945054945,0.3021978021978022,0.6758241758241759,-0.3736263736263737,0.34065934065934067,0.6483516483516484,-0.3076923076923077,0.3131868131868132,0.6208791208791209,-0.3076923076923077,0.3076923076923077,0.6208791208791209,-0.3131868131868132,SELL,-0.06593406593406598,rejeição favorece venda; evitar comprar topo esticado
5,SWEEP_OR_FALSE_BREAK,MEDIUM,NONE,MIXED,FALSE_BREAK,RESISTANCE,152,47.58665802585521,0.9069380369357615,0.9670240238492595,0.0,1.0,1.0,0.3092105263157895,0.6842105263157895,-0.375,0.34868421052631576,0.6513157894736842,-0.3026315789473684,0.29605263157894735,0.5986842105263158,-0.3026315789473685,0.2894736842105263,0.5723684210526315,-0.2828947368421052,SELL,-0.07236842105263158,rejeição favorece venda; evitar comprar topo esticado
6,SWEEP_OR_FALSE_BREAK,LOW,NONE,MIXED,FALSE_BREAK,SUPPORT,163,30.459211646120057,0.6874337187065203,0.8074060043424721,0.0,1.0,0.9938650306748467,0.294478527607362,0.6932515337423313,-0.3987730061349693,0.3374233128834356,0.6625766871165644,-0.3251533742331288,0.3067484662576687,0.5398773006134969,-0.2331288343558282,0.25153374233128833,0.656441717791411,-0.4049079754601227,SELL,-0.07361963190184051,rompimento favorece venda; esperar aceitação abaixo
7,SWEEP_OR_FALSE_BREAK,MEDIUM,NONE,MIXED,FALSE_BREAK,SUPPORT,127,49.44818899583789,0.9077203695923558,1.0270850974147367,0.0,1.0,1.0,0.3464566929133858,0.6456692913385826,-0.2992125984251968,0.3858267716535433,0.5984251968503937,-0.21259842519685046,0.28346456692913385,0.6062992125984252,-0.3228346456692914,0.3700787401574803,0.49606299212598426,-0.12598425196850394,SELL,-0.08661417322834636,rompimento favorece venda; esperar aceitação abaixo
3,SWEEP_OR_FALSE_BREAK,MEDIUM,NONE,MIXED,FALSE_BREAK,RESISTANCE,132,49.90504020497937,0.9335980093511868,1.056712383798653,0.0,1.0,0.9924242424242424,0.29545454545454547,0.696969696969697,-0.40151515151515155,0.3409090909090909,0.6439393939393939,-0.30303030303030304,0.2196969696969697,0.5757575757575758,-0.3560606060606061,0.30303030303030304,0.553030303030303,-0.24999999999999994,SELL,-0.09848484848484851,rejeição favorece venda; evitar comprar topo esticado
7,SWEEP_OR_FALSE_BREAK,LOW,NONE,MIXED,FALSE_BREAK,SUPPORT,171,30.670080561418462,0.7045442773584719,0.8183614972611771,0.0,1.0,0.9883040935672515,0.2982456140350877,0.7017543859649122,-0.40350877192982454,0.34502923976608185,0.6374269005847953,-0.2923976608187135,0.2573099415204678,0.6140350877192983,-0.35672514619883045,0.4093567251461988,0.49122807017543857,-0.08187134502923976,SELL,-0.11111111111111105,rompimento favorece venda; esperar aceitação abaixo
7,SWEEP_OR_FALSE_BREAK,MEDIUM,NONE,MIXED,FALSE_BREAK,RESISTANCE,132,49.25427888244649,0.9047907618190819,1.021542766253897,0.0,1.0,1.0,0.3333333333333333,0.6590909090909091,-0.32575757575757575,0.38636363636363635,0.5984848484848485,-0.21212121212121215,0.2803030303030303,0.6136363636363636,-0.33333333333333337,0.3939393939393939,0.4772727272727273,-0.08333333333333337,SELL,-0.11363636363636359,rejeição favorece venda; evitar comprar topo esticado
8,SWEEP_OR_FALSE_BREAK,MEDIUM,NONE,MIXED,FALSE_BREAK,SUPPORT,156,50.573549931966994,0.9320757840459795,1.0811115275678937,0.0,1.0,1.0,0.3141025641025641,0.6730769230769231,-0.35897435897435903,0.3717948717948718,0.6025641025641025,-0.23076923076923073,0.24358974358974358,0.5833333333333334,-0.33974358974358976,0.28846153846153844,0.5,-0.21153846153846156,SELL,-0.1282051282051283,rompimento favorece venda; esperar aceitação abaixo
11,SWEEP_OR_FALSE_BREAK,MEDIUM,NONE,MIXED,FALSE_BREAK,SUPPORT,140,50.00005476798891,0.8394259049819248,0.9537438553533869,0.0,1.0,1.0,0.2785714285714286,0.7214285714285714,-0.44285714285714284,0.34285714285714286,0.65,-0.30714285714285716,0.2571428571428571,0.6285714285714286,-0.37142857142857144,0.30714285714285716,0.5642857142857143,-0.2571428571428571,SELL,-0.13571428571428568,rompimento favorece venda; esperar aceitação abaixo
1,SWEEP_OR_FALSE_BREAK,LOW,NONE,MIXED,FALSE_BREAK,RESISTANCE,143,29.665715538898453,0.6934159065619375,0.7910427391569722,0.0,1.0,0.993006993006993,0.26573426573426573,0.7132867132867133,-0.4475524475524476,0.34265734265734266,0.6503496503496503,-0.30769230769230765,0.23776223776223776,0.6503496503496503,-0.41258741258741255,0.3146853146853147,0.5384615384615384,-0.22377622377622375,SELL,-0.13986013986013995,rejeição favorece venda; evitar comprar topo esticado
7,SWEEP_OR_FALSE_BREAK,LOW,NONE,MIXED,FALSE_BREAK,RESISTANCE,172,30.405033481499675,0.6985678830860543,0.8172864512370527,0.0,1.0,0.9883720930232558,0.28488372093023256,0.7151162790697675,-0.4302325581395349,0.3546511627906977,0.6337209302325582,-0.27906976744186046,0.2616279069767442,0.6337209302325582,-0.37209302325581395,0.43023255813953487,0.4941860465116279,-0.06395348837209303,SELL,-0.15116279069767447,rejeição favorece venda; evitar comprar topo esticado
23,SWEEP_OR_FALSE_BREAK,LOW,NONE,MIXED,FALSE_BREAK,RESISTANCE,184,30.39200448769136,0.7072709718643249,0.7716137677052878,0.0,1.0,1.0,0.28804347826086957,0.7065217391304348,-0.41847826086956524,0.3641304347826087,0.6086956521739131,-0.24456521739130438,0.2608695652173913,0.6467391304347826,-0.3858695652173913,0.3641304347826087,0.5434782608695652,-0.17934782608695649,SELL,-0.17391304347826086,rejeição favorece venda; evitar comprar topo esticado
9,SWEEP_OR_FALSE_BREAK,MEDIUM,NONE,MIXED,FALSE_BREAK,RESISTANCE,131,50.78817893823139,0.9152897300248352,1.1457297200144327,0.0,1.0,1.0,0.22900763358778625,0.7404580152671756,-0.5114503816793894,0.32061068702290074,0.6564885496183206,-0.33587786259541985,0.24427480916030533,0.5419847328244275,-0.2977099236641222,0.3053435114503817,0.4198473282442748,-0.1145038167938931,SELL,-0.17557251908396954,rejeição favorece venda; evitar comprar topo esticado
5,SWEEP_OR_FALSE_BREAK,LOW,NONE,MIXED,FALSE_BREAK,SUPPORT,174,31.91830236899981,0.7217718984620747,0.8417819788123505,0.0,1.0,0.9942528735632183,0.28735632183908044,0.7068965517241379,-0.41954022988505746,0.3735632183908046,0.6149425287356322,-0.24137931034482757,0.2471264367816092,0.6436781609195402,-0.39655172413793105,0.3390804597701149,0.5919540229885057,-0.25287356321839083,SELL,-0.1781609195402299,rompimento favorece venda; esperar aceitação abaixo
4,SWEEP_OR_FALSE_BREAK,LOW,NONE,MIXED,FALSE_BREAK,RESISTANCE,143,31.65580849337024,0.7131390781828791,0.8550988723614883,0.0,1.0,1.0,0.27972027972027974,0.7202797202797203,-0.4405594405594406,0.38461538461538464,0.6153846153846154,-0.23076923076923078,0.2517482517482518,0.6153846153846154,-0.36363636363636365,0.32167832167832167,0.5104895104895105,-0.18881118881118886,SELL,-0.2097902097902098,rejeição favorece venda; evitar comprar topo esticado
14,SWEEP_OR_FALSE_BREAK,LOW,NONE,MIXED,FALSE_BREAK,SUPPORT,197,29.104797994585798,0.6439546385205595,0.8319686454907474,0.0,1.0,0.9949238578680203,0.2639593908629442,0.7208121827411168,-0.4568527918781726,0.38071065989847713,0.6192893401015228,-0.23857868020304568,0.3096446700507614,0.6345177664974619,-0.32487309644670054,0.3147208121827411,0.6192893401015228,-0.3045685279187817,SELL,-0.21827411167512695,rompimento favorece venda; esperar aceitação abaixo
2,SWEEP_OR_FALSE_BREAK,MEDIUM,NONE,MIXED,FALSE_BREAK,SUPPORT,164,49.20248975179152,0.8933657467641273,1.141338990433567,0.0,1.0,0.9939024390243902,0.2621951219512195,0.7317073170731707,-0.4695121951219512,0.35365853658536583,0.6036585365853658,-0.25,0.2865853658536585,0.5426829268292683,-0.2560975609756098,0.2804878048780488,0.5121951219512195,-0.23170731707317072,SELL,-0.2195121951219512,rompimento favorece venda; esperar aceitação abaixo
14,SWEEP_OR_FALSE_BREAK,LOW,NONE,MIXED,FALSE_BREAK,RESISTANCE,199,29.401543205006696,0.6536842205882325,0.8350206018745749,0.0,1.0,0.9949748743718593,0.271356783919598,0.7185929648241206,-0.4472361809045226,0.3969849246231156,0.5979899497487438,-0.20100502512562818,0.3165829145728643,0.6231155778894473,-0.30653266331658297,0.33668341708542715,0.6130653266331658,-0.27638190954773867,SELL,-0.24623115577889443,rejeição favorece venda; evitar comprar topo esticado
11,EXPANSION,EXTREME,FULL,DOWN,BREAKOUT,SUPPORT,133,87.91020001197207,1.8865704682196738,1.332151810274807,1.0,0.12781954887218044,0.12781954887218044,0.2556390977443609,0.6992481203007519,-0.443609022556391,0.3609022556390977,0.5488721804511278,-0.18796992481203012,0.21052631578947367,0.49624060150375937,-0.2857142857142857,0.3007518796992481,0.37593984962406013,-0.07518796992481203,SELL,-0.2556390977443609,rompimento favorece venda; esperar aceitação abaixo
21,SWEEP_OR_FALSE_BREAK,MEDIUM,NONE,MIXED,FALSE_BREAK,RESISTANCE,151,51.94072788248654,0.8913347122559416,1.235801759785576,0.0,1.0,1.0,0.2251655629139073,0.7350993377483444,-0.509933774834437,0.3509933774834437,0.6026490066225165,-0.2516556291390728,0.23178807947019867,0.543046357615894,-0.3112582781456954,0.2847682119205298,0.47019867549668876,-0.18543046357615894,SELL,-0.2582781456953642,rejeição favorece venda; evitar comprar topo esticado
6,SWEEP_OR_FALSE_BREAK,LOW,NONE,MIXED,FALSE_BREAK,RESISTANCE,166,30.113665222360517,0.6822870228687943,0.806564054893445,0.0,1.0,0.9939759036144579,0.26506024096385544,0.7289156626506024,-0.4638554216867469,0.39759036144578314,0.6024096385542169,-0.20481927710843378,0.2891566265060241,0.5783132530120482,-0.2891566265060241,0.2891566265060241,0.6204819277108434,-0.33132530120481934,SELL,-0.25903614457831314,rejeição favorece venda; evitar comprar topo esticado
5,SWEEP_OR_FALSE_BREAK,LOW,NONE,MIXED,FALSE_BREAK,RESISTANCE,166,31.520241062365184,0.7203370141669572,0.8394618065575329,0.0,1.0,1.0,0.2710843373493976,0.7228915662650602,-0.45180722891566266,0.39759036144578314,0.5903614457831325,-0.1927710843373494,0.24096385542168675,0.6746987951807228,-0.4337349397590361,0.3373493975903614,0.5783132530120482,-0.24096385542168675,SELL,-0.25903614457831325,rejeição favorece venda; evitar comprar topo esticado
2,SWEEP_OR_FALSE_BREAK,MEDIUM,NONE,MIXED,FALSE_BREAK,RESISTANCE,161,49.49791320549451,0.8855553292647669,1.1262878116502375,0.0,1.0,0.9937888198757764,0.2608695652173913,0.7391304347826086,-0.47826086956521735,0.38509316770186336,0.6024844720496895,-0.2173913043478261,0.2608695652173913,0.5900621118012422,-0.32919254658385094,0.3105590062111801,0.4968944099378882,-0.1863354037267081,SELL,-0.26086956521739124,rejeição favorece venda; evitar comprar topo esticado
4,SWEEP_OR_FALSE_BREAK,MEDIUM,NONE,MIXED,FALSE_BREAK,RESISTANCE,149,48.82146187186291,0.9582964299204946,1.0217543360508063,0.0,1.0,1.0,0.2348993288590604,0.7583892617449665,-0.5234899328859061,0.3691275167785235,0.6174496644295302,-0.24832214765100669,0.22818791946308725,0.6241610738255033,-0.3959731543624161,0.3422818791946309,0.47651006711409394,-0.13422818791946306,SELL,-0.2751677852348994,rejeição favorece venda; evitar comprar topo esticado
11,SWEEP_OR_FALSE_BREAK,MEDIUM,NONE,MIXED,FALSE_BREAK,RESISTANCE,134,49.84297883895798,0.8283171095919244,0.9456373051727448,0.0,1.0,1.0,0.23880597014925373,0.7611940298507462,-0.5223880597014925,0.39552238805970147,0.6044776119402985,-0.208955223880597,0.2462686567164179,0.6417910447761194,-0.39552238805970147,0.3582089552238806,0.5223880597014925,-0.16417910447761191,SELL,-0.3134328358208955,rejeição favorece venda; evitar comprar topo esticado
8,SWEEP_OR_FALSE_BREAK,MEDIUM,NONE,MIXED,FALSE_BREAK,RESISTANCE,159,50.291044263986166,0.9315809590368773,1.0833694246597763,0.0,1.0,1.0,0.2578616352201258,0.7295597484276729,-0.4716981132075471,0.41509433962264153,0.5660377358490566,-0.15094339622641506,0.2578616352201258,0.5849056603773585,-0.3270440251572327,0.3270440251572327,0.49056603773584906,-0.16352201257861637,SELL,-0.32075471698113206,rejeição favorece venda; evitar comprar topo esticado
15,SWEEP_OR_FALSE_BREAK,LOW,MIXED,DOWN,FALSE_BREAK,SUPPORT,145,29.37488049855945,0.6793232339814754,0.8134330834834043,0.0,1.0,1.0,0.2482758620689655,0.7448275862068966,-0.4965517241379311,0.41379310344827586,0.5862068965517241,-0.17241379310344823,0.2896551724137931,0.6482758620689655,-0.35862068965517235,0.3931034482758621,0.5586206896551724,-0.16551724137931034,SELL,-0.32413793103448285,rompimento favorece venda; esperar aceitação abaixo
6,SWEEP_OR_FALSE_BREAK,MEDIUM,NONE,MIXED,FALSE_BREAK,RESISTANCE,126,49.43187244437381,0.9300774145637261,0.9807508598353417,0.0,1.0,1.0,0.24603174603174602,0.746031746031746,-0.5,0.40476190476190477,0.5793650793650794,-0.17460317460317465,0.29365079365079366,0.5873015873015873,-0.29365079365079366,0.31746031746031744,0.5238095238095238,-0.2063492063492064,SELL,-0.32539682539682535,rejeição favorece venda; evitar comprar topo esticado
22,SWEEP_OR_FALSE_BREAK,MEDIUM,MIXED,DOWN,FALSE_BREAK,SUPPORT,128,50.51458951918704,0.9468986320838256,1.0721431507435717,0.0,1.0,1.0,0.25,0.75,-0.5,0.4140625,0.5703125,-0.15625,0.2109375,0.5859375,-0.375,0.359375,0.4609375,-0.1015625,SELL,-0.34375,rompimento favorece venda; esperar aceitação abaixo
5,SWEEP_OR_FALSE_BREAK,MEDIUM,MIXED,DOWN,FALSE_BREAK,SUPPORT,123,49.1579015037303,0.9424173174855558,1.0080613067623796,0.0,1.0,0.991869918699187,0.21951219512195122,0.7642276422764228,-0.5447154471544716,0.4065040650406504,0.5691056910569106,-0.16260162601626016,0.21951219512195122,0.6178861788617886,-0.39837398373983746,0.3252032520325203,0.5447154471544715,-0.2195121951219512,SELL,-0.38211382113821146,rompimento favorece venda; esperar aceitação abaixo
1,SWEEP_OR_FALSE_BREAK,LOW,MIXED,DOWN,FALSE_BREAK,SUPPORT,124,30.856067094164988,0.6962324116404757,0.813165890198786,0.0,1.0,0.9919354838709677,0.21774193548387097,0.782258064516129,-0.564516129032258,0.4112903225806452,0.5806451612903226,-0.16935483870967744,0.20161290322580644,0.6854838709677419,-0.48387096774193544,0.3629032258064516,0.532258064516129,-0.16935483870967738,SELL,-0.39516129032258057,rompimento favorece venda; esperar aceitação abaixo
15,SWEEP_OR_FALSE_BREAK,LOW,MIXED,DOWN,FALSE_BREAK,RESISTANCE,132,29.060556134275515,0.6742593786273321,0.8099170964640563,0.0,1.0,1.0,0.22727272727272727,0.7651515151515151,-0.5378787878787878,0.4318181818181818,0.5681818181818182,-0.1363636363636364,0.2803030303030303,0.6515151515151515,-0.3712121212121212,0.38636363636363635,0.5606060606060606,-0.1742424242424242,SELL,-0.40151515151515144,rejeição favorece venda; evitar comprar topo esticado
14,SWEEP_OR_FALSE_BREAK,LOW,MIXED,DOWN,FALSE_BREAK,RESISTANCE,151,29.759348469517146,0.662024651178839,0.8286131284633671,0.0,1.0,1.0,0.1986754966887417,0.7814569536423841,-0.5827814569536424,0.40397350993377484,0.5827814569536424,-0.17880794701986752,0.25165562913907286,0.695364238410596,-0.44370860927152317,0.3973509933774834,0.5033112582781457,-0.1059602649006623,SELL,-0.40397350993377484,rejeição favorece venda; evitar comprar topo esticado
17,SWEEP_OR_FALSE_BREAK,LOW,MIXED,DOWN,FALSE_BREAK,SUPPORT,131,29.077958063774265,0.7638843601223675,0.6171011571693789,0.0,1.0,0.9847328244274809,0.24427480916030533,0.7404580152671756,-0.4961832061068703,0.45038167938931295,0.5343511450381679,-0.08396946564885499,0.25190839694656486,0.6641221374045801,-0.4122137404580153,0.40458015267175573,0.5038167938931297,-0.09923664122137399,SELL,-0.4122137404580153,rompimento favorece venda; esperar aceitação abaixo
14,SWEEP_OR_FALSE_BREAK,LOW,MIXED,DOWN,FALSE_BREAK,SUPPORT,167,29.53422428912609,0.6546096577593609,0.8325694245300401,0.0,1.0,0.9940119760479041,0.19760479041916168,0.7844311377245509,-0.5868263473053892,0.4491017964071856,0.5389221556886228,-0.08982035928143717,0.25748502994011974,0.6946107784431138,-0.43712574850299407,0.39520958083832336,0.5149700598802395,-0.11976047904191611,SELL,-0.497005988023952,rompimento favorece venda; esperar aceitação abaixo
5,SWEEP_OR_FALSE_BREAK,LOW,MIXED,DOWN,FALSE_BREAK,SUPPORT,126,31.00479893681081,0.7131765540769301,0.8410957814903552,0.0,1.0,0.9841269841269841,0.15873015873015872,0.8253968253968254,-0.6666666666666666,0.42063492063492064,0.5793650793650794,-0.15873015873015878,0.23809523809523808,0.6507936507936508,-0.41269841269841273,0.3968253968253968,0.49206349206349204,-0.09523809523809523,SELL,-0.5079365079365079,rompimento favorece venda; esperar aceitação abaixo
6,SWEEP_OR_FALSE_BREAK,MEDIUM,MIXED,DOWN,FALSE_BREAK,SUPPORT,147,49.09997788199354,0.9630249733004019,0.9956261125057562,0.0,1.0,1.0,0.22448979591836735,0.7551020408163265,-0.5306122448979591,0.47619047619047616,0.4965986394557823,-0.020408163265306145,0.19047619047619047,0.7006802721088435,-0.5102040816326531,0.40816326530612246,0.4557823129251701,-0.047619047619047616,SELL,-0.510204081632653,rompimento favorece venda; esperar aceitação abaixo
21,SWEEP_OR_FALSE_BREAK,MEDIUM,MIXED,DOWN,FALSE_BREAK,SUPPORT,121,51.44887139650293,0.8881511452944633,1.2300991707582205,0.0,1.0,1.0,0.1652892561983471,0.7768595041322314,-0.6115702479338843,0.4380165289256198,0.512396694214876,-0.07438016528925617,0.18181818181818182,0.6115702479338843,-0.42975206611570244,0.2892561983471074,0.4628099173553719,-0.1735537190082645,SELL,-0.5371900826446281,rompimento favorece venda; esperar aceitação abaixo
2,SWEEP_OR_FALSE_BREAK,MEDIUM,MIXED,DOWN,FALSE_BREAK,SUPPORT,136,50.039737284479344,0.9445565083269267,1.1153827312902111,0.0,1.0,0.9852941176470589,0.19852941176470587,0.7794117647058824,-0.5808823529411765,0.47058823529411764,0.49264705882352944,-0.022058823529411797,0.16911764705882354,0.6397058823529411,-0.4705882352941176,0.40441176470588236,0.41911764705882354,-0.01470588235294118,SELL,-0.5588235294117647,rompimento favorece venda; esperar aceitação abaixo
12,SWEEP_OR_FALSE_BREAK,LOW,MIXED,DOWN,FALSE_BREAK,SUPPORT,156,31.262273279390392,0.662995806596639,0.76629812990041,0.0,1.0,1.0,0.1858974358974359,0.8012820512820513,-0.6153846153846154,0.46153846153846156,0.5128205128205128,-0.05128205128205121,0.21794871794871795,0.7115384615384616,-0.4935897435897436,0.4166666666666667,0.5,-0.08333333333333331,SELL,-0.5641025641025642,rompimento favorece venda; esperar aceitação abaixo
10,EXPANSION,EXTREME,FULL,DOWN,BREAKOUT,SUPPORT,214,90.01274242598195,1.9012879074208973,1.5034121907542197,1.0,0.13551401869158877,0.13551401869158877,0.17757009345794392,0.780373831775701,-0.602803738317757,0.4532710280373832,0.46261682242990654,-0.009345794392523366,0.09813084112149532,0.5420560747663551,-0.44392523364485975,0.308411214953271,0.2850467289719626,0.023364485981308414,SELL,-0.5934579439252337,rompimento favorece venda; esperar aceitação abaixo
8,SWEEP_OR_FALSE_BREAK,MEDIUM,MIXED,DOWN,FALSE_BREAK,SUPPORT,135,50.226273775566504,0.9091162750279483,1.075683160286088,0.0,1.0,1.0,0.2074074074074074,0.7925925925925926,-0.5851851851851853,0.4962962962962963,0.48148148148148145,0.014814814814814836,0.16296296296296298,0.674074074074074,-0.5111111111111111,0.35555555555555557,0.45185185185185184,-0.09629629629629627,SELL,-0.6000000000000001,rompimento favorece venda; esperar aceitação abaixo
7,SWEEP_OR_FALSE_BREAK,LOW,MIXED,DOWN,FALSE_BREAK,SUPPORT,120,30.252355278058946,0.713367920137865,0.8381054043051919,0.0,1.0,0.9916666666666667,0.2,0.8,-0.6000000000000001,0.49166666666666664,0.48333333333333334,0.008333333333333304,0.18333333333333332,0.6916666666666667,-0.5083333333333333,0.45,0.44166666666666665,0.00833333333333336,SELL,-0.6083333333333334,rompimento favorece venda; esperar aceitação abaixo
13,SWEEP_OR_FALSE_BREAK,LOW,MIXED,DOWN,FALSE_BREAK,SUPPORT,170,30.655996021661313,0.6754435440715365,0.7853240840441147,0.0,1.0,1.0,0.2,0.7823529411764706,-0.5823529411764705,0.5117647058823529,0.4764705882352941,0.03529411764705881,0.22941176470588234,0.7529411764705882,-0.5235294117647059,0.45294117647058824,0.4823529411764706,-0.02941176470588236,SELL,-0.6176470588235293,rompimento favorece venda; esperar aceitação abaixo
4,SWEEP_OR_FALSE_BREAK,MEDIUM,MIXED,DOWN,FALSE_BREAK,SUPPORT,124,48.81355525274119,0.9630548680428668,1.0240773508882854,0.0,1.0,0.9919354838709677,0.20161290322580644,0.7903225806451613,-0.5887096774193548,0.5161290322580645,0.46774193548387094,0.04838709677419356,0.16129032258064516,0.7419354838709677,-0.5806451612903226,0.4274193548387097,0.4032258064516129,0.024193548387096808,SELL,-0.6370967741935483,rompimento favorece venda; esperar aceitação abaixo
12,SWEEP_OR_FALSE_BREAK,LOW,MIXED,DOWN,FALSE_BREAK,RESISTANCE,157,31.342428943708086,0.6647550480257313,0.771293769712757,0.0,1.0,1.0,0.16560509554140126,0.821656050955414,-0.6560509554140128,0.49044585987261147,0.4840764331210191,0.006369426751592355,0.21019108280254778,0.732484076433121,-0.5222929936305731,0.45222929936305734,0.4713375796178344,-0.019108280254777066,SELL,-0.6624203821656052,rejeição favorece venda; evitar comprar topo esticado
13,SWEEP_OR_FALSE_BREAK,LOW,MIXED,DOWN,FALSE_BREAK,RESISTANCE,162,30.328718736274293,0.669042340063639,0.7813048064615614,0.0,1.0,1.0,0.17901234567901234,0.8024691358024691,-0.6234567901234568,0.5308641975308642,0.46296296296296297,0.06790123456790126,0.2037037037037037,0.7777777777777778,-0.5740740740740741,0.4691358024691358,0.4567901234567901,0.012345679012345678,SELL,-0.691358024691358,rejeição favorece venda; evitar comprar topo esticado
0,SWEEP_OR_FALSE_BREAK,LOW,MIXED,DOWN,FALSE_BREAK,SUPPORT,181,29.82930374427986,0.688315902806063,0.766399070230334,0.0,1.0,0.994475138121547,0.16574585635359115,0.8287292817679558,-0.6629834254143646,0.5138121546961326,0.4530386740331492,0.06077348066298344,0.16574585635359115,0.7734806629834254,-0.6077348066298343,0.4419889502762431,0.4696132596685083,-0.027624309392265234,SELL,-0.7237569060773481,rompimento favorece venda; esperar aceitação abaixo
0,SWEEP_OR_FALSE_BREAK,LOW,MIXED,DOWN,FALSE_BREAK,RESISTANCE,169,29.65135927103292,0.678588466790129,0.7577565957899755,0.0,1.0,1.0,0.15976331360946747,0.834319526627219,-0.6745562130177515,0.514792899408284,0.44970414201183434,0.06508875739644965,0.16568047337278108,0.7692307692307693,-0.6035502958579881,0.4319526627218935,0.47337278106508873,-0.041420118343195256,SELL,-0.7396449704142012,rejeição favorece venda; evitar comprar topo esticado
23,SWEEP_OR_FALSE_BREAK,LOW,MIXED,DOWN,FALSE_BREAK,SUPPORT,144,30.539774333927614,0.6857208249129445,0.7945991118323962,0.0,1.0,0.9930555555555556,0.1736111111111111,0.8194444444444444,-0.6458333333333333,0.5555555555555556,0.4305555555555556,0.125,0.22916666666666666,0.6875,-0.45833333333333337,0.4513888888888889,0.4305555555555556,0.020833333333333315,SELL,-0.7708333333333333,rompimento favorece venda; esperar aceitação abaixo
23,SWEEP_OR_FALSE_BREAK,LOW,MIXED,DOWN,FALSE_BREAK,RESISTANCE,126,30.82003971218543,0.6844077893448633,0.7883342605433362,0.0,1.0,1.0,0.15079365079365079,0.8492063492063492,-0.6984126984126984,0.5873015873015873,0.3888888888888889,0.19841269841269843,0.19047619047619047,0.7222222222222222,-0.5317460317460317,0.49206349206349204,0.38095238095238093,0.1111111111111111,SELL,-0.8968253968253967,rejeição favorece venda; evitar comprar topo esticado
