dna_type,htf_dna,bars,avg_energy,avg_range_atr,avg_vol_ratio,continuation_h3,continuation_h6,pullback_0p50_h6,reach_1atr_h12,rr_tp,rr_sl,rr_edge,buy_tp,buy_sl,buy_edge,sell_tp,sell_sl,sell_edge,best_side,best_edge,edge_gap,htf_score,htf_guidance
htf_location_dna,htf_bias=UP_LOCATION|H1=LOW_MID_H1|H4=MID_H4|D1=NO_D1_DATA|bo_align=BREAKOUT_WITH_HTF_UP,392,59.114746420804074,1.142397054295382,1.115039910096954,0.8494897959183674,0.9311224489795918,0.3596938775510204,0.9948979591836735,0.7040816326530612,0.26785714285714285,0.4362244897959184,0.7066326530612245,0.2653061224489796,0.44132653061224486,0.061224489795918366,0.9336734693877551,-0.8724489795918368,BUY,0.44132653061224486,1.3137755102040816,0.733757142857143,BUY: localização HTF favorece o lado; buscar confirmação
htf_location_dna,htf_bias=MIXED_LOCATION|H1=LOWER_H1_RANGE|H4=LOW_MID_H4|D1=NO_D1_DATA|bo_align=NO_BREAKOUT,636,41.85206761359737,0.8177741948331922,0.9805156018563455,0.45125786163522014,0.4418238993710692,0.6430817610062893,0.47955974842767296,0.36792452830188677,0.6273584905660378,-0.259433962264151,0.8254716981132075,0.16823899371069181,0.6572327044025157,0.009433962264150943,0.9905660377358491,-0.9811320754716981,BUY,0.6572327044025157,1.6383647798742138,0.7013364779874214,BUY: localização HTF favorece o lado; buscar confirmação
htf_location_dna,htf_bias=UP_LOCATION|H1=LOWER_H1_RANGE|H4=HIGH_MID_H4|D1=NO_D1_DATA|bo_align=NO_BREAKOUT,339,39.44057794420957,0.7759280381293788,0.8940179120975876,0.41297935103244837,0.40412979351032446,0.6342182890855457,0.4631268436578171,0.35693215339233036,0.6106194690265486,-0.25368731563421826,0.8436578171091446,0.12094395280235988,0.7227138643067846,0.0029498525073746312,0.9882005899705014,-0.9852507374631267,BUY,0.7227138643067846,1.7079646017699113,0.7002483775811209,BUY: localização HTF favorece o lado; buscar confirmação
htf_location_dna,htf_bias=MIXED_LOCATION|H1=LOWER_H1_RANGE|H4=LOWER_H4_RANGE|D1=NO_D1_DATA|bo_align=NO_BREAKOUT,714,46.44263158742648,0.9193267943471974,1.0152254437627146,0.42016806722689076,0.4341736694677871,0.665266106442577,0.44537815126050423,0.3389355742296919,0.6442577030812325,-0.30532212885154064,0.8109243697478992,0.15826330532212884,0.6526610644257703,0.01680672268907563,0.9803921568627451,-0.9635854341736694,BUY,0.6526610644257703,1.6162464985994398,0.6843837535014006,BUY: localização HTF favorece o lado; buscar confirmação
htf_location_dna,htf_bias=MIXED_LOCATION|H1=UPPER_H1_RANGE|H4=UPPER_H4_RANGE|D1=NO_D1_DATA|bo_align=NO_BREAKOUT,955,44.353687439063584,0.870725041570161,0.9875316821702229,0.4094240837696335,0.41256544502617803,0.6628272251308901,0.44712041884816756,0.34764397905759165,0.631413612565445,-0.2837696335078534,0.020942408376963352,0.974869109947644,-0.9539267015706806,0.8083769633507853,0.17172774869109947,0.6366492146596858,SELL,0.6366492146596858,1.5905759162303665,0.6721989528795812,SELL: localização HTF favorece o lado; buscar confirmação
htf_location_dna,htf_bias=MIXED_LOCATION|H1=UPPER_H1_RANGE|H4=HIGH_MID_H4|D1=NO_D1_DATA|bo_align=NO_BREAKOUT,799,44.03548246372658,0.8618615574948466,1.0010434290705426,0.4555694618272841,0.4618272841051314,0.6408010012515645,0.5056320400500626,0.37797246558197745,0.6020025031289111,-0.22403003754693368,0.03379224030037547,0.9612015018773467,-0.9274092615769712,0.7959949937421777,0.18648310387984982,0.609511889862328,SELL,0.609511889862328,1.5369211514392993,0.6719023779724657,SELL: localização HTF favorece o lado; buscar confirmação
htf_location_dna,htf_bias=DOWN_LOCATION|H1=UPPER_H1_RANGE|H4=MID_H4|D1=NO_D1_DATA|bo_align=NO_BREAKOUT,220,40.412807689625964,0.8041504206497764,0.9251675093013435,0.4818181818181818,0.4727272727272727,0.6136363636363636,0.5227272727272727,0.39545454545454545,0.5818181818181818,-0.18636363636363634,0.01818181818181818,0.9818181818181818,-0.9636363636363636,0.7909090909090909,0.16818181818181818,0.6227272727272727,SELL,0.6227272727272727,1.5863636363636364,0.6390000000000001,SELL: localização HTF favorece o lado; buscar confirmação
htf_location_dna,htf_bias=UP_LOCATION|H1=LOW_MID_H1|H4=HIGH_MID_H4|D1=NO_D1_DATA|bo_align=BREAKOUT_WITH_HTF_UP,708,55.494133518984285,1.0667800331411377,1.0548785685340796,0.8163841807909604,0.9011299435028248,0.4392655367231638,0.981638418079096,0.6257062146892656,0.3573446327683616,0.268361581920904,0.6242937853107344,0.3587570621468927,0.26553672316384175,0.08050847457627118,0.9166666666666666,-0.8361581920903954,BUY,0.26553672316384175,1.1016949152542372,0.6338276836158193,BUY: localização HTF favorece o lado; buscar confirmação
htf_location_dna,htf_bias=DOWN_LOCATION|H1=UPPER_H1_RANGE|H4=LOW_MID_H4|D1=NO_D1_DATA|bo_align=NO_BREAKOUT,198,38.74273381503598,0.7925580794313021,0.8893438257204903,0.4090909090909091,0.40404040404040403,0.6868686868686869,0.5,0.3383838383838384,0.6515151515151515,-0.3131313131313131,0.020202020202020204,0.9797979797979798,-0.9595959595959596,0.8080808080808081,0.17676767676767677,0.6313131313131313,SELL,0.6313131313131313,1.5909090909090908,0.6161151515151515,SELL: localização HTF favorece o lado; buscar confirmação
htf_location_dna,htf_bias=MIXED_LOCATION|H1=LOWER_H1_RANGE|H4=LOW_MID_H4|D1=NO_D1_DATA|bo_align=BREAKOUT_MIXED_HTF,583,56.20379306983447,1.0840609243890895,1.0717042034884103,0.313893653516295,0.307032590051458,0.7770154373927959,0.3704974271012007,0.2367066895368782,0.7598627787307033,-0.5231560891938251,0.7873070325900514,0.1835334476843911,0.6037735849056604,0.02058319039451115,0.9777015437392796,-0.9571183533447685,BUY,0.6037735849056604,1.5608919382504287,0.6117495711835333,BUY: localização HTF favorece o lado; buscar confirmação
htf_location_dna,htf_bias=DOWN_LOCATION|H1=LOWER_H1_RANGE|H4=LOWER_H4_RANGE|D1=NO_D1_DATA|bo_align=NO_BREAKOUT,492,46.85368084474661,0.8785099619747733,1.0520369969791579,0.4105691056910569,0.3943089430894309,0.7012195121951219,0.4532520325203252,0.3089430894308943,0.6707317073170732,-0.3617886178861789,0.7540650406504065,0.22560975609756098,0.5284552845528455,0.036585365853658534,0.9573170731707317,-0.9207317073170731,BUY,0.5284552845528455,1.4491869918699187,0.5980951219512195,BUY: localização HTF favorece o lado; buscar confirmação
htf_location_dna,htf_bias=UP_LOCATION|H1=LOWER_H1_RANGE|H4=MID_H4|D1=NO_D1_DATA|bo_align=NO_BREAKOUT,197,40.92017637294628,0.8168296643428562,0.9544735535739128,0.4213197969543147,0.4263959390862944,0.6954314720812182,0.4619289340101523,0.29949238578680204,0.6802030456852792,-0.3807106598984772,0.7817258883248731,0.17258883248730963,0.6091370558375635,0.015228426395939087,0.9796954314720813,-0.9644670050761421,BUY,0.6091370558375635,1.5736040609137056,0.5980294416243656,BUY: localização HTF favorece o lado; buscar confirmação
htf_location_dna,htf_bias=DOWN_LOCATION|H1=HIGH_MID_H1|H4=MID_H4|D1=NO_D1_DATA|bo_align=BREAKOUT_WITH_HTF_DOWN,433,61.255783522775744,1.2372901808777728,1.1304716702653734,0.7967667436489607,0.9006928406466512,0.47113163972286376,0.9861431870669746,0.6027713625866051,0.3579676674364896,0.24480369515011552,0.09699769053117784,0.8891454965357968,-0.792147806004619,0.6027713625866051,0.3579676674364896,0.24480369515011552,SELL,0.24480369515011552,1.0369515011547346,0.5962997690531178,SELL: localização HTF favorece o lado; buscar confirmação
htf_location_dna,htf_bias=MIXED_LOCATION|H1=UPPER_H1_RANGE|H4=HIGH_MID_H4|D1=NO_D1_DATA|bo_align=BREAKOUT_MIXED_HTF,637,57.8272634438889,1.1273159172127223,1.089799803216999,0.30141287284144425,0.3076923076923077,0.8131868131868132,0.35949764521193095,0.20722135007849293,0.783359497645212,-0.576138147566719,0.02197802197802198,0.9748822605965463,-0.9529042386185242,0.7770800627943485,0.20094191522762953,0.576138147566719,SELL,0.576138147566719,1.5290423861852434,0.5881475667189953,SELL: localização HTF favorece o lado; buscar confirmação
htf_location_dna,htf_bias=UP_LOCATION|H1=MID_H1|H4=LOW_MID_H4|D1=NO_D1_DATA|bo_align=BREAKOUT_WITH_HTF_UP,532,57.91649133130706,1.1465473464103852,1.0582560554289884,0.7988721804511278,0.8759398496240601,0.4642857142857143,0.9661654135338346,0.6033834586466166,0.37969924812030076,0.22368421052631582,0.6015037593984962,0.3815789473684211,0.21992481203007513,0.10526315789473684,0.8834586466165414,-0.7781954887218046,BUY,0.21992481203007513,0.9981203007518797,0.5877819548872181,BUY: localização HTF favorece o lado; buscar confirmação
htf_location_dna,htf_bias=UP_LOCATION|H1=UPPER_H1_RANGE|H4=UPPER_H4_RANGE|D1=NO_D1_DATA|bo_align=NO_BREAKOUT,908,41.61608198961515,0.7877783670934264,0.966347033785947,0.43061674008810574,0.43281938325991187,0.6927312775330396,0.4658590308370044,0.31277533039647576,0.6674008810572687,-0.35462555066079293,0.025330396475770924,0.9658590308370044,-0.9405286343612335,0.7180616740088106,0.24669603524229075,0.4713656387665198,SELL,0.4713656387665198,1.4118942731277533,0.5799008810572687,SELL: localização HTF favorece o lado; buscar confirmação
htf_location_dna,htf_bias=DOWN_LOCATION|H1=HIGH_MID_H1|H4=LOW_MID_H4|D1=NO_D1_DATA|bo_align=BREAKOUT_WITH_HTF_DOWN,511,57.489887968946285,1.1065137013206492,1.0438585957499453,0.7945205479452054,0.8532289628180039,0.50293542074364,0.9628180039138943,0.5929549902152642,0.38943248532289626,0.20352250489236795,0.09393346379647749,0.898238747553816,-0.8043052837573386,0.5949119373776908,0.38747553816046965,0.20743639921722112,SELL,0.20743639921722112,1.0117416829745598,0.5773972602739726,SELL: localização HTF favorece o lado; buscar confirmação
htf_location_dna,htf_bias=DOWN_LOCATION|H1=LOW_MID_H1|H4=LOW_MID_H4|D1=NO_D1_DATA|bo_align=BREAKOUT_AGAINST_HTF_DOWN,557,55.325938409297244,1.030648720158414,1.0041203014111129,0.770197486535009,0.8366247755834829,0.4631956912028725,0.9281867145421903,0.5960502692998204,0.38420107719928187,0.21184919210053854,0.5960502692998204,0.38420107719928187,0.21184919210053854,0.12746858168761221,0.8617594254937163,-0.7342908438061041,BUY,0.21184919210053854,0.9461400359066426,0.5631956912028725,BUY: localização HTF favorece o lado; buscar confirmação
htf_location_dna,htf_bias=DOWN_LOCATION|H1=LOW_MID_H1|H4=LOWER_H4_RANGE|D1=NO_D1_DATA|bo_align=BREAKOUT_AGAINST_HTF_DOWN,127,51.540901450294804,0.9725668070272104,0.9780315797442967,0.8346456692913385,0.9212598425196851,0.3937007874015748,0.952755905511811,0.6220472440944882,0.36220472440944884,0.25984251968503935,0.6220472440944882,0.36220472440944884,0.25984251968503935,0.06299212598425197,0.9133858267716536,-0.8503937007874016,BUY,0.25984251968503935,1.110236220472441,0.5620141732283465,BUY: localização HTF favorece o lado; buscar confirmação
htf_location_dna,htf_bias=MIXED_LOCATION|H1=UPPER_H1_RANGE|H4=UPPER_H4_RANGE|D1=NO_D1_DATA|bo_align=BREAKOUT_MIXED_HTF,930,58.30669626376462,1.1439271660884602,1.0924158643788138,0.2032258064516129,0.1860215053763441,0.8774193548387097,0.21827956989247313,0.13655913978494624,0.8483870967741935,-0.7118279569892473,0.02043010752688172,0.967741935483871,-0.9473118279569893,0.7881720430107527,0.17096774193548386,0.6172043010752688,SELL,0.6172043010752688,1.564516129032258,0.5595698924731183,SELL: localização HTF favorece o lado; buscar confirmação
htf_location_dna,htf_bias=STRONG_UP_LOCATION|H1=MID_H1|H4=HIGH_MID_H4|D1=NO_D1_DATA|bo_align=BREAKOUT_WITH_HTF_UP,600,59.061656799102046,1.1505615682895582,1.1023920308840374,0.7633333333333333,0.8233333333333334,0.5166666666666667,0.9533333333333334,0.5916666666666667,0.395,0.19666666666666666,0.5916666666666667,0.395,0.19666666666666666,0.10833333333333334,0.885,-0.7766666666666666,BUY,0.19666666666666666,0.9733333333333333,0.5589999999999999,BUY: localização HTF favorece o lado; buscar confirmação
htf_location_dna,htf_bias=DOWN_LOCATION|H1=LOWER_H1_RANGE|H4=MID_H4|D1=NO_D1_DATA|bo_align=NO_BREAKOUT,185,39.752315920346625,0.7865076243826494,0.9028402716940952,0.41081081081081083,0.42162162162162165,0.7189189189189189,0.4864864864864865,0.32972972972972975,0.6594594594594595,-0.32972972972972975,0.7675675675675676,0.21621621621621623,0.5513513513513514,0.043243243243243246,0.9459459459459459,-0.9027027027027027,BUY,0.5513513513513514,1.454054054054054,0.5524054054054055,BUY: localização HTF favorece o lado; buscar confirmação
htf_location_dna,htf_bias=UP_LOCATION|H1=MID_H1|H4=MID_H4|D1=NO_D1_DATA|bo_align=BREAKOUT_WITH_HTF_UP,263,61.58960589077722,1.2528161520961416,1.124214627841136,0.7946768060836502,0.7870722433460076,0.467680608365019,0.9467680608365019,0.6197718631178707,0.3574144486692015,0.26235741444866917,0.6197718631178707,0.3574144486692015,0.26235741444866917,0.10646387832699619,0.8821292775665399,-0.7756653992395437,BUY,0.26235741444866917,1.0380228136882128,0.5499384030418251,BUY: localização HTF favorece o lado; buscar confirmação
htf_location_dna,htf_bias=UP_LOCATION|H1=LOWER_H1_RANGE|H4=HIGH_MID_H4|D1=NO_D1_DATA|bo_align=BREAKOUT_AGAINST_HTF_UP,220,56.768185543496344,1.0682346471236241,0.9786748161761042,0.045454545454545456,0.05,1.0,0.1590909090909091,0.004545454545454545,0.990909090909091,-0.9863636363636364,0.8727272727272727,0.10909090909090909,0.7636363636363636,0.004545454545454545,0.990909090909091,-0.9863636363636364,BUY,0.7636363636363636,1.75,0.5480909090909091,BUY: localização HTF favorece o lado; buscar confirmação
htf_location_dna,htf_bias=DOWN_LOCATION|H1=MID_H1|H4=MID_H4|D1=NO_D1_DATA|bo_align=BREAKOUT_WITH_HTF_DOWN,227,62.643564283387114,1.3119632890593202,1.155203777356548,0.775330396475771,0.7709251101321586,0.5286343612334802,0.9559471365638766,0.6387665198237885,0.3392070484581498,0.2995594713656387,0.12334801762114538,0.8546255506607929,-0.7312775330396476,0.6343612334801763,0.3436123348017621,0.29074889867841414,SELL,0.29074889867841414,1.0220264317180616,0.5405541850220265,SELL: localização HTF favorece o lado; buscar confirmação
htf_location_dna,htf_bias=UP_LOCATION|H1=UPPER_H1_RANGE|H4=HIGH_MID_H4|D1=NO_D1_DATA|bo_align=NO_BREAKOUT,778,37.718119785639885,0.7477964861357289,0.9224559435919373,0.4434447300771208,0.43444730077120824,0.6889460154241646,0.5449871465295629,0.31876606683804626,0.6632390745501285,-0.3444730077120823,0.07455012853470437,0.9151670951156813,-0.840616966580977,0.6838046272493573,0.2969151670951157,0.38688946015424164,SELL,0.38688946015424164,1.2275064267352187,0.5300128534704371,SELL: localização HTF favorece o lado; buscar confirmação
htf_location_dna,htf_bias=MIXED_LOCATION|H1=LOWER_H1_RANGE|H4=LOWER_H4_RANGE|D1=NO_D1_DATA|bo_align=BREAKOUT_MIXED_HTF,674,61.62010665425008,1.1936818345819695,1.1312578554182422,0.1913946587537092,0.16913946587537093,0.8916913946587537,0.19732937685459942,0.1201780415430267,0.8694362017804155,-0.7492581602373888,0.7596439169139466,0.20474777448071216,0.5548961424332345,0.019287833827893175,0.9747774480712166,-0.9554896142433233,BUY,0.5548961424332345,1.5103857566765577,0.5189169139465875,BUY: localização HTF favorece o lado; buscar confirmação
htf_location_dna,htf_bias=DOWN_LOCATION|H1=LOWER_H1_RANGE|H4=LOW_MID_H4|D1=NO_D1_DATA|bo_align=NO_BREAKOUT,475,42.3648089485392,0.8367721812794351,0.9566582576776375,0.4378947368421053,0.45473684210526316,0.7052631578947368,0.5515789473684211,0.32210526315789473,0.6652631578947369,-0.34315789473684216,0.6694736842105263,0.2968421052631579,0.3726315789473684,0.09052631578947369,0.9031578947368422,-0.8126315789473685,BUY,0.3726315789473684,1.1852631578947368,0.5124736842105262,BUY: localização HTF favorece o lado; buscar confirmação
htf_location_dna,htf_bias=DOWN_LOCATION|H1=MID_H1|H4=HIGH_MID_H4|D1=NO_D1_DATA|bo_align=BREAKOUT_WITH_HTF_DOWN,450,59.901156331109746,1.2508245972665712,1.092163779335557,0.7422222222222222,0.8266666666666667,0.5311111111111111,0.9666666666666667,0.5577777777777778,0.41333333333333333,0.1444444444444445,0.14444444444444443,0.8311111111111111,-0.6866666666666668,0.5577777777777778,0.41333333333333333,0.1444444444444445,SELL,0.1444444444444445,0.8311111111111112,0.5031111111111112,SELL: confluência HTF moderada; entrada com reteste
htf_location_dna,htf_bias=MIXED_LOCATION|H1=LOW_MID_H1|H4=LOW_MID_H4|D1=NO_D1_DATA|bo_align=BREAKOUT_MIXED_HTF,1642,59.80473102699722,1.1934987627267797,1.1044647202066136,0.6601705237515225,0.6455542021924482,0.5694275274056029,0.7789281364190013,0.4987819732034105,0.4713763702801462,0.027405602923264327,0.5858708891595615,0.3781973203410475,0.207673568818514,0.1218026796589525,0.8599269183922046,-0.7381242387332521,BUY,0.207673568818514,0.9457978075517661,0.49677222898903783,BUY: localização HTF favorece o lado; buscar confirmação
htf_location_dna,htf_bias=UP_LOCATION|H1=HIGH_MID_H1|H4=HIGH_MID_H4|D1=NO_D1_DATA|bo_align=BREAKOUT_AGAINST_HTF_UP,729,55.22007872862984,1.0552980198013202,1.016931716866253,0.7503429355281207,0.7777777777777778,0.5102880658436214,0.8998628257887518,0.541838134430727,0.42935528120713307,0.11248285322359397,0.1262002743484225,0.8559670781893004,-0.7297668038408779,0.541838134430727,0.42935528120713307,0.11248285322359397,SELL,0.11248285322359397,0.8422496570644719,0.4890260631001372,SELL: confluência HTF moderada; entrada com reteste
htf_location_dna,htf_bias=MIXED_LOCATION|H1=HIGH_MID_H1|H4=HIGH_MID_H4|D1=NO_D1_DATA|bo_align=BREAKOUT_MIXED_HTF,1767,60.21085220991089,1.2194679640417743,1.1170208900420222,0.6179966044142614,0.6604414261460102,0.620826259196378,0.7447651386530844,0.4419920769666101,0.5325410299943407,-0.09054895302773064,0.10469722693831353,0.878324844368987,-0.7736276174306734,0.5851726089417091,0.3837011884550085,0.20147142048670058,SELL,0.20147142048670058,0.9750990379173741,0.4874080362195812,SELL: localização HTF favorece o lado; buscar confirmação
htf_location_dna,htf_bias=MIXED_LOCATION|H1=HIGH_MID_H1|H4=UPPER_H4_RANGE|D1=NO_D1_DATA|bo_align=NO_BREAKOUT,1171,42.053009227711996,0.853150051979043,0.9417597075356283,0.5269000853970965,0.5414175918018788,0.659265584970111,0.5977796754910333,0.3740392826643894,0.6080273270708796,-0.23398804440649018,0.06746370623398805,0.9257045260461144,-0.8582408198121264,0.6157130657557643,0.36464560204953034,0.251067463706234,SELL,0.251067463706234,1.1093082835183603,0.4845431255337319,SELL: localização HTF favorece o lado; buscar confirmação
htf_location_dna,htf_bias=STRONG_DOWN_LOCATION|H1=MID_H1|H4=LOW_MID_H4|D1=NO_D1_DATA|bo_align=BREAKOUT_WITH_HTF_DOWN,454,64.2666576149029,1.3095719403137713,1.1639350163568738,0.7312775330396476,0.751101321585903,0.5947136563876652,0.947136563876652,0.5418502202643172,0.4185022026431718,0.12334801762114539,0.11674008810572688,0.8634361233480177,-0.7466960352422908,0.5418502202643172,0.4185022026431718,0.12334801762114539,SELL,0.12334801762114539,0.8700440528634361,0.4833110132158591,SELL: confluência HTF moderada; entrada com reteste
htf_location_dna,htf_bias=UP_LOCATION|H1=HIGH_MID_H1|H4=UPPER_H4_RANGE|D1=NO_D1_DATA|bo_align=BREAKOUT_AGAINST_HTF_UP,282,50.511668102763984,0.9524855065270181,0.9390348403820644,0.7269503546099291,0.8226950354609929,0.5070921985815603,0.9290780141843972,0.5567375886524822,0.42907801418439717,0.12765957446808507,0.10638297872340426,0.8865248226950354,-0.7801418439716311,0.5567375886524822,0.42907801418439717,0.12765957446808507,SELL,0.12765957446808507,0.9078014184397162,0.47466241134751774,SELL: confluência HTF moderada; entrada com reteste
htf_location_dna,htf_bias=MIXED_LOCATION|H1=LOWER_H1_RANGE|H4=HIGH_MID_H4|D1=NO_D1_DATA|bo_align=NO_BREAKOUT,323,39.296692234064984,0.7968524894884301,0.9092325813358221,0.3684210526315789,0.4024767801857585,0.7739938080495357,0.5170278637770898,0.23839009287925697,0.7368421052631579,-0.4984520123839009,0.6718266253869969,0.29721362229102166,0.3746130030959752,0.05572755417956656,0.934984520123839,-0.8792569659442725,BUY,0.3746130030959752,1.2538699690402477,0.4740427244582043,BUY: localização HTF favorece o lado; buscar confirmação
htf_location_dna,htf_bias=DOWN_LOCATION|H1=LOWER_H1_RANGE|H4=LOWER_H4_RANGE|D1=NO_D1_DATA|bo_align=BREAKOUT_WITH_HTF_DOWN,708,65.03346929004074,1.310707910595336,1.1517798492252285,0.07062146892655367,0.046610169491525424,0.9872881355932204,0.096045197740113,0.02401129943502825,0.9661016949152542,-0.942090395480226,0.7627118644067796,0.20480225988700565,0.557909604519774,0.02401129943502825,0.9675141242937854,-0.9435028248587571,BUY,0.557909604519774,1.5014124293785311,0.4713276836158192,BUY: localização HTF favorece o lado; buscar confirmação
htf_location_dna,htf_bias=UP_LOCATION|H1=UPPER_H1_RANGE|H4=UPPER_H4_RANGE|D1=NO_D1_DATA|bo_align=BREAKOUT_WITH_HTF_UP,1070,58.87086718437005,1.1364971064329608,1.0887863354270115,0.1102803738317757,0.07476635514018691,0.9757009345794393,0.12149532710280374,0.029906542056074768,0.9682242990654205,-0.9383177570093457,0.029906542056074768,0.9682242990654205,-0.9383177570093457,0.7551401869158878,0.22242990654205608,0.5327102803738317,SELL,0.5327102803738317,1.4710280373831774,0.4660747663551401,SELL: localização HTF favorece o lado; buscar confirmação
htf_location_dna,htf_bias=DOWN_LOCATION|H1=UPPER_H1_RANGE|H4=MID_H4|D1=NO_D1_DATA|bo_align=BREAKOUT_AGAINST_HTF_DOWN,166,54.95097686868539,1.0320391304483294,0.9723852503996919,0.0783132530120482,0.07228915662650602,0.9759036144578314,0.15060240963855423,0.018072289156626505,0.9819277108433735,-0.963855421686747,0.012048192771084338,0.9879518072289156,-0.9759036144578312,0.8132530120481928,0.18674698795180722,0.6265060240963856,SELL,0.6265060240963856,1.6024096385542168,0.4639228915662651,SELL: localização HTF favorece o lado; buscar confirmação
htf_location_dna,htf_bias=MIXED_LOCATION|H1=LOW_MID_H1|H4=LOW_MID_H4|D1=NO_D1_DATA|bo_align=NO_BREAKOUT,1844,44.0148672471108,0.8742173853503143,0.9844935476113954,0.512472885032538,0.5184381778741866,0.6876355748373102,0.6323210412147505,0.36550976138828634,0.6111713665943601,-0.24566160520607377,0.6090021691973969,0.36550976138828634,0.24349240780911058,0.10574837310195227,0.8796095444685467,-0.7738611713665944,BUY,0.24349240780911058,1.017353579175705,0.46385574837310184,BUY: localização HTF favorece o lado; buscar confirmação
htf_location_dna,htf_bias=DOWN_LOCATION|H1=UPPER_H1_RANGE|H4=LOW_MID_H4|D1=NO_D1_DATA|bo_align=BREAKOUT_AGAINST_HTF_DOWN,175,49.17542416616692,0.9266085766383013,0.8848612651077232,0.08,0.10285714285714286,0.9828571428571429,0.15428571428571428,0.017142857142857144,0.9828571428571429,-0.9657142857142857,0.017142857142857144,0.9828571428571429,-0.9657142857142857,0.8057142857142857,0.18857142857142858,0.6171428571428571,SELL,0.6171428571428571,1.5828571428571427,0.46128571428571413,SELL: localização HTF favorece o lado; buscar confirmação
htf_location_dna,htf_bias=UP_LOCATION|H1=LOW_MID_H1|H4=HIGH_MID_H4|D1=NO_D1_DATA|bo_align=NO_BREAKOUT,1455,42.678156550689444,0.8283823943487388,0.9439853238983003,0.5264604810996564,0.5436426116838488,0.6769759450171822,0.6563573883161512,0.3628865979381443,0.6123711340206186,-0.24948453608247428,0.5917525773195876,0.38900343642611684,0.2027491408934708,0.09553264604810996,0.8948453608247423,-0.7993127147766323,BUY,0.2027491408934708,1.002061855670103,0.4554639175257732,BUY: localização HTF favorece o lado; buscar confirmação
htf_location_dna,htf_bias=UP_LOCATION|H1=LOW_MID_H1|H4=MID_H4|D1=NO_D1_DATA|bo_align=NO_BREAKOUT,704,43.351564719205015,0.8605379844826152,0.9754552681292415,0.5184659090909091,0.5284090909090909,0.6676136363636364,0.6292613636363636,0.37357954545454547,0.6051136363636364,-0.23153409090909088,0.5894886363636364,0.3934659090909091,0.19602272727272724,0.09517045454545454,0.8948863636363636,-0.7997159090909091,BUY,0.19602272727272724,0.9957386363636362,0.44630681818181817,BUY: localização HTF favorece o lado; buscar confirmação
htf_location_dna,htf_bias=UP_LOCATION|H1=LOWER_H1_RANGE|H4=MID_H4|D1=NO_D1_DATA|bo_align=BREAKOUT_AGAINST_HTF_UP,124,58.747774287614774,1.1088644024011745,1.0033993516316688,0.04838709677419355,0.056451612903225805,1.0,0.14516129032258066,0.008064516129032258,0.9838709677419355,-0.9758064516129032,0.8064516129032258,0.18548387096774194,0.6209677419354838,0.008064516129032258,0.9838709677419355,-0.9758064516129032,BUY,0.6209677419354838,1.596774193548387,0.4461709677419354,BUY: localização HTF favorece o lado; buscar confirmação
htf_location_dna,htf_bias=MIXED_LOCATION|H1=LOW_MID_H1|H4=LOWER_H4_RANGE|D1=NO_D1_DATA|bo_align=NO_BREAKOUT,1023,44.507187977625094,0.8806871371539389,0.9788629018436155,0.530791788856305,0.5278592375366569,0.6608015640273704,0.6109481915933529,0.3949169110459433,0.5874877810361682,-0.19257086999022488,0.5826001955034213,0.3978494623655914,0.18475073313782997,0.09286412512218964,0.9002932551319648,-0.8074291300097751,BUY,0.18475073313782997,0.9921798631476051,0.4389540566959922,BUY: localização HTF favorece o lado; buscar confirmação
htf_location_dna,htf_bias=UP_LOCATION|H1=MID_H1|H4=HIGH_MID_H4|D1=NO_D1_DATA|bo_align=BREAKOUT_AGAINST_HTF_UP,370,56.43292759686263,1.1165987530872994,1.0195144888652325,0.6756756756756757,0.7,0.5594594594594594,0.8810810810810811,0.5351351351351351,0.42702702702702705,0.10810810810810806,0.14054054054054055,0.8378378378378378,-0.6972972972972973,0.5351351351351351,0.42702702702702705,0.10810810810810806,SELL,0.10810810810810806,0.8054054054054054,0.43521621621621626,SELL: confluência HTF moderada; entrada com reteste
htf_location_dna,htf_bias=MIXED_LOCATION|H1=HIGH_MID_H1|H4=HIGH_MID_H4|D1=NO_D1_DATA|bo_align=NO_BREAKOUT,1954,45.651009055738506,0.9073487803083133,1.020219696827621,0.5204708290685772,0.5276356192425793,0.6914022517911975,0.6724667349027635,0.38024564994882293,0.5957011258955988,-0.21545547594677583,0.11566018423746162,0.8715455475946776,-0.755885363357216,0.5685772773797338,0.4053224155578301,0.16325486182190374,SELL,0.16325486182190374,0.9191402251791198,0.4245138178096213,SELL: localização HTF favorece o lado; buscar confirmação
htf_location_dna,htf_bias=DOWN_LOCATION|H1=HIGH_MID_H1|H4=MID_H4|D1=NO_D1_DATA|bo_align=NO_BREAKOUT,672,43.98751972386512,0.8796470309466817,0.981895026002926,0.5193452380952381,0.5297619047619048,0.6949404761904762,0.6160714285714286,0.34226190476190477,0.6383928571428571,-0.29613095238095233,0.11011904761904762,0.8720238095238095,-0.7619047619047619,0.5773809523809523,0.40625,0.17113095238095233,SELL,0.17113095238095233,0.9330357142857142,0.4184523809523809,SELL: localização HTF favorece o lado; buscar confirmação
htf_location_dna,htf_bias=UP_LOCATION|H1=HIGH_MID_H1|H4=MID_H4|D1=NO_D1_DATA|bo_align=BREAKOUT_AGAINST_HTF_UP,232,53.00901761247859,1.0337075199545291,1.0128733201077746,0.7586206896551724,0.7198275862068966,0.5603448275862069,0.853448275862069,0.5431034482758621,0.43103448275862066,0.11206896551724144,0.1206896551724138,0.8663793103448276,-0.7456896551724138,0.5431034482758621,0.43103448275862066,0.11206896551724144,SELL,0.11206896551724144,0.8577586206896552,0.415796551724138,SELL: confluência HTF moderada; entrada com reteste
htf_location_dna,htf_bias=MIXED_LOCATION|H1=HIGH_MID_H1|H4=UPPER_H4_RANGE|D1=NO_D1_DATA|bo_align=BREAKOUT_MIXED_HTF,830,55.30449280453712,1.0949481851450642,1.0223216286859687,0.519277108433735,0.4963855421686747,0.6903614457831325,0.5807228915662651,0.39156626506024095,0.5927710843373494,-0.20120481927710843,0.08795180722891566,0.9012048192771084,-0.8132530120481927,0.5746987951807229,0.41204819277108434,0.16265060240963852,SELL,0.16265060240963852,0.9759036144578312,0.41433734939759037,SELL: localização HTF favorece o lado; buscar confirmação
htf_location_dna,htf_bias=DOWN_LOCATION|H1=LOWER_H1_RANGE|H4=LOW_MID_H4|D1=NO_D1_DATA|bo_align=BREAKOUT_WITH_HTF_DOWN,560,59.79994980224601,1.1724081552081986,1.0759700768604776,0.14642857142857144,0.14464285714285716,0.9571428571428572,0.3053571428571429,0.060714285714285714,0.9303571428571429,-0.8696428571428572,0.6714285714285714,0.3053571428571429,0.3660714285714285,0.060714285714285714,0.9303571428571429,-0.8696428571428572,BUY,0.3660714285714285,1.2357142857142858,0.4072321428571428,BUY: localização HTF favorece o lado; buscar confirmação
htf_location_dna,htf_bias=MIXED_LOCATION|H1=LOW_MID_H1|H4=LOWER_H4_RANGE|D1=NO_D1_DATA|bo_align=BREAKOUT_MIXED_HTF,756,56.27622139801918,1.1467329270216684,1.0350103464790752,0.5224867724867724,0.49074074074074076,0.6904761904761905,0.5925925925925926,0.3862433862433862,0.5912698412698413,-0.20502645502645506,0.5436507936507936,0.42328042328042326,0.12037037037037035,0.10052910052910052,0.8849206349206349,-0.7843915343915344,BUY,0.12037037037037035,0.9047619047619048,0.38710317460317467,sem confluência HTF suficiente; usar como contexto
htf_location_dna,htf_bias=MIXED_LOCATION|H1=LOWER_H1_RANGE|H4=HIGH_MID_H4|D1=NO_D1_DATA|bo_align=BREAKOUT_MIXED_HTF,330,56.32709745692096,1.1046081646635793,1.014954116184989,0.23333333333333334,0.2787878787878788,0.9121212121212121,0.43333333333333335,0.12121212121212122,0.8606060606060606,-0.7393939393939394,0.6515151515151515,0.3151515151515151,0.33636363636363636,0.09696969696969697,0.8878787878787879,-0.790909090909091,BUY,0.33636363636363636,1.1272727272727274,0.3869090909090909,BUY: localização HTF favorece o lado; buscar confirmação
htf_location_dna,htf_bias=STRONG_DOWN_LOCATION|H1=LOWER_H1_RANGE|H4=LOWER_H4_RANGE|D1=NO_D1_DATA|bo_align=NO_BREAKOUT,621,51.95358916692815,0.9390961394308492,1.1087696419995912,0.4524959742351047,0.46537842190016104,0.7391304347826086,0.5829307568438004,0.29790660225442833,0.6763285024154589,-0.3784219001610306,0.5636070853462157,0.4138486312399356,0.14975845410628014,0.12399355877616747,0.8534621578099839,-0.7294685990338164,BUY,0.14975845410628014,0.8792270531400965,0.3805152979066023,"BUY: HTF permite movimento, mas devolução alta; evitar entrada esticada"
htf_location_dna,htf_bias=MIXED_LOCATION|H1=UPPER_H1_RANGE|H4=LOW_MID_H4|D1=NO_D1_DATA|bo_align=NO_BREAKOUT,299,34.93096915378614,0.7160975754392769,0.8439486945767355,0.40468227424749165,0.4013377926421405,0.725752508361204,0.5083612040133779,0.2842809364548495,0.705685618729097,-0.4214046822742475,0.11705685618729098,0.8695652173913043,-0.7525083612040133,0.6086956521739131,0.3745819397993311,0.234113712374582,SELL,0.234113712374582,0.9866220735785953,0.3720073578595318,SELL: localização HTF favorece o lado; buscar confirmação
htf_location_dna,htf_bias=DOWN_LOCATION|H1=HIGH_MID_H1|H4=LOW_MID_H4|D1=NO_D1_DATA|bo_align=NO_BREAKOUT,1128,42.62690613620405,0.8326593591884289,0.938374783977317,0.5283687943262412,0.5345744680851063,0.7180851063829787,0.6586879432624113,0.3395390070921986,0.6427304964539007,-0.3031914893617021,0.12411347517730496,0.8661347517730497,-0.7420212765957447,0.5301418439716312,0.45567375886524825,0.07446808510638298,SELL,0.07446808510638298,0.8164893617021276,0.36684397163120563,"SELL: HTF permite movimento, mas devolução alta; evitar entrada esticada"
htf_location_dna,htf_bias=UP_LOCATION|H1=MID_H1|H4=LOW_MID_H4|D1=NO_D1_DATA|bo_align=NO_BREAKOUT,735,42.48314201891449,0.8435282056421932,0.9473280875460108,0.49795918367346936,0.507482993197279,0.7238095238095238,0.654421768707483,0.3401360544217687,0.6353741496598639,-0.29523809523809524,0.5333333333333333,0.4421768707482993,0.09115646258503401,0.13877551020408163,0.8503401360544217,-0.7115646258503401,BUY,0.09115646258503401,0.8027210884353742,0.3655102040816327,"BUY: HTF permite movimento, mas devolução alta; evitar entrada esticada"
htf_location_dna,htf_bias=STRONG_UP_LOCATION|H1=HIGH_MID_H1|H4=MID_H4|D1=NO_D1_DATA|bo_align=BREAKOUT_WITH_HTF_UP,608,59.25006633410603,1.159376368283538,1.0677916060022639,0.6546052631578947,0.6891447368421053,0.59375,0.8042763157894737,0.4440789473684211,0.5263157894736842,-0.08223684210526311,0.4440789473684211,0.5263157894736842,-0.08223684210526311,0.14309210526315788,0.8453947368421053,-0.7023026315789475,BUY,-0.08223684210526311,0.6200657894736843,0.36472039473684215,sem confluência HTF suficiente; usar como contexto
htf_location_dna,htf_bias=STRONG_UP_LOCATION|H1=UPPER_H1_RANGE|H4=UPPER_H4_RANGE|D1=NO_D1_DATA|bo_align=NO_BREAKOUT,1199,42.53991532084688,0.7878268106195769,0.9858217677496126,0.4745621351125938,0.4603836530442035,0.7047539616346956,0.5279399499582986,0.3085904920767306,0.664720600500417,-0.3561301084236864,0.12760633861551293,0.8507089241034195,-0.7231025854879065,0.5521267723102585,0.4261884904086739,0.12593828190158463,SELL,0.12593828190158463,0.8490408673894911,0.3597998331943286,"SELL: HTF permite movimento, mas devolução alta; evitar entrada esticada"
htf_location_dna,htf_bias=UP_LOCATION|H1=UPPER_H1_RANGE|H4=HIGH_MID_H4|D1=NO_D1_DATA|bo_align=BREAKOUT_WITH_HTF_UP,716,55.33570612631436,1.0554028033535416,1.006971041674977,0.23324022346368714,0.22206703910614525,0.9120111731843575,0.3393854748603352,0.09636871508379888,0.8910614525139665,-0.7946927374301677,0.09636871508379888,0.8910614525139665,-0.7946927374301677,0.6201117318435754,0.35195530726256985,0.2681564245810055,SELL,0.2681564245810055,1.0628491620111733,0.35970670391061454,SELL: localização HTF favorece o lado; buscar confirmação
htf_location_dna,htf_bias=UP_LOCATION|H1=HIGH_MID_H1|H4=LOW_MID_H4|D1=NO_D1_DATA|bo_align=BREAKOUT_WITH_HTF_UP,1064,57.287117289612986,1.1351496943312227,1.032319199745424,0.6372180451127819,0.6889097744360902,0.6137218045112782,0.8533834586466166,0.43609022556390975,0.5422932330827067,-0.10620300751879697,0.43609022556390975,0.5422932330827067,-0.10620300751879697,0.16165413533834586,0.818609022556391,-0.6569548872180452,BUY,-0.10620300751879697,0.5507518796992482,0.3576597744360903,sem confluência HTF suficiente; usar como contexto
htf_location_dna,htf_bias=UP_LOCATION|H1=UPPER_H1_RANGE|H4=MID_H4|D1=NO_D1_DATA|bo_align=NO_BREAKOUT,253,37.53503403506608,0.7390782993820106,0.876580376482888,0.45849802371541504,0.4782608695652174,0.6956521739130435,0.5217391304347826,0.31225296442687744,0.6640316205533597,-0.3517786561264823,0.12648221343873517,0.8537549407114624,-0.7272727272727273,0.5889328063241107,0.383399209486166,0.2055335968379447,SELL,0.2055335968379447,0.932806324110672,0.35692411067193686,SELL: localização HTF favorece o lado; buscar confirmação
htf_location_dna,htf_bias=STRONG_UP_LOCATION|H1=HIGH_MID_H1|H4=HIGH_MID_H4|D1=NO_D1_DATA|bo_align=BREAKOUT_WITH_HTF_UP,1739,61.55032794420846,1.2077847927499945,1.1252475382734868,0.6566992524439333,0.6388729154686601,0.6348476135710178,0.7883841288096607,0.47211040828062106,0.5025876940770557,-0.03047728579643466,0.4715353651523864,0.5031627372052904,-0.031627372052903946,0.15296147211040828,0.8297872340425532,-0.6768257619321449,BUY,-0.031627372052903946,0.645198389879241,0.3553766532489937,sem confluência HTF suficiente; usar como contexto
htf_location_dna,htf_bias=DOWN_LOCATION|H1=LOWER_H1_RANGE|H4=MID_H4|D1=NO_D1_DATA|bo_align=BREAKOUT_WITH_HTF_DOWN,192,57.64396696860488,1.1098944082053244,1.0024144298141067,0.19791666666666666,0.1875,0.9322916666666666,0.3385416666666667,0.08333333333333333,0.9166666666666666,-0.8333333333333333,0.65625,0.3020833333333333,0.3541666666666667,0.08333333333333333,0.9166666666666666,-0.8333333333333333,BUY,0.3541666666666667,1.1875,0.3464729166666667,BUY: localização HTF favorece o lado; buscar confirmação
htf_location_dna,htf_bias=DOWN_LOCATION|H1=MID_H1|H4=HIGH_MID_H4|D1=NO_D1_DATA|bo_align=NO_BREAKOUT,752,43.304132264483414,0.8614152263743381,0.9754178829991055,0.5345744680851063,0.5199468085106383,0.7393617021276596,0.6768617021276596,0.35904255319148937,0.6156914893617021,-0.2566489361702128,0.15824468085106383,0.8284574468085106,-0.6702127659574468,0.511968085106383,0.45478723404255317,0.05718085106382986,SELL,0.05718085106382986,0.7273936170212767,0.3419547872340426,"SELL: HTF permite movimento, mas devolução alta; evitar entrada esticada"
htf_location_dna,htf_bias=UP_LOCATION|H1=HIGH_MID_H1|H4=UPPER_H4_RANGE|D1=NO_D1_DATA|bo_align=NO_BREAKOUT,1446,41.025347450728766,0.8079938477378144,0.9380116089129353,0.5311203319502075,0.520746887966805,0.7199170124481328,0.6134163208852006,0.3326417704011065,0.6355463347164592,-0.3029045643153527,0.0995850622406639,0.8838174273858921,-0.7842323651452282,0.5013831258644537,0.46957123098201936,0.0318118948824343,SELL,0.0318118948824343,0.8160442600276625,0.3411134163208852,"SELL: HTF permite movimento, mas devolução alta; evitar entrada esticada"
htf_location_dna,htf_bias=MIXED_LOCATION|H1=UPPER_H1_RANGE|H4=LOW_MID_H4|D1=NO_D1_DATA|bo_align=BREAKOUT_MIXED_HTF,334,51.62292787051492,0.9664708610467042,0.9543544054548494,0.2844311377245509,0.33532934131736525,0.8413173652694611,0.4491017964071856,0.1437125748502994,0.8383233532934131,-0.6946107784431137,0.11377245508982035,0.8682634730538922,-0.7544910179640718,0.5958083832335329,0.38023952095808383,0.21556886227544908,SELL,0.21556886227544908,0.9700598802395208,0.3334167664670658,SELL: localização HTF favorece o lado; buscar confirmação
htf_location_dna,htf_bias=DOWN_LOCATION|H1=MID_H1|H4=LOW_MID_H4|D1=NO_D1_DATA|bo_align=BREAKOUT_AGAINST_HTF_DOWN,344,55.68010899303953,1.048207038859793,1.003822127334449,0.6918604651162791,0.7209302325581395,0.5843023255813954,0.8546511627906976,0.46511627906976744,0.5174418604651163,-0.052325581395348875,0.46511627906976744,0.5174418604651163,-0.052325581395348875,0.2005813953488372,0.7965116279069767,-0.5959302325581395,BUY,-0.052325581395348875,0.5436046511627906,0.33289883720930236,sem confluência HTF suficiente; usar como contexto
htf_location_dna,htf_bias=STRONG_DOWN_LOCATION|H1=LOWER_H1_RANGE|H4=LOWER_H4_RANGE|D1=NO_D1_DATA|bo_align=BREAKOUT_WITH_HTF_DOWN,962,69.46045201864695,1.4473345535098914,1.237880767785945,0.19646569646569648,0.19542619542619544,0.9449064449064449,0.33367983367983367,0.0841995841995842,0.8762993762993763,-0.7920997920997921,0.5821205821205822,0.3482328482328482,0.23388773388773393,0.0841995841995842,0.8762993762993763,-0.7920997920997921,BUY,0.23388773388773393,1.025987525987526,0.33160083160083165,BUY: localização HTF favorece o lado; buscar confirmação
htf_location_dna,htf_bias=DOWN_LOCATION|H1=LOW_MID_H1|H4=MID_H4|D1=NO_D1_DATA|bo_align=BREAKOUT_AGAINST_HTF_DOWN,202,52.78662354092338,1.0122390797307996,0.9876833229609525,0.7079207920792079,0.7920792079207921,0.5594059405940595,0.8316831683168316,0.4603960396039604,0.504950495049505,-0.04455445544554454,0.4603960396039604,0.504950495049505,-0.04455445544554454,0.16831683168316833,0.8168316831683168,-0.6485148514851484,BUY,-0.04455445544554454,0.6039603960396038,0.3228257425742574,sem confluência HTF suficiente; usar como contexto
htf_location_dna,htf_bias=STRONG_DOWN_LOCATION|H1=LOW_MID_H1|H4=MID_H4|D1=NO_D1_DATA|bo_align=BREAKOUT_WITH_HTF_DOWN,449,62.45660412967447,1.2950318470650939,1.1357359066108144,0.5590200445434298,0.623608017817372,0.6748329621380846,0.8396436525612472,0.4142538975501114,0.5567928730512249,-0.14253897550111355,0.1870824053452116,0.7884187082405345,-0.6013363028953229,0.4142538975501114,0.5567928730512249,-0.14253897550111355,SELL,-0.14253897550111355,0.45879732739420936,0.31062405345211586,sem confluência HTF suficiente; usar como contexto
htf_location_dna,htf_bias=DOWN_LOCATION|H1=LOW_MID_H1|H4=LOWER_H4_RANGE|D1=NO_D1_DATA|bo_align=NO_BREAKOUT,935,46.05705810464021,0.8936675947578249,0.998424295580186,0.5058823529411764,0.520855614973262,0.7272727272727273,0.6288770053475936,0.31122994652406416,0.6449197860962567,-0.3336898395721925,0.4566844919786096,0.4994652406417112,-0.04278074866310161,0.11336898395721925,0.8652406417112299,-0.7518716577540107,BUY,-0.04278074866310161,0.709090909090909,0.3105882352941177,"BUY: HTF permite movimento, mas devolução alta; evitar entrada esticada"
htf_location_dna,htf_bias=DOWN_LOCATION|H1=LOW_MID_H1|H4=HIGH_MID_H4|D1=NO_D1_DATA|bo_align=BREAKOUT_WITH_HTF_DOWN,941,59.661559710877654,1.237912984322739,1.0906142388146451,0.5759829968119022,0.6301806588735388,0.7109458023379384,0.8618490967056323,0.3953241232731137,0.5717321997874601,-0.17640807651434642,0.19872476089266738,0.7778958554729012,-0.5791710945802337,0.3942614240170032,0.5727948990435706,-0.1785334750265674,SELL,-0.1785334750265674,0.40063761955366634,0.30887353878852286,"SELL: HTF permite movimento, mas devolução alta; evitar entrada esticada"
htf_location_dna,htf_bias=STRONG_DOWN_LOCATION|H1=LOW_MID_H1|H4=LOW_MID_H4|D1=NO_D1_DATA|bo_align=BREAKOUT_WITH_HTF_DOWN,1423,65.96163424919291,1.4139838510720213,1.2128017564915308,0.5382993675333801,0.5375966268446943,0.7463106113843991,0.7898805340829234,0.41531974701335206,0.5347856640899508,-0.1194659170765987,0.16654954321855236,0.808854532677442,-0.6423049894588897,0.4146170063246662,0.5354884047786367,-0.12087139845397049,SELL,-0.12087139845397049,0.5214335910049193,0.3040758959943781,"SELL: HTF permite movimento, mas devolução alta; evitar entrada esticada"
htf_location_dna,htf_bias=STRONG_UP_LOCATION|H1=MID_H1|H4=HIGH_MID_H4|D1=NO_D1_DATA|bo_align=NO_BREAKOUT,752,44.73630320038838,0.858252863106431,0.9837483855351281,0.5372340425531915,0.5,0.7433510638297872,0.7154255319148937,0.3497340425531915,0.6289893617021277,-0.2792553191489362,0.48271276595744683,0.4946808510638298,-0.011968085106382975,0.18218085106382978,0.800531914893617,-0.6183510638297872,BUY,-0.011968085106382975,0.6063829787234043,0.3028590425531915,"BUY: HTF permite movimento, mas devolução alta; evitar entrada esticada"
htf_location_dna,htf_bias=STRONG_UP_LOCATION|H1=UPPER_H1_RANGE|H4=UPPER_H4_RANGE|D1=NO_D1_DATA|bo_align=BREAKOUT_WITH_HTF_UP,1569,62.242532078608924,1.201511615560625,1.1193017518015627,0.2568514977692798,0.2536647546207776,0.922880815806246,0.3173996175908222,0.09369024856596558,0.8916507329509241,-0.7979604843849586,0.09369024856596558,0.8916507329509241,-0.7979604843849586,0.5602294455066922,0.39961759082217974,0.16061185468451245,SELL,0.16061185468451245,0.958572339069471,0.2983428935627789,SELL: localização HTF favorece o lado; buscar confirmação
htf_location_dna,htf_bias=UP_LOCATION|H1=MID_H1|H4=HIGH_MID_H4|D1=NO_D1_DATA|bo_align=BREAKOUT_WITH_HTF_UP,384,53.83010637483117,1.0424398532190946,0.988055970114433,0.6276041666666666,0.609375,0.6927083333333334,0.7916666666666666,0.4453125,0.5208333333333334,-0.07552083333333337,0.4453125,0.5208333333333334,-0.07552083333333337,0.19270833333333334,0.7890625,-0.5963541666666666,BUY,-0.07552083333333337,0.5208333333333333,0.29633124999999993,sem confluência HTF suficiente; usar como contexto
htf_location_dna,htf_bias=UP_LOCATION|H1=HIGH_MID_H1|H4=HIGH_MID_H4|D1=NO_D1_DATA|bo_align=NO_BREAKOUT,2160,41.62113274682245,0.8305262141693226,0.9495110029572364,0.5148148148148148,0.5203703703703704,0.7152777777777778,0.6601851851851852,0.3375,0.6361111111111111,-0.29861111111111105,0.19675925925925927,0.7893518518518519,-0.5925925925925926,0.4388888888888889,0.5351851851851852,-0.09629629629629632,SELL,-0.09629629629629632,0.49629629629629624,0.27604166666666663,"SELL: HTF permite movimento, mas devolução alta; evitar entrada esticada"
htf_location_dna,htf_bias=STRONG_DOWN_LOCATION|H1=MID_H1|H4=LOW_MID_H4|D1=NO_D1_DATA|bo_align=NO_BREAKOUT,692,46.062348880976586,0.9024723259970946,0.9916823311257283,0.4956647398843931,0.5057803468208093,0.7572254335260116,0.6734104046242775,0.30491329479768786,0.6690751445086706,-0.3641618497109827,0.19219653179190752,0.7947976878612717,-0.6026011560693642,0.4393063583815029,0.5245664739884393,-0.08526011560693636,SELL,-0.08526011560693636,0.5173410404624278,0.2751445086705203,"SELL: HTF permite movimento, mas devolução alta; evitar entrada esticada"
htf_location_dna,htf_bias=DOWN_LOCATION|H1=LOW_MID_H1|H4=LOW_MID_H4|D1=NO_D1_DATA|bo_align=NO_BREAKOUT,1874,45.16751217520337,0.8813688990014407,0.995086685672844,0.5202774813233725,0.5026680896478122,0.7417289220917823,0.6744930629669157,0.33617929562433296,0.6344717182497331,-0.2982924226254002,0.4439701173959445,0.5325506937033084,-0.08858057630736393,0.19423692636072573,0.7854855923159018,-0.591248665955176,BUY,-0.08858057630736393,0.5026680896478121,0.27443970117395944,"BUY: HTF permite movimento, mas devolução alta; evitar entrada esticada"
htf_location_dna,htf_bias=DOWN_LOCATION|H1=MID_H1|H4=MID_H4|D1=NO_D1_DATA|bo_align=NO_BREAKOUT,324,46.605568509988444,0.9090039373947845,1.0334433853167537,0.49382716049382713,0.5092592592592593,0.7592592592592593,0.6790123456790124,0.2993827160493827,0.6728395061728395,-0.3734567901234568,0.1882716049382716,0.7932098765432098,-0.6049382716049383,0.5,0.4783950617283951,0.021604938271604923,SELL,0.021604938271604923,0.6265432098765432,0.2705098765432099,"SELL: HTF permite movimento, mas devolução alta; evitar entrada esticada"
htf_location_dna,htf_bias=MIXED_LOCATION|H1=HIGH_MID_H1|H4=LOW_MID_H4|D1=NO_D1_DATA|bo_align=NO_BREAKOUT,1470,39.66263038109984,0.7997358668928752,0.9213542134548,0.5149659863945578,0.5142857142857142,0.7210884353741497,0.691156462585034,0.3272108843537415,0.6448979591836734,-0.3176870748299319,0.19931972789115646,0.7727891156462585,-0.573469387755102,0.4197278911564626,0.5571428571428572,-0.13741496598639458,SELL,-0.13741496598639458,0.43605442176870746,0.26870748299319724,"SELL: HTF permite movimento, mas devolução alta; evitar entrada esticada"
htf_location_dna,htf_bias=UP_LOCATION|H1=LOW_MID_H1|H4=UPPER_H4_RANGE|D1=NO_D1_DATA|bo_align=NO_BREAKOUT,180,39.093215768623196,0.768266740291699,0.8684792810559026,0.5111111111111111,0.49444444444444446,0.7166666666666667,0.6166666666666667,0.28888888888888886,0.6833333333333333,-0.3944444444444445,0.4888888888888889,0.48333333333333334,0.005555555555555536,0.08333333333333333,0.9,-0.8166666666666667,BUY,0.005555555555555536,0.8222222222222222,0.26766666666666666,"BUY: HTF permite movimento, mas devolução alta; evitar entrada esticada"
htf_location_dna,htf_bias=UP_LOCATION|H1=MID_H1|H4=LOWER_H4_RANGE|D1=NO_D1_DATA|bo_align=NO_BREAKOUT,188,40.49594205810979,0.8053634179001546,0.9101487361993451,0.4734042553191489,0.4627659574468085,0.7553191489361702,0.6223404255319149,0.2978723404255319,0.6861702127659575,-0.38829787234042556,0.5212765957446809,0.4574468085106383,0.06382978723404259,0.15425531914893617,0.8404255319148937,-0.6861702127659575,BUY,0.06382978723404259,0.75,0.26738723404255327,"BUY: HTF permite movimento, mas devolução alta; evitar entrada esticada"
htf_location_dna,htf_bias=DOWN_LOCATION|H1=LOWER_H1_RANGE|H4=HIGH_MID_H4|D1=NO_D1_DATA|bo_align=BREAKOUT_WITH_HTF_DOWN,430,61.22516353839755,1.208190375804741,1.0951201875382284,0.3744186046511628,0.4790697674418605,0.8534883720930233,0.7627906976744186,0.1813953488372093,0.7906976744186046,-0.6093023255813953,0.45348837209302323,0.5232558139534884,-0.06976744186046518,0.1813953488372093,0.7906976744186046,-0.6093023255813953,BUY,-0.06976744186046518,0.5395348837209302,0.2663488372093023,"BUY: HTF permite movimento, mas devolução alta; evitar entrada esticada"
htf_location_dna,htf_bias=DOWN_LOCATION|H1=LOW_MID_H1|H4=MID_H4|D1=NO_D1_DATA|bo_align=NO_BREAKOUT,771,41.365245960919424,0.825195175673789,0.9424642233522359,0.49546044098573283,0.5201037613488976,0.7211413748378729,0.6770428015564203,0.3203631647211414,0.6575875486381323,-0.3372243839169909,0.4163424124513619,0.5577172503242542,-0.14137483787289234,0.2191958495460441,0.7665369649805448,-0.5473411154345007,BUY,-0.14137483787289234,0.40596627756160836,0.2604409857328146,"BUY: HTF permite movimento, mas devolução alta; evitar entrada esticada"
htf_location_dna,htf_bias=MIXED_LOCATION|H1=LOW_MID_H1|H4=UPPER_H4_RANGE|D1=NO_D1_DATA|bo_align=NO_BREAKOUT,305,37.18427461268738,0.7742793917857395,0.858785632786121,0.5442622950819672,0.5377049180327869,0.7049180327868853,0.7081967213114754,0.2983606557377049,0.6655737704918033,-0.3672131147540984,0.4,0.5442622950819672,-0.1442622950819672,0.1540983606557377,0.839344262295082,-0.6852459016393443,BUY,-0.1442622950819672,0.5409836065573771,0.25886885245901636,"BUY: HTF permite movimento, mas devolução alta; evitar entrada esticada"
htf_location_dna,htf_bias=UP_LOCATION|H1=MID_H1|H4=MID_H4|D1=NO_D1_DATA|bo_align=NO_BREAKOUT,318,43.62514663896712,0.8633370115034464,1.02846007834473,0.5031446540880503,0.5031446540880503,0.7452830188679245,0.6320754716981132,0.29559748427672955,0.6823899371069182,-0.38679245283018865,0.4559748427672956,0.5251572327044025,-0.0691823899371069,0.13836477987421383,0.8459119496855346,-0.7075471698113208,BUY,-0.0691823899371069,0.6383647798742139,0.2562100628930818,"BUY: HTF permite movimento, mas devolução alta; evitar entrada esticada"
htf_location_dna,htf_bias=UP_LOCATION|H1=UPPER_H1_RANGE|H4=LOW_MID_H4|D1=NO_D1_DATA|bo_align=BREAKOUT_WITH_HTF_UP,514,57.323795114329386,1.0959227451731521,1.0506912567297435,0.45136186770428016,0.5622568093385214,0.7821011673151751,0.7431906614785992,0.22762645914396887,0.7470817120622568,-0.519455252918288,0.22762645914396887,0.7470817120622568,-0.519455252918288,0.39883268482490275,0.5758754863813229,-0.17704280155642016,SELL,-0.17704280155642016,0.3424124513618678,0.2560311284046693,"SELL: HTF permite movimento, mas devolução alta; evitar entrada esticada"
htf_location_dna,htf_bias=DOWN_LOCATION|H1=MID_H1|H4=LOW_MID_H4|D1=NO_D1_DATA|bo_align=BREAKOUT_WITH_HTF_DOWN,343,57.32081369419806,1.1506946299147658,1.0565728239663872,0.5830903790087464,0.5393586005830904,0.7521865889212828,0.8017492711370262,0.40816326530612246,0.5510204081632653,-0.1428571428571428,0.20699708454810495,0.7784256559766763,-0.5714285714285714,0.40816326530612246,0.5510204081632653,-0.1428571428571428,SELL,-0.1428571428571428,0.4285714285714286,0.2557720116618076,"SELL: HTF permite movimento, mas devolução alta; evitar entrada esticada"
htf_location_dna,htf_bias=UP_LOCATION|H1=UPPER_H1_RANGE|H4=MID_H4|D1=NO_D1_DATA|bo_align=BREAKOUT_WITH_HTF_UP,254,53.559029708523134,1.0097849111008605,0.9869702963121719,0.2637795275590551,0.3464566929133858,0.8622047244094488,0.4330708661417323,0.14173228346456693,0.8228346456692913,-0.6811023622047244,0.14173228346456693,0.8228346456692913,-0.6811023622047244,0.5590551181102362,0.421259842519685,0.13779527559055121,SELL,0.13779527559055121,0.8188976377952757,0.25473700787401576,"SELL: HTF permite movimento, mas devolução alta; evitar entrada esticada"
htf_location_dna,htf_bias=MIXED_LOCATION|H1=LOW_MID_H1|H4=HIGH_MID_H4|D1=NO_D1_DATA|bo_align=NO_BREAKOUT,1612,40.65642593711828,0.8208450350433304,0.9247988633673807,0.48883374689826303,0.48759305210918114,0.7419354838709677,0.6557071960297767,0.3014888337468983,0.6687344913151365,-0.36724565756823824,0.40136476426799006,0.5769230769230769,-0.1755583126550868,0.19602977667493796,0.7760545905707196,-0.5800248138957816,BUY,-0.1755583126550868,0.40446650124069483,0.2495037220843673,"BUY: HTF permite movimento, mas devolução alta; evitar entrada esticada"
htf_location_dna,htf_bias=STRONG_DOWN_LOCATION|H1=LOWER_H1_RANGE|H4=LOW_MID_H4|D1=NO_D1_DATA|bo_align=BREAKOUT_WITH_HTF_DOWN,730,63.99253892816425,1.2614695548129269,1.1540125212609125,0.32465753424657534,0.3972602739726027,0.8863013698630137,0.584931506849315,0.15205479452054796,0.8246575342465754,-0.6726027397260275,0.4520547945205479,0.4986301369863014,-0.046575342465753455,0.15205479452054796,0.8246575342465754,-0.6726027397260275,BUY,-0.046575342465753455,0.626027397260274,0.24897260273972607,"BUY: HTF permite movimento, mas devolução alta; evitar entrada esticada"
htf_location_dna,htf_bias=MIXED_LOCATION|H1=LOW_MID_H1|H4=HIGH_MID_H4|D1=NO_D1_DATA|bo_align=BREAKOUT_MIXED_HTF,1287,54.803523679645835,1.0645417033524605,1.001813477713277,0.5563325563325563,0.5376845376845377,0.710955710955711,0.7078477078477079,0.35664335664335667,0.627039627039627,-0.27039627039627034,0.36985236985236986,0.6076146076146076,-0.23776223776223776,0.22688422688422688,0.7567987567987567,-0.5299145299145298,BUY,-0.23776223776223776,0.29215229215229205,0.24712509712509712,"BUY: HTF permite movimento, mas devolução alta; evitar entrada esticada"
htf_location_dna,htf_bias=UP_LOCATION|H1=HIGH_MID_H1|H4=MID_H4|D1=NO_D1_DATA|bo_align=NO_BREAKOUT,705,41.8187914066959,0.8154422224185126,0.9478025738916703,0.5390070921985816,0.5078014184397163,0.6879432624113475,0.6680851063829787,0.35602836879432626,0.6085106382978723,-0.2524822695035461,0.23687943262411348,0.7418439716312056,-0.5049645390070922,0.4014184397163121,0.5787234042553191,-0.17730496453900702,SELL,-0.17730496453900702,0.32765957446808514,0.24673758865248227,sem confluência HTF suficiente; usar como contexto
htf_location_dna,htf_bias=UP_LOCATION|H1=HIGH_MID_H1|H4=LOW_MID_H4|D1=NO_D1_DATA|bo_align=NO_BREAKOUT,1503,40.55965061401602,0.8065721036163891,0.9320291051452153,0.49101796407185627,0.48769128409846974,0.7238855622089155,0.6254158349966733,0.31736526946107785,0.6560212907518297,-0.33865602129075184,0.4145043246839654,0.5681969394544245,-0.1536926147704591,0.21889554224883567,0.7638057218895542,-0.5449101796407185,BUY,-0.1536926147704591,0.39121756487025944,0.24351297405189623,"BUY: HTF permite movimento, mas devolução alta; evitar entrada esticada"
htf_location_dna,htf_bias=MIXED_LOCATION|H1=HIGH_MID_H1|H4=LOW_MID_H4|D1=NO_D1_DATA|bo_align=BREAKOUT_MIXED_HTF,1184,53.14448744213647,1.0376802057254912,0.9666416064028233,0.5616554054054054,0.5945945945945946,0.6714527027027027,0.7280405405405406,0.3783783783783784,0.5988175675675675,-0.22043918918918914,0.2660472972972973,0.7128378378378378,-0.4467905405405405,0.3572635135135135,0.620777027027027,-0.2635135135135135,SELL,-0.2635135135135135,0.18327702702702703,0.2410050675675676,sem confluência HTF suficiente; usar como contexto
htf_location_dna,htf_bias=STRONG_UP_LOCATION|H1=HIGH_MID_H1|H4=MID_H4|D1=NO_D1_DATA|bo_align=NO_BREAKOUT,840,42.7177560440807,0.8166443374441072,0.9623155285443905,0.4797619047619048,0.4714285714285714,0.7357142857142858,0.611904761904762,0.2988095238095238,0.6833333333333333,-0.38452380952380955,0.3869047619047619,0.5976190476190476,-0.2107142857142857,0.2130952380952381,0.7702380952380953,-0.5571428571428572,BUY,-0.2107142857142857,0.3464285714285715,0.228452380952381,"BUY: HTF permite movimento, mas devolução alta; evitar entrada esticada"
htf_location_dna,htf_bias=STRONG_DOWN_LOCATION|H1=LOW_MID_H1|H4=LOWER_H4_RANGE|D1=NO_D1_DATA|bo_align=NO_BREAKOUT,851,47.093857494646514,0.8912601632228692,1.003178216905443,0.5029377203290247,0.4935370152761457,0.7508813160987075,0.6239717978848414,0.2972972972972973,0.6768507638072856,-0.3795534665099883,0.3619271445358402,0.6169212690951822,-0.254994124559342,0.19506462984723855,0.782608695652174,-0.5875440658049353,BUY,-0.254994124559342,0.33254994124559334,0.22802585193889544,"BUY: HTF permite movimento, mas devolução alta; evitar entrada esticada"
htf_location_dna,htf_bias=STRONG_UP_LOCATION|H1=UPPER_H1_RANGE|H4=HIGH_MID_H4|D1=NO_D1_DATA|bo_align=BREAKOUT_WITH_HTF_UP,1131,58.27000127249464,1.1130960879740632,1.0693961474274514,0.3801945181255526,0.45446507515473034,0.8258178603006189,0.6038903625110522,0.20424403183023873,0.7718832891246684,-0.5676392572944297,0.20424403183023873,0.7718832891246684,-0.5676392572944297,0.40583554376657827,0.5543766578249337,-0.14854111405835546,SELL,-0.14854111405835546,0.4190981432360742,0.22617152961980552,"SELL: HTF permite movimento, mas devolução alta; evitar entrada esticada"
htf_location_dna,htf_bias=STRONG_DOWN_LOCATION|H1=LOW_MID_H1|H4=MID_H4|D1=NO_D1_DATA|bo_align=NO_BREAKOUT,587,46.834244514934774,0.9071934233673021,1.0111030292703123,0.4991482112436116,0.5178875638841567,0.7632027257240205,0.6541737649063032,0.30664395229982966,0.6592844974446337,-0.35264054514480403,0.25383304940374785,0.7257240204429302,-0.4718909710391823,0.3901192504258944,0.5724020442930153,-0.18228279386712093,SELL,-0.18228279386712093,0.2896081771720614,0.22606473594548557,"SELL: HTF permite movimento, mas devolução alta; evitar entrada esticada"
htf_location_dna,htf_bias=STRONG_UP_LOCATION|H1=HIGH_MID_H1|H4=UPPER_H4_RANGE|D1=NO_D1_DATA|bo_align=BREAKOUT_AGAINST_HTF_UP,250,50.42790859223139,0.9276778349554774,0.9313347112090627,0.564,0.604,0.676,0.728,0.412,0.58,-0.16799999999999998,0.24,0.748,-0.508,0.412,0.58,-0.16799999999999998,SELL,-0.16799999999999998,0.34,0.22260000000000002,sem confluência HTF suficiente; usar como contexto
htf_location_dna,htf_bias=UP_LOCATION|H1=HIGH_MID_H1|H4=LOWER_H4_RANGE|D1=NO_D1_DATA|bo_align=BREAKOUT_WITH_HTF_UP,129,53.76114045672224,1.0958996166083568,1.0067598143148044,0.5426356589147286,0.6201550387596899,0.7054263565891473,0.8294573643410853,0.32558139534883723,0.6511627906976745,-0.32558139534883723,0.32558139534883723,0.6511627906976745,-0.32558139534883723,0.15503875968992248,0.8449612403100775,-0.6899224806201549,BUY,-0.32558139534883723,0.3643410852713177,0.2207612403100775,"BUY: HTF permite movimento, mas devolução alta; evitar entrada esticada"
htf_location_dna,htf_bias=STRONG_UP_LOCATION|H1=HIGH_MID_H1|H4=HIGH_MID_H4|D1=NO_D1_DATA|bo_align=NO_BREAKOUT,2321,44.469765776713416,0.8420502630635052,0.9986520427448048,0.5028005170185265,0.5144334338647135,0.7238259370960792,0.6458423093494183,0.3222748815165877,0.6570443774235244,-0.3347694959069367,0.3696682464454976,0.6135286514433433,-0.24386040499784573,0.25118483412322273,0.7333046100818613,-0.4821197759586386,BUY,-0.24386040499784573,0.23825937096079286,0.21968978888410173,"BUY: HTF permite movimento, mas devolução alta; evitar entrada esticada"
htf_location_dna,htf_bias=MIXED_LOCATION|H1=LOW_MID_H1|H4=UPPER_H4_RANGE|D1=NO_D1_DATA|bo_align=BREAKOUT_MIXED_HTF,190,51.25390303564726,0.9856179077081773,0.9483037107173939,0.531578947368421,0.5421052631578948,0.6894736842105263,0.7684210526315789,0.3526315789473684,0.6210526315789474,-0.268421052631579,0.4,0.5789473684210527,-0.17894736842105263,0.21052631578947367,0.7736842105263158,-0.5631578947368421,BUY,-0.17894736842105263,0.38421052631578945,0.21931578947368421,sem confluência HTF suficiente; usar como contexto
htf_location_dna,htf_bias=STRONG_UP_LOCATION|H1=UPPER_H1_RANGE|H4=MID_H4|D1=NO_D1_DATA|bo_align=BREAKOUT_WITH_HTF_UP,380,56.51181548336097,1.080997070161962,1.0251367448818123,0.4263157894736842,0.5236842105263158,0.7763157894736842,0.7157894736842105,0.2578947368421053,0.7315789473684211,-0.4736842105263158,0.2578947368421053,0.7315789473684211,-0.4736842105263158,0.4105263157894737,0.5631578947368421,-0.1526315789473684,SELL,-0.1526315789473684,0.3210526315789474,0.21928947368421053,"SELL: HTF permite movimento, mas devolução alta; evitar entrada esticada"
htf_location_dna,htf_bias=DOWN_LOCATION|H1=MID_H1|H4=UPPER_H4_RANGE|D1=NO_D1_DATA|bo_align=NO_BREAKOUT,233,42.5653075055926,0.8612378323613957,0.9629738382098324,0.4892703862660944,0.4978540772532189,0.7553648068669528,0.6909871244635193,0.31759656652360513,0.6695278969957081,-0.351931330472103,0.16738197424892703,0.8326180257510729,-0.6652360515021458,0.4034334763948498,0.5793991416309013,-0.17596566523605156,SELL,-0.17596566523605156,0.48927038626609426,0.21913218884120175,"SELL: HTF permite movimento, mas devolução alta; evitar entrada esticada"
htf_location_dna,htf_bias=MIXED_LOCATION|H1=MID_H1|H4=MID_H4|D1=NO_D1_DATA|bo_align=BREAKOUT_MIXED_HTF,310,56.60941549696843,1.1816556419996063,1.0258499717624574,0.6387096774193548,0.6709677419354839,0.6387096774193548,0.8129032258064516,0.4483870967741935,0.5258064516129032,-0.07741935483870965,0.3548387096774194,0.6290322580645161,-0.27419354838709675,0.3096774193548387,0.6741935483870968,-0.36451612903225805,BUY,-0.27419354838709675,0.0903225806451613,0.21393548387096778,sem confluência HTF suficiente; usar como contexto
htf_location_dna,htf_bias=STRONG_DOWN_LOCATION|H1=LOWER_H1_RANGE|H4=LOW_MID_H4|D1=NO_D1_DATA|bo_align=NO_BREAKOUT,493,45.098500487995246,0.8354968656841733,1.0159324120492892,0.4847870182555781,0.4787018255578093,0.7748478701825557,0.6673427991886409,0.26774847870182555,0.6937119675456389,-0.42596348884381335,0.3671399594320487,0.6085192697768763,-0.24137931034482762,0.2332657200811359,0.7221095334685599,-0.488843813387424,BUY,-0.24137931034482762,0.24746450304259637,0.21320446247464503,"BUY: HTF permite movimento, mas devolução alta; evitar entrada esticada"
htf_location_dna,htf_bias=DOWN_LOCATION|H1=LOW_MID_H1|H4=UPPER_H4_RANGE|D1=NO_D1_DATA|bo_align=BREAKOUT_WITH_HTF_DOWN,152,53.17000893275771,1.0467140050281123,0.9945647311531927,0.4868421052631579,0.6052631578947368,0.7105263157894737,0.8618421052631579,0.35526315789473684,0.5986842105263158,-0.24342105263157898,0.23684210526315788,0.75,-0.5131578947368421,0.34868421052631576,0.6052631578947368,-0.2565789473684211,SELL,-0.2565789473684211,0.2565789473684211,0.20803157894736848,"SELL: HTF permite movimento, mas devolução alta; evitar entrada esticada"
htf_location_dna,htf_bias=DOWN_LOCATION|H1=LOW_MID_H1|H4=HIGH_MID_H4|D1=NO_D1_DATA|bo_align=NO_BREAKOUT,1360,43.524357524750755,0.8667468420620995,0.9871814288814652,0.49117647058823527,0.4801470588235294,0.7617647058823529,0.6764705882352942,0.31323529411764706,0.6580882352941176,-0.3448529411764706,0.2647058823529412,0.7176470588235294,-0.45294117647058824,0.3463235294117647,0.6235294117647059,-0.2772058823529412,SELL,-0.2772058823529412,0.17573529411764705,0.2041911764705883,"SELL: HTF permite movimento, mas devolução alta; evitar entrada esticada"
htf_location_dna,htf_bias=STRONG_DOWN_LOCATION|H1=LOWER_H1_RANGE|H4=MID_H4|D1=NO_D1_DATA|bo_align=BREAKOUT_WITH_HTF_DOWN,247,64.1068615387524,1.2750118592799347,1.1722435009954566,0.4251012145748988,0.5182186234817814,0.8421052631578947,0.6963562753036437,0.18218623481781376,0.7935222672064778,-0.6113360323886641,0.3967611336032389,0.5587044534412956,-0.1619433198380567,0.18218623481781376,0.7935222672064778,-0.6113360323886641,BUY,-0.1619433198380567,0.44939271255060736,0.2040558704453442,"BUY: HTF permite movimento, mas devolução alta; evitar entrada esticada"
htf_location_dna,htf_bias=DOWN_LOCATION|H1=HIGH_MID_H1|H4=LOW_MID_H4|D1=NO_D1_DATA|bo_align=BREAKOUT_AGAINST_HTF_DOWN,423,53.10729367481956,1.015318296426885,0.9521529813038624,0.34988179669030733,0.3947990543735225,0.8581560283687943,0.4988179669030733,0.18203309692671396,0.806146572104019,-0.624113475177305,0.1773049645390071,0.8108747044917257,-0.6335697399527186,0.4397163120567376,0.5366430260047281,-0.09692671394799052,SELL,-0.09692671394799052,0.5366430260047281,0.20244869976359342,"SELL: HTF permite movimento, mas devolução alta; evitar entrada esticada"
htf_location_dna,htf_bias=STRONG_DOWN_LOCATION|H1=LOW_MID_H1|H4=LOW_MID_H4|D1=NO_D1_DATA|bo_align=NO_BREAKOUT,2093,48.998721722734786,0.9333835355203107,1.0631997591081048,0.4983277591973244,0.48877209746774963,0.7591973244147158,0.6655518394648829,0.3377926421404682,0.6407071189679885,-0.30291447682752026,0.27472527472527475,0.7085523172479694,-0.43382704252269466,0.35547061634018157,0.621595795508839,-0.26612517916865747,SELL,-0.26612517916865747,0.1677018633540372,0.20164835164835165,"SELL: HTF permite movimento, mas devolução alta; evitar entrada esticada"
htf_location_dna,htf_bias=STRONG_UP_LOCATION|H1=UPPER_H1_RANGE|H4=HIGH_MID_H4|D1=NO_D1_DATA|bo_align=NO_BREAKOUT,847,42.08732371960974,0.772933140766852,0.9699559128455802,0.48288075560802834,0.4887839433293979,0.731995277449823,0.6245572609208973,0.27744982290436837,0.693034238488784,-0.4155844155844156,0.2632821723730815,0.7154663518299882,-0.4521841794569067,0.35537190082644626,0.6198347107438017,-0.26446280991735543,SELL,-0.26446280991735543,0.18772136953955126,0.20153482880755608,"SELL: HTF permite movimento, mas devolução alta; evitar entrada esticada"
htf_location_dna,htf_bias=UP_LOCATION|H1=LOW_MID_H1|H4=HIGH_MID_H4|D1=NO_D1_DATA|bo_align=BREAKOUT_AGAINST_HTF_UP,520,54.96167073247072,1.0521335526922229,0.9861670649342797,0.27115384615384613,0.2423076923076923,0.9,0.39615384615384613,0.13653846153846153,0.8442307692307692,-0.7076923076923077,0.45576923076923076,0.5076923076923077,-0.051923076923076905,0.13653846153846153,0.8442307692307692,-0.7076923076923077,BUY,-0.051923076923076905,0.6557692307692309,0.1996153846153846,"BUY: HTF permite movimento, mas devolução alta; evitar entrada esticada"
htf_location_dna,htf_bias=STRONG_UP_LOCATION|H1=HIGH_MID_H1|H4=UPPER_H4_RANGE|D1=NO_D1_DATA|bo_align=NO_BREAKOUT,1386,42.93812526252291,0.8278424715085837,0.9575793213960803,0.4898989898989899,0.5079365079365079,0.7445887445887446,0.6082251082251082,0.27994227994227994,0.6940836940836941,-0.41414141414141414,0.23015873015873015,0.7467532467532467,-0.5165945165945166,0.3246753246753247,0.6493506493506493,-0.3246753246753247,SELL,-0.3246753246753247,0.19191919191919193,0.19913419913419916,"SELL: HTF permite movimento, mas devolução alta; evitar entrada esticada"
htf_location_dna,htf_bias=UP_LOCATION|H1=UPPER_H1_RANGE|H4=LOW_MID_H4|D1=NO_D1_DATA|bo_align=NO_BREAKOUT,379,38.937320940907505,0.7319168051676898,0.9523798227729181,0.41688654353562005,0.49604221635883905,0.7493403693931399,0.6279683377308707,0.23746701846965698,0.7282321899736148,-0.4907651715039578,0.23218997361477572,0.7361477572559367,-0.5039577836411611,0.38786279683377306,0.5936675461741425,-0.20580474934036946,SELL,-0.20580474934036946,0.2981530343007916,0.19822744063324543,"SELL: HTF permite movimento, mas devolução alta; evitar entrada esticada"
htf_location_dna,htf_bias=STRONG_UP_LOCATION|H1=HIGH_MID_H1|H4=HIGH_MID_H4|D1=NO_D1_DATA|bo_align=BREAKOUT_AGAINST_HTF_UP,532,55.09141691222206,1.015856497023725,1.0165170677822373,0.4755639097744361,0.4680451127819549,0.7481203007518797,0.6691729323308271,0.33458646616541354,0.6428571428571429,-0.30827067669172936,0.27631578947368424,0.7142857142857143,-0.43796992481203006,0.33646616541353386,0.6409774436090225,-0.3045112781954887,SELL,-0.3045112781954887,0.1334586466165414,0.19511278195488724,"SELL: HTF permite movimento, mas devolução alta; evitar entrada esticada"
htf_location_dna,htf_bias=MIXED_LOCATION|H1=HIGH_MID_H1|H4=LOWER_H4_RANGE|D1=NO_D1_DATA|bo_align=NO_BREAKOUT,133,41.516326391461455,0.8153927090829654,0.9003175098011401,0.5338345864661654,0.5639097744360902,0.706766917293233,0.6917293233082706,0.3233082706766917,0.6541353383458647,-0.33082706766917297,0.19548872180451127,0.7894736842105263,-0.5939849624060151,0.39849624060150374,0.5939849624060151,-0.19548872180451132,SELL,-0.19548872180451132,0.39849624060150374,0.19502105263157898,"SELL: HTF permite movimento, mas devolução alta; evitar entrada esticada"
htf_location_dna,htf_bias=UP_LOCATION|H1=MID_H1|H4=UPPER_H4_RANGE|D1=NO_D1_DATA|bo_align=NO_BREAKOUT,276,41.069971870907096,0.8207828281714592,0.919371600023172,0.5,0.5362318840579711,0.75,0.7137681159420289,0.3115942028985507,0.6702898550724637,-0.358695652173913,0.2246376811594203,0.7463768115942029,-0.5217391304347826,0.36231884057971014,0.6123188405797102,-0.25000000000000006,SELL,-0.25000000000000006,0.27173913043478254,0.1934246376811594,"SELL: HTF permite movimento, mas devolução alta; evitar entrada esticada"
htf_location_dna,htf_bias=DOWN_LOCATION|H1=LOWER_H1_RANGE|H4=HIGH_MID_H4|D1=NO_D1_DATA|bo_align=NO_BREAKOUT,285,43.77397570890542,0.8191187349261861,1.0002258591874014,0.4421052631578947,0.44912280701754387,0.8175438596491228,0.6947368421052632,0.25263157894736843,0.7052631578947368,-0.4526315789473684,0.3649122807017544,0.5859649122807018,-0.2210526315789474,0.19298245614035087,0.7824561403508772,-0.5894736842105264,BUY,-0.2210526315789474,0.368421052631579,0.19191228070175442,"BUY: HTF permite movimento, mas devolução alta; evitar entrada esticada"
htf_location_dna,htf_bias=UP_LOCATION|H1=MID_H1|H4=HIGH_MID_H4|D1=NO_D1_DATA|bo_align=NO_BREAKOUT,815,41.77614903447608,0.8446484773813111,0.9377618977345895,0.4785276073619632,0.5153374233128835,0.7496932515337423,0.6834355828220859,0.3312883435582822,0.6515337423312884,-0.3202453987730062,0.2969325153374233,0.6858895705521473,-0.38895705521472396,0.3337423312883436,0.652760736196319,-0.31901840490797545,SELL,-0.31901840490797545,0.0699386503067485,0.18975460122699392,"SELL: HTF permite movimento, mas devolução alta; evitar entrada esticada"
htf_location_dna,htf_bias=STRONG_DOWN_LOCATION|H1=LOWER_H1_RANGE|H4=MID_H4|D1=NO_D1_DATA|bo_align=NO_BREAKOUT,152,48.2255579383406,0.8878633790394019,1.075100629720728,0.4342105263157895,0.5131578947368421,0.7828947368421053,0.6710526315789473,0.2565789473684211,0.7039473684210527,-0.4473684210526316,0.4342105263157895,0.5460526315789473,-0.11184210526315785,0.20394736842105263,0.756578947368421,-0.5526315789473684,BUY,-0.11184210526315785,0.4407894736842105,0.18665,"BUY: HTF permite movimento, mas devolução alta; evitar entrada esticada"
htf_location_dna,htf_bias=MIXED_LOCATION|H1=MID_H1|H4=MID_H4|D1=NO_D1_DATA|bo_align=NO_BREAKOUT,304,41.43607374301973,0.8420409275107298,0.9549095662391096,0.555921052631579,0.5592105263157895,0.7368421052631579,0.7368421052631579,0.3355263157894737,0.6414473684210527,-0.305921052631579,0.3190789473684211,0.6513157894736842,-0.3322368421052631,0.25,0.7335526315789473,-0.48355263157894735,BUY,-0.3322368421052631,0.15131578947368424,0.1838263157894737,"BUY: HTF permite movimento, mas devolução alta; evitar entrada esticada"
htf_location_dna,htf_bias=DOWN_LOCATION|H1=MID_H1|H4=LOW_MID_H4|D1=NO_D1_DATA|bo_align=NO_BREAKOUT,812,43.21261242175264,0.8598893523692477,0.9698255452627458,0.49014778325123154,0.49507389162561577,0.7610837438423645,0.687192118226601,0.33004926108374383,0.6490147783251231,-0.3189655172413793,0.32142857142857145,0.6650246305418719,-0.34359605911330043,0.29310344827586204,0.6884236453201971,-0.395320197044335,BUY,-0.34359605911330043,0.051724137931034586,0.18312807881773402,"BUY: HTF permite movimento, mas devolução alta; evitar entrada esticada"
htf_location_dna,htf_bias=STRONG_UP_LOCATION|H1=HIGH_MID_H1|H4=UPPER_H4_RANGE|D1=NO_D1_DATA|bo_align=BREAKOUT_WITH_HTF_UP,894,59.02146972382401,1.1551006257895573,1.048508075340648,0.5279642058165548,0.4809843400447427,0.7807606263982103,0.5838926174496645,0.2953020134228188,0.6812080536912751,-0.3859060402684563,0.2953020134228188,0.6812080536912751,-0.3859060402684563,0.2080536912751678,0.767337807606264,-0.5592841163310962,BUY,-0.3859060402684563,0.17337807606263989,0.18243847874720362,"BUY: HTF permite movimento, mas devolução alta; evitar entrada esticada"
htf_location_dna,htf_bias=STRONG_UP_LOCATION|H1=MID_H1|H4=UPPER_H4_RANGE|D1=NO_D1_DATA|bo_align=NO_BREAKOUT,197,41.755869943881464,0.8164297913726859,0.902364110725443,0.5583756345177665,0.5329949238578681,0.7208121827411168,0.6446700507614214,0.30456852791878175,0.649746192893401,-0.3451776649746192,0.38578680203045684,0.5888324873096447,-0.20304568527918782,0.2131979695431472,0.7563451776649747,-0.5431472081218275,BUY,-0.20304568527918782,0.34010152284263967,0.1815319796954315,"BUY: HTF permite movimento, mas devolução alta; evitar entrada esticada"
htf_location_dna,htf_bias=DOWN_LOCATION|H1=LOW_MID_H1|H4=UPPER_H4_RANGE|D1=NO_D1_DATA|bo_align=NO_BREAKOUT,224,41.39947494904867,0.8303640202200507,0.9306719196196204,0.5133928571428571,0.5178571428571429,0.75,0.7589285714285714,0.32142857142857145,0.65625,-0.33482142857142855,0.2544642857142857,0.7276785714285714,-0.4732142857142857,0.33035714285714285,0.6517857142857143,-0.32142857142857145,SELL,-0.32142857142857145,0.15178571428571425,0.16622857142857148,"SELL: HTF permite movimento, mas devolução alta; evitar entrada esticada"
htf_location_dna,htf_bias=UP_LOCATION|H1=HIGH_MID_H1|H4=MID_H4|D1=NO_D1_DATA|bo_align=BREAKOUT_WITH_HTF_UP,385,54.83453204889016,1.0451703305916618,1.0057771076049935,0.5194805194805194,0.4935064935064935,0.7168831168831169,0.6103896103896104,0.3142857142857143,0.6753246753246753,-0.36103896103896105,0.3116883116883117,0.6779220779220779,-0.36623376623376624,0.24675324675324675,0.7376623376623377,-0.49090909090909096,BUY,-0.36623376623376624,0.12467532467532472,0.16583116883116883,"BUY: HTF permite movimento, mas devolução alta; evitar entrada esticada"
htf_location_dna,htf_bias=DOWN_LOCATION|H1=LOW_MID_H1|H4=LOW_MID_H4|D1=NO_D1_DATA|bo_align=BREAKOUT_WITH_HTF_DOWN,1030,60.77281158598327,1.2224073664027104,1.1127579972737507,0.41941747572815535,0.32427184466019415,0.8485436893203884,0.6271844660194175,0.33106796116504855,0.6378640776699029,-0.3067961165048544,0.25922330097087376,0.7058252427184466,-0.44660194174757284,0.33106796116504855,0.6378640776699029,-0.3067961165048544,SELL,-0.3067961165048544,0.13980582524271845,0.15854368932038837,"SELL: HTF permite movimento, mas devolução alta; evitar entrada esticada"
htf_location_dna,htf_bias=DOWN_LOCATION|H1=HIGH_MID_H1|H4=MID_H4|D1=NO_D1_DATA|bo_align=BREAKOUT_AGAINST_HTF_DOWN,253,56.10488952393878,1.0866921325343968,1.0327931772505519,0.3241106719367589,0.2766798418972332,0.8893280632411067,0.4031620553359684,0.1857707509881423,0.8023715415019763,-0.616600790513834,0.1857707509881423,0.8023715415019763,-0.616600790513834,0.4901185770750988,0.4743083003952569,0.015810276679841917,SELL,0.015810276679841917,0.6324110671936759,0.15751699604743089,"SELL: HTF permite movimento, mas devolução alta; evitar entrada esticada"
htf_location_dna,htf_bias=STRONG_DOWN_LOCATION|H1=LOW_MID_H1|H4=LOW_MID_H4|D1=NO_D1_DATA|bo_align=BREAKOUT_AGAINST_HTF_DOWN,404,57.00292112295995,1.0305569716804754,1.0395141478976868,0.5123762376237624,0.4975247524752475,0.7252475247524752,0.6163366336633663,0.3316831683168317,0.6485148514851485,-0.31683168316831684,0.3316831683168317,0.6485148514851485,-0.31683168316831684,0.3193069306930693,0.6707920792079208,-0.3514851485148515,BUY,-0.31683168316831684,0.034653465346534684,0.15196336633663365,"BUY: HTF permite movimento, mas devolução alta; evitar entrada esticada"
htf_location_dna,htf_bias=UP_LOCATION|H1=HIGH_MID_H1|H4=LOWER_H4_RANGE|D1=NO_D1_DATA|bo_align=NO_BREAKOUT,197,41.685712765589905,0.8039179374947695,0.9437835507071928,0.49238578680203043,0.5380710659898477,0.751269035532995,0.6852791878172588,0.24873096446700507,0.7208121827411168,-0.47208121827411176,0.27918781725888325,0.6802030456852792,-0.401015228426396,0.2131979695431472,0.766497461928934,-0.5532994923857868,BUY,-0.401015228426396,0.15228426395939082,0.1480294416243655,"BUY: HTF permite movimento, mas devolução alta; evitar entrada esticada"
htf_location_dna,htf_bias=STRONG_DOWN_LOCATION|H1=MID_H1|H4=LOW_MID_H4|D1=NO_D1_DATA|bo_align=BREAKOUT_AGAINST_HTF_DOWN,238,57.499952647352174,1.0874136755629416,1.0274633392720225,0.453781512605042,0.44537815126050423,0.8067226890756303,0.5756302521008403,0.24789915966386555,0.7310924369747899,-0.4831932773109243,0.24789915966386555,0.7352941176470589,-0.4873949579831933,0.3865546218487395,0.5882352941176471,-0.20168067226890757,SELL,-0.20168067226890757,0.28571428571428575,0.14339831932773112,"SELL: HTF permite movimento, mas devolução alta; evitar entrada esticada"
htf_location_dna,htf_bias=DOWN_LOCATION|H1=MID_H1|H4=LOWER_H4_RANGE|D1=NO_D1_DATA|bo_align=NO_BREAKOUT,161,39.81882121721597,0.8067620489354381,0.8851769490951995,0.4658385093167702,0.5217391304347826,0.782608695652174,0.7142857142857143,0.2670807453416149,0.6708074534161491,-0.4037267080745342,0.2670807453416149,0.7142857142857143,-0.4472049689440994,0.3416149068322981,0.6211180124223602,-0.2795031055900621,SELL,-0.2795031055900621,0.1677018633540373,0.14338012422360252,"SELL: HTF permite movimento, mas devolução alta; evitar entrada esticada"
htf_location_dna,htf_bias=UP_LOCATION|H1=HIGH_MID_H1|H4=HIGH_MID_H4|D1=NO_D1_DATA|bo_align=BREAKOUT_WITH_HTF_UP,1167,55.903309118434635,1.111792432135402,1.0358852445033566,0.4910025706940874,0.3898886032562125,0.7934875749785776,0.5878320479862896,0.29220222793487577,0.6812339331619537,-0.3890317052270779,0.2913453299057412,0.6820908311910883,-0.3907455012853471,0.2879177377892031,0.68808911739503,-0.4001713796058269,BUY,-0.3907455012853471,0.009425878320479808,0.13941730934018853,"BUY: HTF permite movimento, mas devolução alta; evitar entrada esticada"
htf_location_dna,htf_bias=DOWN_LOCATION|H1=LOW_MID_H1|H4=MID_H4|D1=NO_D1_DATA|bo_align=BREAKOUT_WITH_HTF_DOWN,381,58.33433735930331,1.2015418590187152,1.0822050770824554,0.4146981627296588,0.35958005249343833,0.8372703412073491,0.5931758530183727,0.2204724409448819,0.7454068241469817,-0.5249343832020998,0.29658792650918636,0.6561679790026247,-0.35958005249343833,0.2204724409448819,0.7454068241469817,-0.5249343832020998,BUY,-0.35958005249343833,0.1653543307086615,0.13827349081364837,"BUY: HTF permite movimento, mas devolução alta; evitar entrada esticada"
htf_location_dna,htf_bias=STRONG_UP_LOCATION|H1=UPPER_H1_RANGE|H4=MID_H4|D1=NO_D1_DATA|bo_align=NO_BREAKOUT,289,38.32487970055801,0.7247523303682057,0.9134230036717174,0.4463667820069204,0.4809688581314879,0.7439446366782007,0.6124567474048442,0.2698961937716263,0.7058823529411765,-0.4359861591695502,0.3391003460207612,0.643598615916955,-0.3044982698961938,0.2906574394463668,0.6851211072664359,-0.39446366782006914,BUY,-0.3044982698961938,0.08996539792387537,0.13478961937716263,"BUY: HTF permite movimento, mas devolução alta; evitar entrada esticada"
htf_location_dna,htf_bias=UP_LOCATION|H1=HIGH_MID_H1|H4=LOW_MID_H4|D1=NO_D1_DATA|bo_align=BREAKOUT_AGAINST_HTF_UP,300,51.7875121026563,0.9748291482795749,0.9929559107442435,0.33,0.27666666666666667,0.8566666666666667,0.43,0.23333333333333334,0.75,-0.5166666666666666,0.43666666666666665,0.5333333333333333,-0.09666666666666668,0.23,0.7533333333333333,-0.5233333333333333,BUY,-0.09666666666666668,0.42666666666666664,0.1305,"BUY: HTF permite movimento, mas devolução alta; evitar entrada esticada"
htf_location_dna,htf_bias=UP_LOCATION|H1=HIGH_MID_H1|H4=UPPER_H4_RANGE|D1=NO_D1_DATA|bo_align=BREAKOUT_WITH_HTF_UP,710,56.48080809638799,1.1144718215833926,1.0298581786137877,0.34507042253521125,0.2591549295774648,0.8915492957746479,0.37746478873239436,0.19295774647887323,0.7788732394366197,-0.5859154929577465,0.19436619718309858,0.7774647887323943,-0.5830985915492958,0.3211267605633803,0.647887323943662,-0.3267605633802817,SELL,-0.3267605633802817,0.2563380281690141,0.11894366197183098,"SELL: HTF permite movimento, mas devolução alta; evitar entrada esticada"
htf_location_dna,htf_bias=UP_LOCATION|H1=LOW_MID_H1|H4=MID_H4|D1=NO_D1_DATA|bo_align=BREAKOUT_AGAINST_HTF_UP,238,55.54485932921339,1.0966685232885425,1.047201135722935,0.24369747899159663,0.18907563025210083,0.9285714285714286,0.3445378151260504,0.14705882352941177,0.8319327731092437,-0.6848739495798319,0.44537815126050423,0.5378151260504201,-0.09243697478991592,0.15126050420168066,0.8277310924369747,-0.676470588235294,BUY,-0.09243697478991592,0.5840336134453781,0.1129361344537815,"BUY: HTF permite movimento, mas devolução alta; evitar entrada esticada"
htf_location_dna,htf_bias=STRONG_DOWN_LOCATION|H1=LOW_MID_H1|H4=LOWER_H4_RANGE|D1=NO_D1_DATA|bo_align=BREAKOUT_WITH_HTF_DOWN,568,63.63389612580908,1.328342475685867,1.1459314630308384,0.38380281690140844,0.34507042253521125,0.8644366197183099,0.5246478873239436,0.24119718309859156,0.7077464788732394,-0.4665492957746478,0.2517605633802817,0.7112676056338029,-0.4595070422535212,0.24119718309859156,0.7095070422535211,-0.46830985915492956,BUY,-0.4595070422535212,0.008802816901408383,0.11153169014084505,"BUY: HTF permite movimento, mas devolução alta; evitar entrada esticada"
htf_location_dna,htf_bias=STRONG_UP_LOCATION|H1=MID_H1|H4=HIGH_MID_H4|D1=NO_D1_DATA|bo_align=BREAKOUT_AGAINST_HTF_UP,228,55.19410064701917,1.0651860428439626,0.9957392467025911,0.38596491228070173,0.35526315789473684,0.8421052631578947,0.6271929824561403,0.2807017543859649,0.7149122807017544,-0.4342105263157895,0.3508771929824561,0.6359649122807017,-0.2850877192982456,0.2807017543859649,0.7149122807017544,-0.4342105263157895,BUY,-0.2850877192982456,0.14912280701754388,0.11007368421052635,"BUY: HTF permite movimento, mas devolução alta; evitar entrada esticada"
htf_location_dna,htf_bias=DOWN_LOCATION|H1=LOW_MID_H1|H4=LOWER_H4_RANGE|D1=NO_D1_DATA|bo_align=BREAKOUT_WITH_HTF_DOWN,527,60.84745278621332,1.2377285816250685,1.0824689097756808,0.2713472485768501,0.21062618595825428,0.9335863377609108,0.3548387096774194,0.17836812144212524,0.7874762808349146,-0.6091081593927894,0.3092979127134725,0.6546489563567363,-0.34535104364326374,0.17836812144212524,0.7874762808349146,-0.6091081593927894,BUY,-0.34535104364326374,0.26375711574952565,0.10474383301707782,"BUY: HTF permite movimento, mas devolução alta; evitar entrada esticada"
htf_location_dna,htf_bias=DOWN_LOCATION|H1=LOW_MID_H1|H4=HIGH_MID_H4|D1=NO_D1_DATA|bo_align=BREAKOUT_AGAINST_HTF_DOWN,219,52.308281815061264,0.9820807573541758,1.0054072235248925,0.4931506849315068,0.4063926940639269,0.8082191780821918,0.4977168949771689,0.2557077625570776,0.726027397260274,-0.4703196347031964,0.2557077625570776,0.726027397260274,-0.4703196347031964,0.3470319634703196,0.6210045662100456,-0.273972602739726,SELL,-0.273972602739726,0.19634703196347036,0.1020191780821918,"SELL: HTF permite movimento, mas devolução alta; evitar entrada esticada"
htf_location_dna,htf_bias=UP_LOCATION|H1=MID_H1|H4=LOW_MID_H4|D1=NO_D1_DATA|bo_align=BREAKOUT_AGAINST_HTF_UP,226,54.74980188691779,1.080093121050142,1.0105365326110995,0.40707964601769914,0.3407079646017699,0.8672566371681416,0.46017699115044247,0.252212389380531,0.7300884955752213,-0.4778761061946903,0.3938053097345133,0.5796460176991151,-0.18584070796460178,0.24778761061946902,0.7345132743362832,-0.4867256637168142,BUY,-0.18584070796460178,0.3008849557522124,0.10139469026548674,"BUY: HTF permite movimento, mas devolução alta; evitar entrada esticada"
htf_location_dna,htf_bias=STRONG_UP_LOCATION|H1=HIGH_MID_H1|H4=MID_H4|D1=NO_D1_DATA|bo_align=BREAKOUT_AGAINST_HTF_UP,139,50.262159741374276,0.9299833139041522,0.9352031553930524,0.33093525179856115,0.3597122302158273,0.8345323741007195,0.4748201438848921,0.2446043165467626,0.7266187050359713,-0.48201438848920863,0.37410071942446044,0.5899280575539568,-0.2158273381294964,0.2517985611510791,0.7194244604316546,-0.4676258992805755,BUY,-0.2158273381294964,0.2517985611510791,0.08391510791366909,"BUY: HTF permite movimento, mas devolução alta; evitar entrada esticada"
htf_location_dna,htf_bias=DOWN_LOCATION|H1=MID_H1|H4=HIGH_MID_H4|D1=NO_D1_DATA|bo_align=BREAKOUT_AGAINST_HTF_DOWN,198,54.27914121900066,1.055045236715307,1.0066189887635595,0.4393939393939394,0.3282828282828283,0.8484848484848485,0.494949494949495,0.2777777777777778,0.6868686868686869,-0.40909090909090906,0.2777777777777778,0.6868686868686869,-0.40909090909090906,0.37373737373737376,0.6060606060606061,-0.23232323232323232,SELL,-0.23232323232323232,0.17676767676767674,0.07949898989898993,"SELL: HTF permite movimento, mas devolução alta; evitar entrada esticada"
