side,m1_previous_color,m5_color,m15_color,h1_color,horizon_minutes,sample_size,sample_status,success_rate,avg_mfe_atr,avg_mae_atr,avg_return_atr,median_return_atr
DOWN,RED,RED,RED,RED,5,4242,ADEQUATE,0.5207449316360208,1.422024193430131,1.1085715954696846,0.06472396356365834,-0.02612841735709515
UP,GREEN,RED,RED,RED,5,3991,ADEQUATE,0.552994237033325,1.3048925253923018,1.0721443165831241,0.12807003156853092,0.15827725437419554
UP,GREEN,GREEN,GREEN,GREEN,5,3917,ADEQUATE,0.5264232831248404,1.4547776276917093,1.0849127776329843,0.1619077112790113,-0.008316831683097868
UP,GREEN,GREEN,GREEN,RED,5,3807,ADEQUATE,0.5263987391646966,1.3707219520236713,1.0678463713669433,0.11907846458633822,0.03714710252600323
DOWN,RED,RED,RED,GREEN,5,3783,ADEQUATE,0.5434840074015331,1.4627013546627685,1.0915020427612405,0.15729791845848137,0.06589644843852016
UP,GREEN,GREEN,RED,RED,5,3678,ADEQUATE,0.5315388798259923,1.3115117058292187,1.0219149433276893,0.16346731370977388,0.05673257380593481
DOWN,RED,GREEN,GREEN,GREEN,5,3630,ADEQUATE,0.5663911845730027,1.3709020218892802,1.0464645651386908,0.18552582670652187,0.2299617129111689
DOWN,RED,GREEN,GREEN,RED,5,3535,ADEQUATE,0.5482319660537482,1.3669224228268702,1.0290362176172785,0.17483413288395228,0.14796394156053141
DOWN,RED,RED,GREEN,GREEN,5,3340,ADEQUATE,0.5284431137724551,1.3677422721745534,1.0799442578207827,0.13494681165045758,0.09404460592576158
DOWN,RED,RED,GREEN,RED,5,3313,ADEQUATE,0.5571989133715666,1.5188306829304705,1.0418279774110324,0.19273132673408827,0.06467223933128881
UP,GREEN,RED,RED,GREEN,5,3302,ADEQUATE,0.533313143549364,1.3342564878647984,1.0735043130963065,0.1392863402504326,0.09222215415557473
DOWN,RED,GREEN,RED,RED,5,3227,ADEQUATE,0.5581035017043694,1.3767905219319587,0.9755281878673523,0.1837630164681065,0.10134436401242632
UP,GREEN,RED,GREEN,GREEN,5,2887,ADEQUATE,0.5292691375129892,1.3789963673084542,1.0985346175387953,0.14587229304146973,0.040423484119620934
UP,GREEN,RED,GREEN,RED,5,2824,ADEQUATE,0.5336402266288952,1.3222809936851114,1.138836623180836,0.07350878888236713,0.10005169822391703
UP,GREEN,GREEN,RED,GREEN,5,2759,ADEQUATE,0.5230155853570134,1.274750087302174,1.1058423995384632,0.048229942345893326,0.023121387283219195
DOWN,RED,GREEN,RED,GREEN,5,2604,ADEQUATE,0.5817972350230415,1.3799823337922228,0.983205209835423,0.2079731886571505,0.19032636339149736
UP,RED,RED,RED,RED,5,1521,ADEQUATE,0.5673898750821827,1.3400614881499444,1.085024703636877,0.16643004625115027,0.2845231891612662
DOWN,GREEN,RED,RED,RED,5,1435,ADEQUATE,0.5219512195121951,1.443062850987615,1.086871340389433,0.11445270184567186,-0.017817371937621798
UP,RED,RED,RED,GREEN,5,1369,ADEQUATE,0.5507669831994156,1.3157712434420978,1.0708311774192127,0.116044713809466,0.13504823151126907
DOWN,GREEN,GREEN,GREEN,RED,5,1356,ADEQUATE,0.5862831858407079,1.4373356946051665,0.9757178972018459,0.23077563354896205,0.23635353132332598
DOWN,GREEN,GREEN,GREEN,GREEN,5,1325,ADEQUATE,0.5735849056603773,1.3630549022612282,1.0230934523565176,0.17879615396385884,0.2473763118441619
DOWN,GREEN,GREEN,RED,RED,5,1283,ADEQUATE,0.5962587685113017,1.4343227110337244,0.9140564544738434,0.2648609461012895,0.1918934795380863
DOWN,GREEN,RED,RED,GREEN,5,1278,ADEQUATE,0.5485133020344288,1.3782670844928764,1.0900710760872585,0.06505923883005157,0.048695354944721256
UP,RED,GREEN,GREEN,GREEN,5,1200,ADEQUATE,0.5116666666666667,1.3148063456246264,1.114312705050017,0.0397937905072393,-0.049040843346695256
UP,RED,GREEN,GREEN,RED,5,1183,ADEQUATE,0.547759932375317,1.3682454761421816,1.095111674686932,0.08548537832557081,0.07949231796930575
UP,RED,GREEN,RED,RED,5,1156,ADEQUATE,0.5285467128027682,1.2135611747303525,1.0602312564953547,0.05019457736879555,0.0289188523027299
UP,RED,RED,GREEN,GREEN,5,1132,ADEQUATE,0.5556537102473498,1.4119790872765454,1.018856841653984,0.20143459655157794,0.14427561305832476
UP,RED,RED,GREEN,RED,5,1098,ADEQUATE,0.5318761384335154,1.2823856073415592,1.1634433961368738,0.0437914966454631,0.059864031498201756
DOWN,GREEN,RED,GREEN,GREEN,5,1072,ADEQUATE,0.5270522388059702,1.270507265584231,1.1018221149898255,-0.013891469179997657,0.0
DOWN,GREEN,GREEN,RED,GREEN,5,1008,ADEQUATE,0.5704365079365079,1.37467267090587,0.9882237681412429,0.15267997532179736,0.11903809906210697
DOWN,GREEN,RED,GREEN,RED,5,999,ADEQUATE,0.5505505505505506,1.4095242115275797,1.0449743059738021,0.1917408157145541,0.10427461139918393
UP,RED,GREEN,RED,GREEN,5,918,ADEQUATE,0.5174291938997821,1.3154357885207635,1.136670109886554,0.013980519917276835,-0.04515573802742241
DOWN,DOJI,RED,RED,RED,5,19,INSUFFICIENT_SAMPLE,0.42105263157894735,1.5625449295060478,1.1798663039475212,0.25321595104039135,-0.39436619718314136
DOWN,DOJI,RED,GREEN,RED,5,17,INSUFFICIENT_SAMPLE,0.5294117647058824,1.4636439500523772,0.9854364084043219,0.4498451187907277,0.9061488673141882
UP,DOJI,GREEN,GREEN,GREEN,5,17,INSUFFICIENT_SAMPLE,0.5882352941176471,1.2859194848328563,0.9516620252713347,-0.16189446401491206,-0.09175577785467921
UP,DOJI,RED,GREEN,GREEN,5,17,INSUFFICIENT_SAMPLE,0.6470588235294118,1.3856621424733566,0.9576082838069847,-0.06673911370865462,-0.18292682926784148
DOWN,DOJI,GREEN,RED,RED,5,16,INSUFFICIENT_SAMPLE,0.625,1.221035172327879,0.7751525806516303,0.059581559746710366,0.07597518384225371
DOWN,DOJI,RED,RED,GREEN,5,16,INSUFFICIENT_SAMPLE,0.6875,1.954260842001604,1.0593232195877225,0.6640451406018946,1.0825776019476472
DOWN,RED,DOJI,GREEN,RED,5,16,INSUFFICIENT_SAMPLE,0.4375,1.2226894356908684,1.356861637821077,-0.5152593026176937,-1.0687082866701836
UP,DOJI,RED,RED,RED,5,16,INSUFFICIENT_SAMPLE,0.5625,1.3533717751523953,0.9295778230544456,0.1589217245856251,0.22829231720218052
DOWN,RED,DOJI,RED,GREEN,5,15,INSUFFICIENT_SAMPLE,0.6,1.8001178600325543,0.9076504585109417,0.7915546105484135,0.72371495327082
UP,DOJI,RED,RED,GREEN,5,15,INSUFFICIENT_SAMPLE,0.6666666666666666,1.4784890277402913,0.9050106053834356,0.259712559988259,0.06246514221968879
UP,GREEN,DOJI,RED,GREEN,5,13,INSUFFICIENT_SAMPLE,0.23076923076923078,0.5878462790504991,1.994463853272165,-0.8143007285507744,-0.7134033353924709
UP,DOJI,GREEN,RED,RED,5,12,INSUFFICIENT_SAMPLE,0.5833333333333334,1.6130417910704875,0.9890831327313833,0.14443820672341504,-0.22692385732071915
UP,DOJI,RED,GREEN,RED,5,12,INSUFFICIENT_SAMPLE,0.5,1.5089627595049997,1.1860772965524558,0.10364652904777698,-0.2536920247012422
DOWN,DOJI,GREEN,GREEN,GREEN,5,11,INSUFFICIENT_SAMPLE,0.36363636363636365,1.0286240738901595,1.3797795361751124,-0.6461169901795457,-0.8989612842297305
UP,DOJI,GREEN,GREEN,RED,5,11,INSUFFICIENT_SAMPLE,0.45454545454545453,1.3693711674241147,1.6851924198261559,-0.5366786450401888,-0.40454076367355835
DOWN,DOJI,GREEN,GREEN,RED,5,10,INSUFFICIENT_SAMPLE,0.4,1.2574280913712714,1.1602340378091214,-0.027891563854708833,0.05049552494338824
DOWN,DOJI,RED,GREEN,GREEN,5,10,INSUFFICIENT_SAMPLE,0.3,1.242668954217025,2.221964132105646,-0.8048016445922979,-1.4612786603610761
UP,GREEN,DOJI,GREEN,RED,5,10,INSUFFICIENT_SAMPLE,0.3,0.7600758855624339,1.7572551082792358,-0.7387959743669393,-0.6402129110235959
DOWN,RED,GREEN,GREEN,DOJI,5,9,INSUFFICIENT_SAMPLE,0.3333333333333333,1.0057106474687536,0.9780125423010916,-0.008645487548013777,-0.3187613843352467
UP,GREEN,DOJI,GREEN,GREEN,5,9,INSUFFICIENT_SAMPLE,0.6666666666666666,1.2404348318131528,1.3059232693342855,-0.3093100123970616,-0.1714859437752634
UP,RED,DOJI,RED,GREEN,5,9,INSUFFICIENT_SAMPLE,0.5555555555555556,1.5468353483322854,1.2881331061752586,0.10710545373340981,0.1831106056298217
DOWN,DOJI,GREEN,RED,GREEN,5,8,INSUFFICIENT_SAMPLE,0.625,1.786515889237958,1.0101850459016815,0.7866370611011031,0.6734545361478905
DOWN,RED,RED,DOJI,RED,5,8,INSUFFICIENT_SAMPLE,0.875,2.5146812746155143,0.5002029244157142,0.8034212916524258,0.8303590183394127
UP,GREEN,RED,GREEN,DOJI,5,7,INSUFFICIENT_SAMPLE,1.0,4.025585371179156,-0.09286396412129548,2.2642478001702777,0.9681528662425759
DOWN,GREEN,RED,DOJI,RED,5,5,INSUFFICIENT_SAMPLE,0.8,2.211520439837559,0.4170237768278645,1.1092872632988642,0.9829917139116544
DOWN,RED,DOJI,GREEN,GREEN,5,5,INSUFFICIENT_SAMPLE,0.8,2.487234425156762,0.7798140732282681,1.4241777057180165,2.0948684777923416
UP,DOJI,GREEN,RED,GREEN,5,5,INSUFFICIENT_SAMPLE,0.6,1.5224116833388774,0.4198654958489637,0.33717483403449516,0.11659192825119423
UP,GREEN,GREEN,GREEN,DOJI,5,5,INSUFFICIENT_SAMPLE,0.4,0.5019090904278678,1.159799228600418,-0.8634216849382307,-0.7198917456025171
DOWN,GREEN,DOJI,RED,GREEN,5,4,INSUFFICIENT_SAMPLE,1.0,2.74597205316632,0.16036461116321898,1.7441212868127836,1.9694615583454371
DOWN,RED,GREEN,DOJI,RED,5,4,INSUFFICIENT_SAMPLE,1.0,3.3631902270033316,0.4474412215032083,2.6926541223699036,2.4135626020381666
DOWN,RED,RED,GREEN,DOJI,5,4,INSUFFICIENT_SAMPLE,0.75,1.03507210167905,1.0842304197377826,-0.49955891732862734,-0.30774891374637864
DOWN,RED,DOJI,RED,RED,5,3,INSUFFICIENT_SAMPLE,1.0,2.014423184188312,0.4136196658359918,1.4906447443027309,1.1093366093366368
UP,GREEN,DOJI,RED,RED,5,3,INSUFFICIENT_SAMPLE,0.6666666666666666,2.6963306053639777,1.3461159520125072,1.53460897165764,3.4083601286175544
UP,GREEN,RED,DOJI,RED,5,3,INSUFFICIENT_SAMPLE,0.0,0.8629770381874207,3.0857708575325993,-2.2398652151158216,-2.3258168430737323
UP,RED,DOJI,GREEN,RED,5,3,INSUFFICIENT_SAMPLE,0.6666666666666666,1.5259841810949089,0.9715254283322378,0.34070587978447286,0.16151022548522137
UP,RED,RED,GREEN,DOJI,5,3,INSUFFICIENT_SAMPLE,0.6666666666666666,7.902771475070367,0.4300467910101564,4.3778112616004154,5.27347781217868
DOWN,GREEN,DOJI,GREEN,RED,5,2,INSUFFICIENT_SAMPLE,0.5,1.3178026949936372,0.5520027308651579,0.35145308639834016,0.35145308639834016
DOWN,GREEN,DOJI,RED,RED,5,2,INSUFFICIENT_SAMPLE,1.0,2.420596545507701,0.29192545525086694,1.8901898280139733,1.8901898280139733
DOWN,GREEN,GREEN,RED,DOJI,5,2,INSUFFICIENT_SAMPLE,0.5,1.094389642859852,1.3061664355666827,-0.17815200913861073,-0.17815200913861073
DOWN,GREEN,RED,GREEN,DOJI,5,2,INSUFFICIENT_SAMPLE,0.5,0.9572560467055414,6.757798165139927,-4.233965804839192,-4.233965804839192
UP,GREEN,GREEN,RED,DOJI,5,2,INSUFFICIENT_SAMPLE,0.0,0.25918763459228,1.3091281310208784,-0.7557945143379243,-0.7557945143379243
UP,GREEN,RED,RED,DOJI,5,2,INSUFFICIENT_SAMPLE,0.5,2.2787326293237107,1.3377216815693171,0.6222511865447281,0.6222511865447281
UP,GREEN,RED,UNKNOWN,UNKNOWN,5,2,INSUFFICIENT_SAMPLE,0.0,0.23081085464336548,3.2939963269775028,-1.9190807957840632,-1.9190807957840632
UP,RED,DOJI,GREEN,GREEN,5,2,INSUFFICIENT_SAMPLE,1.0,2.1531684354026965,0.022571487597374096,1.415938740257119,1.415938740257119
DOWN,GREEN,DOJI,GREEN,GREEN,5,1,INSUFFICIENT_SAMPLE,1.0,2.301129234630134,0.01756587201992695,1.7800083647010192,1.7800083647010192
DOWN,GREEN,GREEN,GREEN,DOJI,5,1,INSUFFICIENT_SAMPLE,1.0,2.7676630434779033,0.06657608695623966,1.9687499999995675,1.9687499999995675
DOWN,GREEN,RED,UNKNOWN,UNKNOWN,5,1,INSUFFICIENT_SAMPLE,1.0,2.1312396694214963,1.622148760330629,-0.70115702479354,-0.70115702479354
DOWN,RED,GREEN,RED,DOJI,5,1,INSUFFICIENT_SAMPLE,0.0,0.6363636363631431,2.6647727272733746,-2.0880681818188243,-2.0880681818188243
DOWN,RED,RED,UNKNOWN,UNKNOWN,5,1,INSUFFICIENT_SAMPLE,1.0,2.0063712713582205,1.7515204170287764,-0.5768896611643695,-0.5768896611643695
UP,GREEN,UNKNOWN,UNKNOWN,UNKNOWN,5,1,INSUFFICIENT_SAMPLE,1.0,1.5738375063873138,0.49054675523763447,0.8507920286152214,0.8507920286152214
UP,RED,GREEN,GREEN,DOJI,5,1,INSUFFICIENT_SAMPLE,0.0,0.5399449035809628,2.8732782369151733,-1.2341597796136294,-1.2341597796136294
UP,RED,GREEN,RED,DOJI,5,1,INSUFFICIENT_SAMPLE,1.0,0.6142595978058838,0.34552102376668253,0.34552102376551863,0.34552102376551863
UP,RED,RED,DOJI,RED,5,1,INSUFFICIENT_SAMPLE,0.0,0.42923141537142867,3.275094498109812,-2.9458210835784073,-2.9458210835784073
UP,RED,RED,UNKNOWN,UNKNOWN,5,1,INSUFFICIENT_SAMPLE,0.0,1.3695395513577842,2.4604486422668557,-1.050767414403741,-1.050767414403741
DOWN,RED,RED,RED,RED,15,4242,ADEQUATE,0.5285242809995285,2.4340691924834164,2.002871311883953,0.10925656247662982,0.0031746031745279483
UP,GREEN,RED,RED,RED,15,3991,ADEQUATE,0.5154096717614632,2.2009847333377475,2.0869458233603675,0.08812269712936674,0.08561788274988698
UP,GREEN,GREEN,GREEN,GREEN,15,3917,ADEQUATE,0.5021700280827164,2.393687604914773,2.0422254726331848,0.10044081515658204,-0.12633098718642463
UP,GREEN,GREEN,GREEN,RED,15,3807,ADEQUATE,0.5109009718938797,2.324237547641362,2.1102038530414804,0.06839919524361046,0.010888586428145
DOWN,RED,RED,RED,GREEN,15,3783,ADEQUATE,0.5442770288131112,2.5376817338738475,1.9999563110751024,0.24745709204672955,0.09520865533240941
UP,GREEN,GREEN,RED,RED,15,3678,ADEQUATE,0.49782490483958675,2.2407887025211983,2.021187486500138,0.1150448349690951,0.03446687586694686
DOWN,RED,GREEN,GREEN,GREEN,15,3630,ADEQUATE,0.5641873278236914,2.3491544082939697,1.9684995606854858,0.2077244491105096,0.34672358810183374
DOWN,RED,GREEN,GREEN,RED,15,3535,ADEQUATE,0.5493635077793494,2.4978241721878254,1.9081876028451976,0.3202565200049047,0.22287735849055054
DOWN,RED,RED,GREEN,GREEN,15,3340,ADEQUATE,0.5329341317365269,2.3470843630416067,2.068891140316178,0.10657451859288036,0.0949168628614531
DOWN,RED,RED,GREEN,RED,15,3313,ADEQUATE,0.5360700271657108,2.5188944728072955,2.007599663081974,0.12575522338602702,-0.015113350125816313
UP,GREEN,RED,RED,GREEN,15,3302,ADEQUATE,0.5321017565112053,2.2487794457510963,2.008831951341602,0.12051174369685867,0.14589730123652817
DOWN,RED,GREEN,RED,RED,15,3227,ADEQUATE,0.5453982026650139,2.3730620044476125,1.9424316767453824,0.20321527015086138,0.16184971098250475
UP,GREEN,RED,GREEN,GREEN,15,2887,ADEQUATE,0.5167994457914791,2.3306915918196203,2.064382490899047,0.1373599078737625,-0.013351134846268285
UP,GREEN,RED,GREEN,RED,15,2824,ADEQUATE,0.5223087818696884,2.2604094059252775,2.160881149814564,0.05464615729045486,0.10929930325254122
UP,GREEN,GREEN,RED,GREEN,15,2759,ADEQUATE,0.5056179775280899,2.224539897293272,2.0588626552138445,0.08523521415045635,-0.025164769323116315
DOWN,RED,GREEN,RED,GREEN,15,2604,ADEQUATE,0.5499231950844854,2.3408102441867813,1.969820681588899,0.12204395641303618,0.1625381026022966
UP,RED,RED,RED,RED,15,1521,ADEQUATE,0.5272846811308349,2.2623303124725886,2.073978816312967,0.11694682741163656,0.09081081081086766
DOWN,GREEN,RED,RED,RED,15,1435,ADEQUATE,0.5317073170731708,2.4704976817233915,1.958829969089299,0.2034985720825557,0.03297220913813429
UP,RED,RED,RED,GREEN,15,1369,ADEQUATE,0.5434623813002192,2.238424500175194,2.0966236608102764,0.08706065721357464,0.16358325219131853
DOWN,GREEN,GREEN,GREEN,RED,15,1356,ADEQUATE,0.5730088495575221,2.4876533497644,1.8673927615893742,0.3187095964881013,0.35863747111512395
DOWN,GREEN,GREEN,GREEN,GREEN,15,1325,ADEQUATE,0.5509433962264151,2.360424518314065,1.9658362765105823,0.23592162483140736,0.35249042145595816
DOWN,GREEN,GREEN,RED,RED,15,1283,ADEQUATE,0.5650818394388153,2.4604419660650496,1.80777101146453,0.29107242638062814,0.16353775552759253
DOWN,GREEN,RED,RED,GREEN,15,1278,ADEQUATE,0.5406885758998435,2.458311415539235,2.019195275141026,0.20706290722721493,0.10177513441951136
UP,RED,GREEN,GREEN,GREEN,15,1200,ADEQUATE,0.4875,2.2044942674861563,2.125292812190787,-0.027802269161872905,-0.08028757376011068
UP,RED,GREEN,GREEN,RED,15,1183,ADEQUATE,0.5088757396449705,2.177264058395583,2.2161220540241504,-0.15525657493129752,-0.05396632176900591
UP,RED,GREEN,RED,RED,15,1156,ADEQUATE,0.5224913494809689,2.183923140866102,2.0057605746722684,0.13050559147332888,0.1222926706302941
UP,RED,RED,GREEN,GREEN,15,1132,ADEQUATE,0.5247349823321554,2.334509263121215,1.9997339050748728,0.12408113751818399,0.10721388252565509
UP,RED,RED,GREEN,RED,15,1098,ADEQUATE,0.5045537340619308,2.1432936390325996,2.291563315480313,-0.14834159247072673,-0.027144859453894762
DOWN,GREEN,RED,GREEN,GREEN,15,1072,ADEQUATE,0.5279850746268657,2.1566392955657805,2.0568509914685245,0.017429485614846446,-0.012738179163030737
DOWN,GREEN,GREEN,RED,GREEN,15,1008,ADEQUATE,0.5426587301587301,2.3874384867871123,2.024681792593307,0.12816685604385158,0.12293054114306351
DOWN,GREEN,RED,GREEN,RED,15,999,ADEQUATE,0.5315315315315315,2.404567894857229,2.005147932085721,0.10822899681024484,0.009067357513151792
UP,RED,GREEN,RED,GREEN,15,918,ADEQUATE,0.49455337690631807,2.242970844457491,2.1285785397517256,0.03961754571290319,0.03912474307526433
DOWN,DOJI,RED,RED,RED,15,19,INSUFFICIENT_SAMPLE,0.3684210526315789,2.011310385387363,2.246183818144278,-0.5506007589227204,-0.5613799283154309
DOWN,DOJI,RED,GREEN,RED,15,17,INSUFFICIENT_SAMPLE,0.47058823529411764,2.264853579645339,2.0380635461644268,-0.08933346912853123,0.4854368932038402
UP,DOJI,GREEN,GREEN,GREEN,15,17,INSUFFICIENT_SAMPLE,0.47058823529411764,2.287407231763209,2.075813128543445,0.2427548432239623,0.09765051395010388
UP,DOJI,RED,GREEN,GREEN,15,17,INSUFFICIENT_SAMPLE,0.5294117647058824,2.2265298039674035,1.5545259964740814,0.5208619449878906,0.1617458279848768
DOWN,DOJI,GREEN,RED,RED,15,16,INSUFFICIENT_SAMPLE,0.6875,1.966036166063387,2.006977782352115,-0.02603229305104965,0.7139111397104076
DOWN,DOJI,RED,RED,GREEN,15,16,INSUFFICIENT_SAMPLE,0.625,3.545420629603047,1.794139971869835,1.8217174708625894,1.7746906247215573
DOWN,RED,DOJI,GREEN,RED,15,16,INSUFFICIENT_SAMPLE,0.375,2.018061052450056,2.769760954605367,-0.7979618868650162,-1.0038746418838203
UP,DOJI,RED,RED,RED,15,16,INSUFFICIENT_SAMPLE,0.5625,1.9404845794293153,1.8835506923409295,-0.05320075845055504,-0.009599270745305042
DOWN,RED,DOJI,RED,GREEN,15,15,INSUFFICIENT_SAMPLE,0.7333333333333333,2.3932307139098628,1.224284033231767,0.5133252703398303,0.9180327868852093
UP,DOJI,RED,RED,GREEN,15,15,INSUFFICIENT_SAMPLE,0.6666666666666666,2.967420647397333,1.606023713865165,1.1759828028314483,0.6180487804879484
UP,GREEN,DOJI,RED,GREEN,15,13,INSUFFICIENT_SAMPLE,0.23076923076923078,0.919465975000236,3.2578895606671017,-1.1892247108203338,-1.6498966230187218
UP,DOJI,GREEN,RED,RED,15,12,INSUFFICIENT_SAMPLE,0.5,2.340811707397185,2.4264123374467594,-0.10843811845767608,-0.4986642666663255
UP,DOJI,RED,GREEN,RED,15,12,INSUFFICIENT_SAMPLE,0.5833333333333334,2.912515903004044,1.650948383902884,0.5091316339209647,-0.09151203097601168
DOWN,DOJI,GREEN,GREEN,GREEN,15,11,INSUFFICIENT_SAMPLE,0.6363636363636364,1.6136124078925291,2.0717916113975807,-0.7568667730888357,0.11898016997188257
UP,DOJI,GREEN,GREEN,RED,15,11,INSUFFICIENT_SAMPLE,0.45454545454545453,2.705655325737553,2.3684394020622257,1.088442099595568,0.39707227813381285
DOWN,DOJI,GREEN,GREEN,RED,15,10,INSUFFICIENT_SAMPLE,0.5,1.9486646677667463,3.1755569818340446,-0.5769172673029879,0.2671305922625681
DOWN,DOJI,RED,GREEN,GREEN,15,10,INSUFFICIENT_SAMPLE,0.3,2.115400944609535,2.7599180442159836,-0.31812020499402777,-1.5537901543627832
UP,GREEN,DOJI,GREEN,RED,15,10,INSUFFICIENT_SAMPLE,0.5,1.7884001892856367,2.5719439660301964,0.03158204588229015,0.38766911868683535
DOWN,RED,GREEN,GREEN,DOJI,15,9,INSUFFICIENT_SAMPLE,0.3333333333333333,1.5826100255225308,4.404104510201576,-2.268199765343618,-0.8670309653922421
UP,GREEN,DOJI,GREEN,GREEN,15,9,INSUFFICIENT_SAMPLE,0.6666666666666666,1.5645475174747459,1.8750315189626825,-0.10006797181517366,0.22428940568503986
UP,RED,DOJI,RED,GREEN,15,9,INSUFFICIENT_SAMPLE,0.4444444444444444,1.9577334175316277,2.3831519277817077,-0.31049287689922556,-0.9434176855274417
DOWN,DOJI,GREEN,RED,GREEN,15,8,INSUFFICIENT_SAMPLE,0.625,3.142035408198086,2.615134211820892,-0.053725829434104644,1.5129669729833677
DOWN,RED,RED,DOJI,RED,15,8,INSUFFICIENT_SAMPLE,0.875,4.040208354276931,0.8477569972096114,1.677598467670699,1.816756467861416
UP,GREEN,RED,GREEN,DOJI,15,7,INSUFFICIENT_SAMPLE,1.0,9.4467753227085,0.06936336681942776,7.9496985102130395,9.528662420384164
DOWN,GREEN,RED,DOJI,RED,15,5,INSUFFICIENT_SAMPLE,1.0,3.9459074798468023,0.7564917227502992,2.0342165738950304,2.287581699346527
DOWN,RED,DOJI,GREEN,GREEN,15,5,INSUFFICIENT_SAMPLE,0.8,2.6311283859070382,1.6910284435399832,-0.19395260343440066,-0.6140350877196262
UP,DOJI,GREEN,RED,GREEN,15,5,INSUFFICIENT_SAMPLE,0.4,1.5224116833388774,5.043655048274939,-3.668844498408137,-0.6726457399101713
UP,GREEN,GREEN,GREEN,DOJI,15,5,INSUFFICIENT_SAMPLE,0.8,3.8387608868972825,2.258070015853196,2.23180320735936,0.6171693735506699
DOWN,GREEN,DOJI,RED,GREEN,15,4,INSUFFICIENT_SAMPLE,1.0,2.8917765920389886,0.16838746637940633,1.9175227224416818,1.924428827503156
DOWN,RED,GREEN,DOJI,RED,15,4,INSUFFICIENT_SAMPLE,1.0,6.739668874831392,0.4474412215032083,5.840773929546598,5.435191669260343
DOWN,RED,RED,GREEN,DOJI,15,4,INSUFFICIENT_SAMPLE,0.25,1.03507210167905,8.598620041453124,-7.447367085080388,-6.555629266586671
DOWN,RED,DOJI,RED,RED,15,3,INSUFFICIENT_SAMPLE,0.6666666666666666,2.41027560060008,1.4587664124630528,0.3649857951180356,0.38411138411144613
UP,GREEN,DOJI,RED,RED,15,3,INSUFFICIENT_SAMPLE,0.6666666666666666,2.7717345550948007,1.3461159520125072,0.5177445812704219,2.161579892280417
UP,GREEN,RED,DOJI,RED,15,3,INSUFFICIENT_SAMPLE,0.0,1.0159183610768359,3.6350574982589343,0.7176519536016924,0.72802577082377
UP,RED,DOJI,GREEN,RED,15,3,INSUFFICIENT_SAMPLE,0.3333333333333333,1.9978231689233124,2.0453271500702868,-0.27933014568295017,-0.2789722076560487
UP,RED,RED,GREEN,DOJI,15,3,INSUFFICIENT_SAMPLE,0.6666666666666666,12.43894889025177,0.8819987429619771,10.517543525240653,14.21671826625867
DOWN,GREEN,DOJI,GREEN,RED,15,2,INSUFFICIENT_SAMPLE,0.5,2.681721717899521,2.3200759087936755,-0.6133447890811292,-0.6133447890811292
DOWN,GREEN,DOJI,RED,RED,15,2,INSUFFICIENT_SAMPLE,0.5,2.920700387667724,1.0915100866112506,0.8617336668780868,0.8617336668780868
DOWN,GREEN,GREEN,RED,DOJI,15,2,INSUFFICIENT_SAMPLE,0.0,1.102124449489154,2.551621176962143,-0.3664226339726112,-0.3664226339726112
DOWN,GREEN,RED,GREEN,DOJI,15,2,INSUFFICIENT_SAMPLE,0.0,0.9572560467055414,16.894641367813133,-14.330650542124257,-14.330650542124257
UP,GREEN,GREEN,RED,DOJI,15,2,INSUFFICIENT_SAMPLE,0.5,1.7999829989814349,1.5249277456643007,-0.30098889266648005,-0.30098889266648005
UP,GREEN,RED,RED,DOJI,15,2,INSUFFICIENT_SAMPLE,0.5,2.2787326293237107,1.4663587412935724,0.19484418165392162,0.19484418165392162
UP,GREEN,RED,UNKNOWN,UNKNOWN,15,2,INSUFFICIENT_SAMPLE,0.0,0.23081085464336548,8.455347430082682,-8.174316076791726,-8.174316076791726
UP,RED,DOJI,GREEN,GREEN,15,2,INSUFFICIENT_SAMPLE,1.0,3.855620645728125,0.12454859477729599,0.8499879261877347,0.8499879261877347
DOWN,GREEN,DOJI,GREEN,GREEN,15,1,INSUFFICIENT_SAMPLE,1.0,2.599749058971555,0.6323713927226955,-0.6089502300292821,-0.6089502300292821
DOWN,GREEN,GREEN,GREEN,DOJI,15,1,INSUFFICIENT_SAMPLE,1.0,2.7676630434779033,0.06657608695623966,1.0842391304350083,1.0842391304350083
DOWN,GREEN,RED,UNKNOWN,UNKNOWN,15,1,INSUFFICIENT_SAMPLE,1.0,2.7629752066114777,1.622148760330629,2.4737190082643705,2.4737190082643705
DOWN,RED,GREEN,RED,DOJI,15,1,INSUFFICIENT_SAMPLE,0.0,0.6363636363631431,3.6789772727284906,-2.127840909090616,-2.127840909090616
DOWN,RED,RED,UNKNOWN,UNKNOWN,15,1,INSUFFICIENT_SAMPLE,1.0,3.859832030118732,1.7515204170287764,3.734723428902406,3.734723428902406
UP,GREEN,UNKNOWN,UNKNOWN,UNKNOWN,15,1,INSUFFICIENT_SAMPLE,0.0,1.5738375063873138,2.7567705671947174,-2.1538068472152316,-2.1538068472152316
UP,RED,GREEN,GREEN,DOJI,15,1,INSUFFICIENT_SAMPLE,1.0,13.652892561988052,2.8732782369151733,5.3415977961459395,5.3415977961459395
UP,RED,GREEN,RED,DOJI,15,1,INSUFFICIENT_SAMPLE,1.0,1.8171846435108185,0.9597806215725663,1.3948811700178188,1.3948811700178188
UP,RED,RED,DOJI,RED,15,1,INSUFFICIENT_SAMPLE,0.0,0.42923141537142867,7.185216295674116,-6.509029819403332,-6.509029819403332
UP,RED,RED,UNKNOWN,UNKNOWN,15,1,INSUFFICIENT_SAMPLE,0.0,1.3695395513577842,2.923258559622239,-2.9161747343564404,-2.9161747343564404
DOWN,RED,RED,RED,RED,30,4242,ADEQUATE,0.5355964167845356,3.4593468367987548,2.8292152607529917,0.21390037015336585,0.03892580476281091
UP,GREEN,RED,RED,RED,30,3991,ADEQUATE,0.4933600601353044,3.0161585307780503,3.135370382458361,-0.02413007302434187,0.07017543859624863
UP,GREEN,GREEN,GREEN,GREEN,30,3917,ADEQUATE,0.48966045442941025,3.239692141790403,2.989382244822245,0.003655302946156016,-0.23449131513632177
UP,GREEN,GREEN,GREEN,RED,30,3807,ADEQUATE,0.49645390070921985,3.2376123105849275,3.1425433375742964,0.01911752983252224,-0.05498821681088143
DOWN,RED,RED,RED,GREEN,30,3783,ADEQUATE,0.5371398361089083,3.652905369882239,2.9794592645781868,0.34389539145088316,0.18077474892398454
UP,GREEN,GREEN,RED,RED,30,3678,ADEQUATE,0.4902120717781403,3.0172203932228006,3.076586848668259,-0.08933804419753637,-0.0071203328238775765
DOWN,RED,GREEN,GREEN,GREEN,30,3630,ADEQUATE,0.5509641873278237,3.2781023676563588,2.8410435840266244,0.22448947981864054,0.41043774978529446
DOWN,RED,GREEN,GREEN,RED,30,3535,ADEQUATE,0.5561527581329562,3.6172745099025176,2.9063174442293893,0.3695646345179824,0.32463768115914216
DOWN,RED,RED,GREEN,GREEN,30,3340,ADEQUATE,0.5365269461077844,3.328162389859045,3.0068657921374595,0.17527922428878517,0.2937309461701667
DOWN,RED,RED,GREEN,RED,30,3313,ADEQUATE,0.5472381527316631,3.653567854703093,3.0036238713534584,0.2840375220958375,0.2581560283686232
UP,GREEN,RED,RED,GREEN,30,3302,ADEQUATE,0.5311932162325863,3.2492824037840413,3.025528012988213,0.1806996209811177,0.1588615419824807
DOWN,RED,GREEN,RED,RED,30,3227,ADEQUATE,0.5426092345832042,3.4769142738030236,2.7851090431365457,0.3249471914871245,0.14384632566451747
UP,GREEN,RED,GREEN,GREEN,30,2887,ADEQUATE,0.5029442327675788,3.288838579421844,3.0196897446597144,0.15511902338156006,-0.04501607717033215
UP,GREEN,RED,GREEN,RED,30,2824,ADEQUATE,0.48937677053824363,3.224219969748422,3.3318278041339853,-0.0645638006385606,0.019055472263770336
UP,GREEN,GREEN,RED,GREEN,30,2759,ADEQUATE,0.4914824211670895,3.3292049423538947,3.1639118793228755,0.0326783332051762,-0.1089229273035647
DOWN,RED,GREEN,RED,GREEN,30,2604,ADEQUATE,0.5403225806451613,3.4548588686659145,3.0359199509743693,0.2370571688822722,0.28072728258601737
UP,RED,RED,RED,RED,30,1521,ADEQUATE,0.5042735042735043,3.1387338824913678,3.079079663783629,0.12869499553876695,0.05040650406510657
DOWN,GREEN,RED,RED,RED,30,1435,ADEQUATE,0.5498257839721254,3.4636302541375947,2.687880229886264,0.383209928051641,0.1709271270510682
UP,RED,RED,RED,GREEN,30,1369,ADEQUATE,0.5310445580715851,3.308529174007772,3.1201720195293943,0.17129936758679248,0.2394526795896802
DOWN,GREEN,GREEN,GREEN,RED,30,1356,ADEQUATE,0.577433628318584,3.5266740804630667,2.7092971773236094,0.4016727729327783,0.4105798645377038
DOWN,GREEN,GREEN,GREEN,GREEN,30,1325,ADEQUATE,0.5441509433962264,3.3091353539417683,2.7892963436682763,0.2882107978030949,0.3952087419445042
DOWN,GREEN,GREEN,RED,RED,30,1283,ADEQUATE,0.5455962587685113,3.4338600364823244,2.6320881352060255,0.34851687973726586,0.12488262910772246
DOWN,GREEN,RED,RED,GREEN,30,1278,ADEQUATE,0.5320813771517997,3.5331867934900174,3.049131226466861,0.2445143744538582,0.256359354948534
UP,RED,GREEN,GREEN,GREEN,30,1200,ADEQUATE,0.4816666666666667,3.0699348909461914,3.119496598162162,-0.11643796734765914,-0.2013585140141194
UP,RED,GREEN,GREEN,RED,30,1183,ADEQUATE,0.47590870667793744,2.9616685193245322,3.258861479459173,-0.2862793321302801,-0.1783114992719346
UP,RED,GREEN,RED,RED,30,1156,ADEQUATE,0.5086505190311419,3.07674060624887,2.9340989741384607,0.1861269093311427,0.23991300321613243
UP,RED,RED,GREEN,GREEN,30,1132,ADEQUATE,0.5070671378091873,3.27467694104289,2.946101610229488,0.12166635250494715,0.05041214359772725
UP,RED,RED,GREEN,RED,30,1098,ADEQUATE,0.4772313296903461,3.0884842287338494,3.507605879548285,-0.2486689856140624,-0.07390734683358927
DOWN,GREEN,RED,GREEN,GREEN,30,1072,ADEQUATE,0.5279850746268657,3.0672534790845654,2.979659056153905,-0.03338383120684771,0.19598747683851858
DOWN,GREEN,GREEN,RED,GREEN,30,1008,ADEQUATE,0.5446428571428571,3.447959346275996,3.0622308382011396,0.14741128864583972,0.24268485531174389
DOWN,GREEN,RED,GREEN,RED,30,999,ADEQUATE,0.5175175175175175,3.3991322701106257,3.058833753496341,0.03147289118712995,0.11073446327709627
UP,RED,GREEN,RED,GREEN,30,918,ADEQUATE,0.5032679738562091,3.34669810209419,3.2681611883612325,0.04031912845423397,-0.05216340653229805
DOWN,DOJI,RED,RED,RED,30,19,INSUFFICIENT_SAMPLE,0.3157894736842105,3.2217817518067027,4.0284631691041355,-0.006897872623066427,-0.9739952718673822
DOWN,DOJI,RED,GREEN,RED,30,17,INSUFFICIENT_SAMPLE,0.6470588235294118,3.609621286519897,4.283179829196554,0.055472647407788,0.5093140477755506
UP,DOJI,GREEN,GREEN,GREEN,30,17,INSUFFICIENT_SAMPLE,0.5294117647058824,3.234435126696536,4.439949733087076,-0.8508037077379347,-0.04437400950867635
UP,DOJI,RED,GREEN,GREEN,30,17,INSUFFICIENT_SAMPLE,0.5882352941176471,3.5860363310042107,2.13686481372138,1.1374215950417412,2.24883177570083
DOWN,DOJI,GREEN,RED,RED,30,16,INSUFFICIENT_SAMPLE,0.6875,2.906751997313429,2.7568987144629737,-0.5946003985229584,0.39090510336621964
DOWN,DOJI,RED,RED,GREEN,30,16,INSUFFICIENT_SAMPLE,0.625,4.167379078199054,2.8007952216134653,0.9848167309761406,0.6593787377340194
DOWN,RED,DOJI,GREEN,RED,30,16,INSUFFICIENT_SAMPLE,0.25,2.6643238323682916,3.885279535542976,-1.9805067244639698,-3.854834189107397
UP,DOJI,RED,RED,RED,30,16,INSUFFICIENT_SAMPLE,0.625,2.866253675987341,2.4687384924580598,0.3088095392349861,0.2830669383837208
DOWN,RED,DOJI,RED,GREEN,30,15,INSUFFICIENT_SAMPLE,0.4666666666666667,2.941038274745091,3.7034917119101864,-1.5075993818222295,-0.6803278688524386
UP,DOJI,RED,RED,GREEN,30,15,INSUFFICIENT_SAMPLE,0.6,3.570758200405072,2.791581505104041,0.2525646499048167,1.9733263598324342
UP,GREEN,DOJI,RED,GREEN,30,13,INSUFFICIENT_SAMPLE,0.23076923076923078,2.070604116421333,3.8830875940248903,-1.055604629206546,-1.8023660403616761
UP,DOJI,GREEN,RED,RED,30,12,INSUFFICIENT_SAMPLE,0.5,3.536271576004925,2.9321923782618384,0.4451050971760775,0.10314458587030233
UP,DOJI,RED,GREEN,RED,30,12,INSUFFICIENT_SAMPLE,0.5,4.441874102581458,3.9590902425865693,-0.7550654933500923,-1.5633007082040669
DOWN,DOJI,GREEN,GREEN,GREEN,30,11,INSUFFICIENT_SAMPLE,0.45454545454545453,1.7366544832167712,3.528127775961531,-2.0219168201591726,-1.3584797005470148
UP,DOJI,GREEN,GREEN,RED,30,11,INSUFFICIENT_SAMPLE,0.6363636363636364,3.563087388809322,2.464219600190414,1.002210377454114,2.019456558202096
DOWN,DOJI,GREEN,GREEN,RED,30,10,INSUFFICIENT_SAMPLE,0.5,2.351339155301111,3.5035346821205855,-0.7879099633461438,0.24345894212072325
DOWN,DOJI,RED,GREEN,GREEN,30,10,INSUFFICIENT_SAMPLE,0.4,2.694874849636804,4.110332492534087,-0.8507654262566018,1.0544111639141818
UP,GREEN,DOJI,GREEN,RED,30,10,INSUFFICIENT_SAMPLE,0.4,2.2317171139628966,3.289955275074861,-0.5860966090179554,-1.4953184052863475
DOWN,RED,GREEN,GREEN,DOJI,30,9,INSUFFICIENT_SAMPLE,0.1111111111111111,1.7908799019522037,12.40097184644828,-9.224762801329629,-5.822629969419159
UP,GREEN,DOJI,GREEN,GREEN,30,9,INSUFFICIENT_SAMPLE,0.2222222222222222,1.7329225345582746,2.909326917788768,-1.5648921206845565,-1.3602067183463067
UP,RED,DOJI,RED,GREEN,30,9,INSUFFICIENT_SAMPLE,0.3333333333333333,2.5496449725972123,3.358590874798267,-1.4053078180419711,-1.4652493867536447
DOWN,DOJI,GREEN,RED,GREEN,30,8,INSUFFICIENT_SAMPLE,0.375,3.9401484205489465,3.75878063645241,0.5155363522540293,1.0447157468460686
DOWN,RED,RED,DOJI,RED,30,8,INSUFFICIENT_SAMPLE,1.0,12.514916690742195,0.9934729931601013,6.139058516601663,1.8983215531221043
UP,GREEN,RED,GREEN,DOJI,30,7,INSUFFICIENT_SAMPLE,1.0,13.499850818665694,0.3683182080735779,10.223407951573463,10.264642082431575
DOWN,GREEN,RED,DOJI,RED,30,5,INSUFFICIENT_SAMPLE,1.0,18.62749883331167,0.8474713541761097,10.695799098098968,2.5582206716094227
DOWN,RED,DOJI,GREEN,GREEN,30,5,INSUFFICIENT_SAMPLE,0.6,3.201250661292449,2.4837220935168496,0.3170811829180914,0.2736561528207169
UP,DOJI,GREEN,RED,GREEN,30,5,INSUFFICIENT_SAMPLE,0.2,2.281367104072172,6.654608493156289,-4.42607760437244,-1.9954337899543568
UP,GREEN,GREEN,GREEN,DOJI,30,5,INSUFFICIENT_SAMPLE,0.8,9.430716168682476,2.258070015853196,7.465271433884614,0.4331013147725209
DOWN,GREEN,DOJI,RED,GREEN,30,4,INSUFFICIENT_SAMPLE,0.75,3.702710222726682,0.8672859088541496,1.4882617693449542,1.0152050686174108
DOWN,RED,GREEN,DOJI,RED,30,4,INSUFFICIENT_SAMPLE,1.0,48.87314643163792,0.4474412215032083,35.49930751687705,33.31337535014083
DOWN,RED,RED,GREEN,DOJI,30,4,INSUFFICIENT_SAMPLE,0.0,1.03507210167905,11.751267502674406,-8.167192797519704,-8.16934446078203
DOWN,RED,DOJI,RED,RED,30,3,INSUFFICIENT_SAMPLE,0.3333333333333333,2.5776991549446038,3.082331918289835,-1.801348922640739,-2.4021294021295603
UP,GREEN,DOJI,RED,RED,30,3,INSUFFICIENT_SAMPLE,0.6666666666666666,3.0063360043700853,1.5130845510463098,1.0755166094227617,1.7091561938960502
UP,GREEN,RED,DOJI,RED,30,3,INSUFFICIENT_SAMPLE,0.0,1.364880165839401,5.026030389862647,-3.620703826015948,-3.3373216751035186
UP,RED,DOJI,GREEN,RED,30,3,INSUFFICIENT_SAMPLE,0.6666666666666666,3.5414515860303157,2.427558839000304,2.4699961994022535,3.8528000000002898
UP,RED,RED,GREEN,DOJI,30,3,INSUFFICIENT_SAMPLE,1.0,16.459219160522213,0.8819987429619771,13.624159299174101,13.754385964917352
DOWN,GREEN,DOJI,GREEN,RED,30,2,INSUFFICIENT_SAMPLE,0.5,3.4150550512328155,2.4398752596346185,1.2177864949462327,1.2177864949462327
DOWN,GREEN,DOJI,RED,RED,30,2,INSUFFICIENT_SAMPLE,0.5,3.172866370339848,2.4998171752946865,-1.1935339433173557,-1.1935339433173557
DOWN,GREEN,GREEN,RED,DOJI,30,2,INSUFFICIENT_SAMPLE,0.0,1.102124449489154,2.551621176962143,-0.16511649627549535,-0.16511649627549535
DOWN,GREEN,RED,GREEN,DOJI,30,2,INSUFFICIENT_SAMPLE,0.0,0.9572560467055414,20.54918682236037,-15.042952460389742,-15.042952460389742
UP,GREEN,GREEN,RED,DOJI,30,2,INSUFFICIENT_SAMPLE,0.5,1.7999829989814349,1.5249277456643007,0.7268361101668435,0.7268361101668435
UP,GREEN,RED,RED,DOJI,30,2,INSUFFICIENT_SAMPLE,1.0,3.242752480440113,2.358971192321462,2.1574770385963036,2.1574770385963036
UP,GREEN,RED,UNKNOWN,UNKNOWN,30,2,INSUFFICIENT_SAMPLE,0.0,0.23081085464336548,9.622400082007943,-8.587676453743182,-8.587676453743182
UP,RED,DOJI,GREEN,GREEN,30,2,INSUFFICIENT_SAMPLE,1.0,3.855620645728125,2.8685497089472407,-0.21463231562638457,-0.21463231562638457
DOWN,GREEN,DOJI,GREEN,GREEN,30,1,INSUFFICIENT_SAMPLE,1.0,2.599749058971555,2.388958594730301,0.8782936010038029,0.8782936010038029
DOWN,GREEN,GREEN,GREEN,DOJI,30,1,INSUFFICIENT_SAMPLE,1.0,2.7676630434779033,0.3709239130437603,1.0176630434779035,1.0176630434779035
DOWN,GREEN,RED,UNKNOWN,UNKNOWN,30,1,INSUFFICIENT_SAMPLE,1.0,8.700826446280866,1.622148760330629,6.421487603305786,6.421487603305786
DOWN,RED,GREEN,RED,DOJI,30,1,INSUFFICIENT_SAMPLE,0.0,1.0738636363637084,3.6789772727284906,-0.15909090909078577,-0.15909090909078577
DOWN,RED,RED,UNKNOWN,UNKNOWN,30,1,INSUFFICIENT_SAMPLE,1.0,8.583840139009451,1.7515204170287764,6.241529105125931,6.241529105125931
UP,GREEN,UNKNOWN,UNKNOWN,UNKNOWN,30,1,INSUFFICIENT_SAMPLE,0.0,1.5738375063873138,9.823709759836584,-6.951967296883097,-6.951967296883097
UP,RED,GREEN,GREEN,DOJI,30,1,INSUFFICIENT_SAMPLE,1.0,21.887052341606065,2.8732782369151733,16.371900826451522,16.371900826451522
UP,RED,GREEN,RED,DOJI,30,1,INSUFFICIENT_SAMPLE,1.0,1.8171846435108185,0.9597806215725663,1.0621572212068802,1.0621572212068802
UP,RED,RED,DOJI,RED,30,1,INSUFFICIENT_SAMPLE,0.0,0.42923141537142867,52.201595968079616,-37.88996220075565,-37.88996220075565
UP,RED,RED,UNKNOWN,UNKNOWN,30,1,INSUFFICIENT_SAMPLE,0.0,1.3695395513577842,9.164108618654007,-6.694214876032968,-6.694214876032968
DOWN,RED,RED,RED,RED,60,4242,ADEQUATE,0.5339462517680339,5.155020083704266,3.863166912571365,0.6842440081560248,0.18782392970765616
UP,GREEN,RED,RED,RED,60,3991,ADEQUATE,0.4901027311450764,4.129944460795851,4.6021563660338956,-0.15567918076862292,0.14070351758800023
UP,GREEN,GREEN,GREEN,GREEN,60,3917,ADEQUATE,0.4957875925453153,4.667666002120147,4.411102458695355,0.11583601042005522,-0.1290542847390195
UP,GREEN,GREEN,GREEN,RED,60,3807,ADEQUATE,0.4793800893091673,4.625833422799317,4.726380701320216,-0.13447412678903153,-0.12556053811667559
DOWN,RED,RED,RED,GREEN,60,3783,ADEQUATE,0.5392545598731165,5.217548958881926,4.336042704163756,0.3650822626442769,0.28854538248089495
UP,GREEN,GREEN,RED,RED,60,3678,ADEQUATE,0.46900489396411094,4.203748351448394,4.664678823308261,-0.24244361718715277,-0.06602438419063399
DOWN,RED,GREEN,GREEN,GREEN,60,3630,ADEQUATE,0.534159779614325,4.749043088204955,4.258798666447939,0.2873087908064843,0.375465487164403
DOWN,RED,GREEN,GREEN,RED,60,3535,ADEQUATE,0.5533239038189534,5.266745546174491,4.25711641755613,0.5757779984079119,0.5121951219509304
DOWN,RED,RED,GREEN,GREEN,60,3340,ADEQUATE,0.5251497005988024,4.929026974883794,4.531224839958381,0.29295287542969906,0.37151441808606417
DOWN,RED,RED,GREEN,RED,60,3313,ADEQUATE,0.5378810745547842,5.380930674918152,4.3258012877935625,0.4968293267029445,0.03416022773508299
UP,GREEN,RED,RED,GREEN,60,3302,ADEQUATE,0.517565112053301,4.5835482253148605,4.584273758552861,-0.011888297343797809,-0.03416179033810113
DOWN,RED,GREEN,RED,RED,60,3227,ADEQUATE,0.5519057948559033,5.107239111958033,3.9638214508353227,0.5349285437939199,0.22047244094488483
UP,GREEN,RED,GREEN,GREEN,60,2887,ADEQUATE,0.5053688950467613,4.813207408647902,4.561265873390227,0.13035907287248163,-0.1355932203392378
UP,GREEN,RED,GREEN,RED,60,2824,ADEQUATE,0.47910764872521244,4.504103406309013,4.9338126741933825,-0.3019477938691867,-0.004647045806554599
UP,GREEN,GREEN,RED,GREEN,60,2759,ADEQUATE,0.4853207683943458,4.604750602967833,4.793452960770015,-0.19587949853150685,-0.2795341098167355
DOWN,RED,GREEN,RED,GREEN,60,2604,ADEQUATE,0.5518433179723502,5.154130893215863,4.376941398753071,0.3826704076920734,0.40510995411557893
UP,RED,RED,RED,RED,60,1521,ADEQUATE,0.48454963839579224,4.27579111612091,4.680158090157989,-0.14823953461231013,-0.14049759565113734
DOWN,GREEN,RED,RED,RED,60,1435,ADEQUATE,0.5484320557491289,4.923769423647704,3.713992573017012,0.6040670997409977,0.1659021406724997
UP,RED,RED,RED,GREEN,60,1369,ADEQUATE,0.4959824689554419,4.623771973124097,4.649682942496524,-0.008468678473532415,-0.12198391420920222
DOWN,GREEN,GREEN,GREEN,RED,60,1356,ADEQUATE,0.5730088495575221,5.198966760992455,4.326154808789105,0.4643523414018892,0.4487937079134457
DOWN,GREEN,GREEN,GREEN,GREEN,60,1325,ADEQUATE,0.5547169811320755,4.865655165338009,4.087307413774338,0.4825372622480473,0.6674057649667567
DOWN,GREEN,GREEN,RED,RED,60,1283,ADEQUATE,0.5448168355416991,5.006395876120586,3.8067235077066433,0.5269618189645446,0.3512544802865701
DOWN,GREEN,RED,RED,GREEN,60,1278,ADEQUATE,0.5414710485133021,5.082553416965044,4.258060521049775,0.30652939428249104,0.17821641791629755
UP,RED,GREEN,GREEN,GREEN,60,1200,ADEQUATE,0.4875,4.447114435372119,4.656156156830463,-0.1426977799171983,-0.3581353347333306
UP,RED,GREEN,GREEN,RED,60,1183,ADEQUATE,0.46661031276415893,4.459642215164764,4.8692851182516765,-0.3038087931350668,-0.21447089323579646
UP,RED,GREEN,RED,RED,60,1156,ADEQUATE,0.49653979238754326,4.3410610806661065,4.45580742819359,0.05848094160700221,0.05083869215034122
UP,RED,RED,GREEN,GREEN,60,1132,ADEQUATE,0.5256183745583038,4.838158206634771,4.372291056465239,0.25299886215898887,0.019187817258719424
UP,RED,RED,GREEN,RED,60,1098,ADEQUATE,0.45719489981785066,4.205519859062822,5.264485106269915,-0.7160422287348538,-0.23479116657333232
DOWN,GREEN,RED,GREEN,GREEN,60,1072,ADEQUATE,0.503731343283582,4.472177150575905,4.579855185625503,-0.21008594454681814,0.06128477644474513
DOWN,GREEN,GREEN,RED,GREEN,60,1008,ADEQUATE,0.5357142857142857,5.210362085175944,4.522300849331039,0.42699747517875464,0.28670378780804673
DOWN,GREEN,RED,GREEN,RED,60,999,ADEQUATE,0.5255255255255256,4.9995067641769975,4.3312034835242,0.18405773352154162,0.04564597201463061
UP,RED,GREEN,RED,GREEN,60,918,ADEQUATE,0.48257080610021785,4.617498344580779,4.907279803667211,-0.28708214348759215,-0.32899521371309526
DOWN,DOJI,RED,RED,RED,60,19,INSUFFICIENT_SAMPLE,0.3684210526315789,4.839263902343703,4.789164861446582,0.5007964516890463,-0.21552878179384516
DOWN,DOJI,RED,GREEN,RED,60,17,INSUFFICIENT_SAMPLE,0.5882352941176471,7.251514324591916,6.376570492206721,-0.3729447432079165,-1.8989547038327614
UP,DOJI,GREEN,GREEN,GREEN,60,17,INSUFFICIENT_SAMPLE,0.4117647058823529,4.66314260121987,5.729567152523752,-0.3250795670290354,-1.7355371900827932
UP,DOJI,RED,GREEN,GREEN,60,17,INSUFFICIENT_SAMPLE,0.6470588235294118,5.059911080205568,3.5005582535320654,1.4225056469601218,0.08674101610904703
DOWN,DOJI,GREEN,RED,RED,60,16,INSUFFICIENT_SAMPLE,0.75,7.880679531909584,4.242238343960748,3.175387008018836,0.45354671966933835
DOWN,DOJI,RED,RED,GREEN,60,16,INSUFFICIENT_SAMPLE,0.625,7.665634837992043,4.232045812472382,2.981044486817721,1.5732020003715341
DOWN,RED,DOJI,GREEN,RED,60,16,INSUFFICIENT_SAMPLE,0.25,2.8209634915603115,8.527803221397416,-6.135709455424532,-4.979099574046796
UP,DOJI,RED,RED,RED,60,16,INSUFFICIENT_SAMPLE,0.625,4.549117203230953,3.247878085431375,1.4985380636195125,1.6631630200508667
DOWN,RED,DOJI,RED,GREEN,60,15,INSUFFICIENT_SAMPLE,0.6,3.917675300314904,4.407518940149959,-0.9172402440570832,-1.050111714012294
UP,DOJI,RED,RED,GREEN,60,15,INSUFFICIENT_SAMPLE,0.6,4.326024950360465,3.708604757756288,0.2858331312294595,1.3046594982079833
UP,GREEN,DOJI,RED,GREEN,60,13,INSUFFICIENT_SAMPLE,0.07692307692307693,2.5248425003308066,5.816876351052847,-2.128763516523026,-3.0133798720187484
UP,DOJI,GREEN,RED,RED,60,12,INSUFFICIENT_SAMPLE,0.5,4.347496733243507,3.339453667499187,0.3260034343161364,0.3335709800044281
UP,DOJI,RED,GREEN,RED,60,12,INSUFFICIENT_SAMPLE,0.3333333333333333,4.853514382298733,5.605525072056817,-1.4216328341093971,-2.0013578544121295
DOWN,DOJI,GREEN,GREEN,GREEN,60,11,INSUFFICIENT_SAMPLE,0.2727272727272727,2.602150844638858,5.90703198747421,-2.341266794444392,-0.619176232275643
UP,DOJI,GREEN,GREEN,RED,60,11,INSUFFICIENT_SAMPLE,0.6363636363636364,4.8516745530126775,3.6911911138675673,-0.31457727315194367,0.5617395806368618
DOWN,DOJI,GREEN,GREEN,RED,60,10,INSUFFICIENT_SAMPLE,0.6,4.212672437432269,3.8444554728343916,1.0071494928402427,2.9496865511303567
DOWN,DOJI,RED,GREEN,GREEN,60,10,INSUFFICIENT_SAMPLE,0.4,4.361449374139099,7.276065499967025,-2.26227721810702,-1.1268830088073434
UP,GREEN,DOJI,GREEN,RED,60,10,INSUFFICIENT_SAMPLE,0.4,3.3518064753669385,3.709369118236757,0.4533576555011451,1.021445478834941
DOWN,RED,GREEN,GREEN,DOJI,60,9,INSUFFICIENT_SAMPLE,0.0,1.8507095094107515,17.21804484540512,-12.931313642857893,-14.028659160696634
UP,GREEN,DOJI,GREEN,GREEN,60,9,INSUFFICIENT_SAMPLE,0.2222222222222222,2.557984217939341,7.687157216686054,-5.027049608695346,-2.814470284237252
UP,RED,DOJI,RED,GREEN,60,9,INSUFFICIENT_SAMPLE,0.2222222222222222,3.311288824969616,5.075877857232176,-1.4276584250272448,-1.01880621422668
DOWN,DOJI,GREEN,RED,GREEN,60,8,INSUFFICIENT_SAMPLE,0.625,4.795568507039729,4.963252620503927,1.0241208305100904,1.7031114421515932
DOWN,RED,RED,DOJI,RED,60,8,INSUFFICIENT_SAMPLE,1.0,14.370829793715771,0.9934729931601013,10.136930304172793,5.544135757501527
UP,GREEN,RED,GREEN,DOJI,60,7,INSUFFICIENT_SAMPLE,1.0,16.210907507212163,0.3986421226153118,11.323558736222497,11.494577006510482
DOWN,GREEN,RED,DOJI,RED,60,5,INSUFFICIENT_SAMPLE,1.0,20.275609501817765,0.8474713541761097,14.421058051254528,6.441343218490833
DOWN,RED,DOJI,GREEN,GREEN,60,5,INSUFFICIENT_SAMPLE,0.6,15.489390435344522,3.4290383663238986,8.982267157267303,2.649654439128365
UP,DOJI,GREEN,RED,GREEN,60,5,INSUFFICIENT_SAMPLE,0.2,2.8194309394718085,10.722826376462521,-4.951192686414707,-0.7625570776256303
UP,GREEN,GREEN,GREEN,DOJI,60,5,INSUFFICIENT_SAMPLE,1.0,14.79591175370262,2.3488786447108736,10.447180872147753,11.223545900492127
DOWN,GREEN,DOJI,RED,GREEN,60,4,INSUFFICIENT_SAMPLE,1.0,4.182507299894124,1.6528792805635306,1.9720770587643832,0.9741120214229732
DOWN,RED,GREEN,DOJI,RED,60,4,INSUFFICIENT_SAMPLE,1.0,48.87314643163792,0.4474412215032083,32.82926397280269,32.209502349327906
DOWN,RED,RED,GREEN,DOJI,60,4,INSUFFICIENT_SAMPLE,0.0,1.03507210167905,15.046298934679282,-10.541111412970809,-10.340220601245308
DOWN,RED,DOJI,RED,RED,60,3,INSUFFICIENT_SAMPLE,0.3333333333333333,2.5776991549446038,3.3218111795674794,-0.7653141590136219,-0.5814144736843757
UP,GREEN,DOJI,RED,RED,60,3,INSUFFICIENT_SAMPLE,0.6666666666666666,8.343691295334663,1.5130845510463098,6.763993356543225,9.14469453376242
UP,GREEN,RED,DOJI,RED,60,3,INSUFFICIENT_SAMPLE,0.0,1.364880165839401,8.566745446067745,-7.785316474775592,-7.830052808449404
UP,RED,DOJI,GREEN,RED,60,3,INSUFFICIENT_SAMPLE,1.0,10.126806452656904,2.427558839000304,7.593689689624668,6.55199999999993
UP,RED,RED,GREEN,DOJI,60,3,INSUFFICIENT_SAMPLE,1.0,18.046306247609675,0.8819987429619771,12.185646333709698,12.64414414414597
DOWN,GREEN,DOJI,GREEN,RED,60,2,INSUFFICIENT_SAMPLE,0.5,3.74054524731122,2.4398752596346185,0.6349458166271253,0.6349458166271253
DOWN,GREEN,DOJI,RED,RED,60,2,INSUFFICIENT_SAMPLE,0.5,3.172866370339848,2.831782519571916,-0.7698048023094686,-0.7698048023094686
DOWN,GREEN,GREEN,RED,DOJI,60,2,INSUFFICIENT_SAMPLE,0.0,1.4725502733694253,20.14684781125436,-14.9317877131132,-14.9317877131132
DOWN,GREEN,RED,GREEN,DOJI,60,2,INSUFFICIENT_SAMPLE,0.0,0.9572560467055414,20.54918682236037,-13.752585487911752,-13.752585487911752
UP,GREEN,GREEN,RED,DOJI,60,2,INSUFFICIENT_SAMPLE,1.0,17.81164994900271,1.8620154709283026,13.692515300921997,13.692515300921997
UP,GREEN,RED,RED,DOJI,60,2,INSUFFICIENT_SAMPLE,1.0,22.55655896245533,2.358971192321462,17.540977127897698,17.540977127897698
UP,GREEN,RED,UNKNOWN,UNKNOWN,60,2,INSUFFICIENT_SAMPLE,0.0,0.23081085464336548,9.895683000107507,-2.707593089087297,-2.707593089087297
UP,RED,DOJI,GREEN,GREEN,60,2,INSUFFICIENT_SAMPLE,1.0,3.855620645728125,3.48980457867296,-2.2768031815991647,-2.2768031815991647
DOWN,GREEN,DOJI,GREEN,GREEN,60,1,INSUFFICIENT_SAMPLE,1.0,2.599749058971555,2.388958594730301,1.2881639481388043,1.2881639481388043
DOWN,GREEN,GREEN,GREEN,DOJI,60,1,INSUFFICIENT_SAMPLE,0.0,2.7676630434779033,6.248641304347054,-2.872282608694975,-2.872282608694975
DOWN,GREEN,RED,UNKNOWN,UNKNOWN,60,1,INSUFFICIENT_SAMPLE,1.0,8.980826446280874,1.622148760330629,1.6591735537190253,1.6591735537190253
DOWN,RED,GREEN,RED,DOJI,60,1,INSUFFICIENT_SAMPLE,0.0,1.0738636363637084,24.460227272730922,-16.943181818183156,-16.943181818183156
DOWN,RED,RED,UNKNOWN,UNKNOWN,60,1,INSUFFICIENT_SAMPLE,1.0,8.864176078771987,1.7515204170287764,1.7167680278018904,1.7167680278018904
UP,GREEN,UNKNOWN,UNKNOWN,UNKNOWN,60,1,INSUFFICIENT_SAMPLE,0.0,1.5738375063873138,10.132856412876965,-3.3597342871744353,-3.3597342871744353
UP,RED,GREEN,GREEN,DOJI,60,1,INSUFFICIENT_SAMPLE,1.0,21.887052341606065,2.8732782369151733,14.077134986231114,14.077134986231114
UP,RED,GREEN,RED,DOJI,60,1,INSUFFICIENT_SAMPLE,1.0,15.19012797075501,1.2413162705675116,12.31078610603731,12.31078610603731
UP,RED,RED,DOJI,RED,60,1,INSUFFICIENT_SAMPLE,0.0,0.42923141537142867,52.201595968079616,-34.20915581688326,-34.20915581688326
UP,RED,RED,UNKNOWN,UNKNOWN,60,1,INSUFFICIENT_SAMPLE,0.0,1.3695395513577842,9.449822904368302,-2.127508854781646,-2.127508854781646
