memory_type,memory_key,bars,episode_starts,avg_attempt_number_48,avg_recent_failures_24,avg_energy,avg_range_atr,continuation_h6,pullback_0p50_h6,reach_1atr_h12,buy_tp,buy_sl,buy_edge,sell_tp,sell_sl,sell_edge,best_side,best_edge,edge_gap,memory_score,memory_guidance
memory_setup,state=SWEEP_OR_FALSE_BREAK|setup=RESISTANCE_FALSE_BREAK|side=SELL_ALIGNED|loc=RESISTANCE_ZONE|energy=LOW|align=FULL/DOWN|mem=ACTIVE_LEVEL_CONTACT|side=UP|attempt=FIRST_ATTEMPT|fb=FB_NOW|sw=SW_NOW|lf=ONE_RECENT_FAILURE,185,137,1.0,10.67027027027027,30.36347609950891,0.6759523884084071,0.7621621621621621,0.41081081081081083,0.8486486486486486,0.0918918918918919,0.9027027027027027,-0.8108108108108107,0.6324324324324324,0.35135135135135137,0.28108108108108104,SELL,0.28108108108108104,1.0918918918918918,0.533635135135135,SELL: memória favorável; buscar confirmação/reteste
memory_setup,state=SWEEP_OR_FALSE_BREAK|setup=RESISTANCE_FALSE_BREAK|side=SELL_ALIGNED|loc=RESISTANCE_ZONE|energy=MEDIUM|align=FULL/DOWN|mem=ACTIVE_LEVEL_CONTACT|side=UP|attempt=FIRST_ATTEMPT|fb=FB_NOW|sw=SW_NOW|lf=ONE_RECENT_FAILURE,205,145,1.0,10.258536585365853,49.36432285785058,0.882164573694727,0.7414634146341463,0.47804878048780486,0.8975609756097561,0.08780487804878048,0.8975609756097561,-0.8097560975609757,0.6195121951219512,0.35609756097560974,0.2634146341463415,SELL,0.2634146341463415,1.0731707317073171,0.5224512195121952,SELL: memória favorável; buscar confirmação/reteste
memory_setup,state=SWEEP_OR_FALSE_BREAK|setup=SUPPORT_FALSE_BREAK|side=BUY_ALIGNED|loc=SUPPORT_ZONE|energy=MEDIUM|align=FULL/UP|mem=ACTIVE_LEVEL_CONTACT|side=DOWN|attempt=FIRST_ATTEMPT|fb=FB_NOW|sw=SW_NOW|lf=ONE_RECENT_FAILURE,120,90,1.0,10.375,49.83403958444275,0.9197304509732743,0.775,0.45,0.8416666666666667,0.5916666666666667,0.35833333333333334,0.23333333333333334,0.06666666666666667,0.9333333333333333,-0.8666666666666667,BUY,0.23333333333333334,1.1,0.5036666666666667,BUY: memória favorável; buscar confirmação/reteste
memory_setup,state=NORMAL_FLOW|setup=RESISTANCE_BREAKOUT|side=SELL_MTF_ONLY|loc=RESISTANCE_ZONE|energy=MEDIUM|align=MIXED/DOWN|mem=CLEAN_FIRST_ATTEMPT|side=UP|attempt=FIRST_ATTEMPT|fb=FB_1_3|sw=SW_1_3|lf=NO_RECENT_FAILURE,179,179,1.0,9.620111731843576,49.52380537192564,0.9159845542782494,0.16759776536312848,0.9776536312849162,0.2346368715083799,0.0446927374301676,0.9553072625698324,-0.9106145251396649,0.7877094972067039,0.19553072625698323,0.5921787709497207,SELL,0.5921787709497207,1.5027932960893855,0.47236927374301685,"SELL: há deslocamento, mas a memória indica devolução; não perseguir"
memory_setup,state=SWEEP_OR_FALSE_BREAK|setup=SUPPORT_FALSE_BREAK|side=BUY_ALIGNED|loc=SUPPORT_ZONE|energy=LOW|align=FULL/UP|mem=ACTIVE_LEVEL_CONTACT|side=DOWN|attempt=FIRST_ATTEMPT|fb=FB_NOW|sw=SW_NOW|lf=ONE_RECENT_FAILURE,156,121,1.0,10.282051282051283,30.53587278084862,0.690059844076315,0.8076923076923077,0.46153846153846156,0.8782051282051282,0.5576923076923077,0.41025641025641024,0.14743589743589747,0.10256410256410256,0.8974358974358975,-0.7948717948717949,BUY,0.14743589743589747,0.9423076923076924,0.45021538461538474,memória inconclusiva; usar apenas como filtro contextual
memory_setup,state=SWEEP_OR_FALSE_BREAK|setup=RESISTANCE_FALSE_BREAK|side=BUY_ALIGNED|loc=RESISTANCE_ZONE|energy=MEDIUM|align=FULL/UP|mem=ACTIVE_LEVEL_CONTACT|side=UP|attempt=FIRST_ATTEMPT|fb=FB_1_3|sw=SW_1_3|lf=ONE_RECENT_FAILURE,187,96,1.0,10.60427807486631,48.728581392271714,0.8748556694178937,0.7433155080213903,0.49732620320855614,0.839572192513369,0.5668449197860963,0.40106951871657753,0.16577540106951877,0.11229946524064172,0.8716577540106952,-0.7593582887700535,BUY,0.16577540106951877,0.9251336898395723,0.4376839572192514,memória inconclusiva; usar apenas como filtro contextual
memory_setup,state=SWEEP_OR_FALSE_BREAK|setup=RESISTANCE_FALSE_BREAK|side=BUY_ALIGNED|loc=RESISTANCE_ZONE|energy=HIGH|align=FULL/UP|mem=ACTIVE_LEVEL_CONTACT|side=DOWN|attempt=FIRST_ATTEMPT|fb=FB_NOW|sw=SW_NOW|lf=ONE_RECENT_FAILURE,190,158,1.0,10.131578947368421,68.52996969811872,1.2765592135348465,0.7315789473684211,0.48947368421052634,0.868421052631579,0.5631578947368421,0.4105263157894737,0.1526315789473684,0.11578947368421053,0.868421052631579,-0.7526315789473684,BUY,0.1526315789473684,0.9052631578947368,0.43452631578947365,memória inconclusiva; usar apenas como filtro contextual
memory_setup,state=NORMAL_FLOW|setup=SUPPORT_BREAKOUT|side=BUY_MTF_ONLY|loc=SUPPORT_ZONE|energy=MEDIUM|align=MIXED/UP|mem=CLEAN_FIRST_ATTEMPT|side=DOWN|attempt=FIRST_ATTEMPT|fb=FB_1_3|sw=SW_1_3|lf=NO_RECENT_FAILURE,176,176,1.0,9.5,49.9739330242056,0.9013953838271543,0.23863636363636365,0.9318181818181818,0.2215909090909091,0.7443181818181818,0.24431818181818182,0.49999999999999994,0.08522727272727272,0.9147727272727273,-0.8295454545454546,BUY,0.49999999999999994,1.3295454545454546,0.4119181818181819,"BUY: há deslocamento, mas a memória indica devolução; não perseguir"
memory_setup,state=SWEEP_OR_FALSE_BREAK|setup=SUPPORT_FALSE_BREAK|side=SELL_ALIGNED|loc=SUPPORT_ZONE|energy=MEDIUM|align=FULL/DOWN|mem=ACTIVE_LEVEL_CONTACT|side=DOWN|attempt=FIRST_ATTEMPT|fb=FB_NOW|sw=SW_NOW|lf=ONE_RECENT_FAILURE,439,303,1.0,10.496583143507973,49.78027279157141,0.9312510875411145,0.6810933940774487,0.55125284738041,0.8132118451025057,0.12072892938496584,0.8701594533029613,-0.7494305239179955,0.5353075170842825,0.43507972665148065,0.10022779043280183,SELL,0.10022779043280183,0.8496583143507973,0.40198656036446473,memória inconclusiva; usar apenas como filtro contextual
memory_setup,state=LOW_RANGE|setup=NO_EVENT|side=BUY_ALIGNED|loc=RESISTANCE_ZONE|energy=LOW|align=FULL/UP|mem=RECENT_FALSE_BREAK_MEMORY|side=NONE|attempt=FIRST_ATTEMPT|fb=FB_1_3|sw=SW_1_3|lf=NO_RECENT_FAILURE,132,0,1.0,9.787878787878787,27.384388257530265,0.5106819357062164,0.7575757575757576,0.4772727272727273,0.8181818181818182,0.5454545454545454,0.44696969696969696,0.09848484848484845,0.11363636363636363,0.8712121212121212,-0.7575757575757576,BUY,0.09848484848484845,0.856060606060606,0.3916090909090909,memória inconclusiva; usar apenas como filtro contextual
memory_setup,state=SWEEP_OR_FALSE_BREAK|setup=RESISTANCE_FALSE_BREAK|side=BUY_ALIGNED|loc=RESISTANCE_ZONE|energy=LOW|align=FULL/UP|mem=ACTIVE_LEVEL_CONTACT|side=UP|attempt=FIRST_ATTEMPT|fb=FB_NOW|sw=SW_NOW|lf=ONE_RECENT_FAILURE,346,227,1.0,10.066473988439306,30.953122413060928,0.6684401336047168,0.7630057803468208,0.5,0.8121387283236994,0.5404624277456648,0.4508670520231214,0.08959537572254339,0.15895953757225434,0.838150289017341,-0.6791907514450867,BUY,0.08959537572254339,0.7687861271676301,0.38792369942196536,memória inconclusiva; usar apenas como filtro contextual
memory_setup,state=NORMAL_FLOW|setup=NO_EVENT|side=BUY_ALIGNED|loc=RESISTANCE_ZONE|energy=LOW|align=FULL/UP|mem=RECENT_FALSE_BREAK_MEMORY|side=NONE|attempt=FIRST_ATTEMPT|fb=FB_1_3|sw=SW_1_3|lf=NO_RECENT_FAILURE,163,0,1.0,9.49079754601227,31.378545837502607,0.7129378457391943,0.754601226993865,0.48466257668711654,0.8159509202453987,0.5214723926380368,0.44171779141104295,0.07975460122699385,0.10429447852760736,0.8895705521472392,-0.7852760736196319,BUY,0.07975460122699385,0.8650306748466258,0.3871588957055214,memória inconclusiva; usar apenas como filtro contextual
memory_setup,state=SWEEP_OR_FALSE_BREAK|setup=RESISTANCE_FALSE_BREAK|side=BUY_ALIGNED|loc=RESISTANCE_ZONE|energy=LOW|align=FULL/UP|mem=ACTIVE_LEVEL_CONTACT|side=DOWN|attempt=FIRST_ATTEMPT|fb=FB_NOW|sw=SW_NOW|lf=ONE_RECENT_FAILURE,273,244,1.0,10.435897435897436,31.172949445030305,0.7013721613405666,0.706959706959707,0.48717948717948717,0.7912087912087912,0.5457875457875457,0.43956043956043955,0.10622710622710618,0.1575091575091575,0.8388278388278388,-0.6813186813186813,BUY,0.10622710622710618,0.7875457875457875,0.3831608058608058,memória inconclusiva; usar apenas como filtro contextual
memory_setup,state=NORMAL_FLOW|setup=SUPPORT_BREAKOUT|side=SELL_ALIGNED|loc=SUPPORT_ZONE|energy=MEDIUM|align=FULL/DOWN|mem=SECOND_LEVEL_ATTEMPT|side=DOWN|attempt=SECOND_ATTEMPT|fb=FB_1_3|sw=SW_1_3|lf=ONE_RECENT_FAILURE,127,127,2.0,9.992125984251969,49.77160706182217,0.9684434118249365,0.7322834645669292,0.5669291338582677,0.889763779527559,0.13385826771653545,0.8661417322834646,-0.7322834645669292,0.5275590551181102,0.4645669291338583,0.06299212598425191,SELL,0.06299212598425191,0.795275590551181,0.3630937007874015,memória inconclusiva; usar apenas como filtro contextual
memory_setup,state=SWEEP_OR_FALSE_BREAK|setup=SUPPORT_FALSE_BREAK|side=SELL_ALIGNED|loc=SUPPORT_ZONE|energy=LOW|align=FULL/DOWN|mem=ACTIVE_LEVEL_CONTACT|side=DOWN|attempt=FIRST_ATTEMPT|fb=FB_NOW|sw=SW_NOW|lf=ONE_RECENT_FAILURE,309,196,1.0,10.29126213592233,31.26407743542389,0.6939786991822324,0.6699029126213593,0.5339805825242718,0.8220064724919094,0.13592233009708737,0.8640776699029126,-0.7281553398058251,0.5210355987055016,0.4627831715210356,0.05825242718446605,SELL,0.05825242718446605,0.7864077669902911,0.36277702265372175,memória inconclusiva; usar apenas como filtro contextual
memory_setup,state=SWEEP_OR_FALSE_BREAK|setup=RESISTANCE_FALSE_BREAK|side=BUY_ALIGNED|loc=RESISTANCE_ZONE|energy=MEDIUM|align=FULL/UP|mem=ACTIVE_LEVEL_CONTACT|side=DOWN|attempt=FIRST_ATTEMPT|fb=FB_NOW|sw=SW_NOW|lf=ONE_RECENT_FAILURE,357,292,1.0,10.380952380952381,50.00724073986602,0.9418967080080443,0.7366946778711485,0.5266106442577031,0.803921568627451,0.5154061624649859,0.4733893557422969,0.04201680672268904,0.13165266106442577,0.8543417366946778,-0.7226890756302521,BUY,0.04201680672268904,0.7647058823529411,0.3609100840336135,memória inconclusiva; usar apenas como filtro contextual
memory_setup,state=SWEEP_OR_FALSE_BREAK|setup=RESISTANCE_FALSE_BREAK|side=SELL_MTF_ONLY|loc=RESISTANCE_ZONE|energy=LOW|align=MIXED/DOWN|mem=ACTIVE_LEVEL_CONTACT|side=UP|attempt=FIRST_ATTEMPT|fb=FB_NOW|sw=SW_NOW|lf=ONE_RECENT_FAILURE,161,145,1.0,9.98136645962733,30.72776117205145,0.6845463851898657,0.16770186335403728,0.9503105590062112,0.2670807453416149,0.07453416149068323,0.9192546583850931,-0.8447204968944099,0.6894409937888198,0.2919254658385093,0.39751552795031053,SELL,0.39751552795031053,1.2422360248447204,0.3511931677018634,"SELL: há deslocamento, mas a memória indica devolução; não perseguir"
memory_setup,state=SWEEP_OR_FALSE_BREAK|setup=RESISTANCE_FALSE_BREAK|side=BUY_ALIGNED|loc=RESISTANCE_ZONE|energy=MEDIUM|align=FULL/UP|mem=ACTIVE_LEVEL_CONTACT|side=UP|attempt=FIRST_ATTEMPT|fb=FB_NOW|sw=SW_NOW|lf=ONE_RECENT_FAILURE,318,215,1.0,9.965408805031446,49.211750662248825,0.8817546642218764,0.6981132075471698,0.5408805031446541,0.8176100628930818,0.5031446540880503,0.46226415094339623,0.04088050314465408,0.14150943396226415,0.8427672955974843,-0.7012578616352202,BUY,0.04088050314465408,0.7421383647798743,0.34878113207547173,memória inconclusiva; usar apenas como filtro contextual
memory_setup,state=NORMAL_FLOW|setup=RESISTANCE_BREAKOUT|side=BUY_ALIGNED|loc=RESISTANCE_ZONE|energy=LOW|align=FULL/UP|mem=CLEAN_FIRST_ATTEMPT|side=UP|attempt=FIRST_ATTEMPT|fb=FB_4_6|sw=SW_4_6|lf=NO_RECENT_FAILURE,122,122,1.0,8.80327868852459,32.84929492565161,0.7388904890861214,0.6885245901639344,0.47540983606557374,0.7459016393442623,0.5327868852459017,0.45901639344262296,0.07377049180327871,0.13934426229508196,0.8524590163934426,-0.7131147540983607,BUY,0.07377049180327871,0.7868852459016393,0.34580655737704924,memória inconclusiva; usar apenas como filtro contextual
memory_setup,state=SWEEP_OR_FALSE_BREAK|setup=SUPPORT_FALSE_BREAK|side=SELL_ALIGNED|loc=SUPPORT_ZONE|energy=MEDIUM|align=FULL/DOWN|mem=ACTIVE_LEVEL_CONTACT|side=DOWN|attempt=FIRST_ATTEMPT|fb=FB_1_3|sw=SW_1_3|lf=ONE_RECENT_FAILURE,151,72,1.0,10.774834437086092,50.093539748411665,0.9265490264552887,0.7218543046357616,0.609271523178808,0.847682119205298,0.13245033112582782,0.8543046357615894,-0.7218543046357616,0.4966887417218543,0.45695364238410596,0.039735099337748325,SELL,0.039735099337748325,0.7615894039735099,0.33364304635761594,memória inconclusiva; usar apenas como filtro contextual
memory_setup,state=SWEEP_OR_FALSE_BREAK|setup=SUPPORT_FALSE_BREAK|side=BUY_MTF_ONLY|loc=SUPPORT_ZONE|energy=MEDIUM|align=MIXED/UP|mem=ACTIVE_LEVEL_CONTACT|side=DOWN|attempt=FIRST_ATTEMPT|fb=FB_NOW|sw=SW_NOW|lf=ONE_RECENT_FAILURE,222,211,1.0,10.198198198198199,49.403582987785,0.8924476021526367,0.22072072072072071,0.9459459459459459,0.35135135135135137,0.6396396396396397,0.3333333333333333,0.30630630630630634,0.09009009009009009,0.8918918918918919,-0.8018018018018018,BUY,0.30630630630630634,1.1081081081081081,0.31679459459459464,"BUY: há deslocamento, mas a memória indica devolução; não perseguir"
memory_setup,state=NORMAL_FLOW|setup=RESISTANCE_BREAKOUT|side=BUY_ALIGNED|loc=RESISTANCE_ZONE|energy=MEDIUM|align=FULL/UP|mem=SECOND_LEVEL_ATTEMPT|side=UP|attempt=SECOND_ATTEMPT|fb=FB_1_3|sw=SW_1_3|lf=NO_RECENT_FAILURE,175,175,2.0,9.24,49.448007783383645,0.9138597694754501,0.6628571428571428,0.5542857142857143,0.7885714285714286,0.5142857142857142,0.48,0.03428571428571425,0.1657142857142857,0.8171428571428572,-0.6514285714285715,BUY,0.03428571428571425,0.6857142857142857,0.3092142857142858,memória inconclusiva; usar apenas como filtro contextual
memory_setup,state=SWEEP_OR_FALSE_BREAK|setup=RESISTANCE_FALSE_BREAK|side=SELL_MTF_ONLY|loc=RESISTANCE_ZONE|energy=MEDIUM|align=MIXED/DOWN|mem=ACTIVE_LEVEL_CONTACT|side=UP|attempt=FIRST_ATTEMPT|fb=FB_NOW|sw=SW_NOW|lf=ONE_RECENT_FAILURE,187,178,1.0,10.518716577540108,49.42835714874401,0.9077680427242181,0.28342245989304815,0.93048128342246,0.3850267379679144,0.08021390374331551,0.9090909090909091,-0.8288770053475936,0.6203208556149733,0.3582887700534759,0.2620320855614974,SELL,0.2620320855614974,1.0909090909090908,0.3074700534759358,"SELL: há deslocamento, mas a memória indica devolução; não perseguir"
memory_setup,state=NORMAL_FLOW|setup=RESISTANCE_BREAKOUT|side=BUY_ALIGNED|loc=RESISTANCE_ZONE|energy=LOW|align=FULL/UP|mem=CLEAN_FIRST_ATTEMPT|side=UP|attempt=FIRST_ATTEMPT|fb=FB_1_3|sw=SW_1_3|lf=NO_RECENT_FAILURE,554,554,1.0,9.675090252707582,33.404189410938756,0.7452966012793458,0.6931407942238267,0.5631768953068592,0.7581227436823105,0.4566787003610108,0.5252707581227437,-0.06859205776173288,0.1588447653429603,0.8285198555956679,-0.6696750902527075,BUY,-0.06859205776173288,0.6010830324909746,0.3066787003610108,memória desfavorável; evitar usar como gatilho
memory_setup,state=NORMAL_FLOW|setup=RESISTANCE_BREAKOUT|side=BUY_ALIGNED|loc=RESISTANCE_ZONE|energy=MEDIUM|align=FULL/UP|mem=CLEAN_FIRST_ATTEMPT|side=UP|attempt=FIRST_ATTEMPT|fb=FB_1_3|sw=SW_1_3|lf=NO_RECENT_FAILURE,1433,1433,1.0,9.69155617585485,50.4059002825718,0.9390983769824547,0.6824842986741103,0.5715282623866015,0.7718073970690859,0.47732030704815076,0.5017445917655269,-0.02442428471737612,0.19539427773900908,0.7913468248429868,-0.5959525471039777,BUY,-0.02442428471737612,0.5715282623866016,0.3011863224005583,memória desfavorável; evitar usar como gatilho
memory_setup,state=SWEEP_OR_FALSE_BREAK|setup=RESISTANCE_FALSE_BREAK|side=SELL_ALIGNED|loc=RESISTANCE_ZONE|energy=LOW|align=MIXED/DOWN|mem=ACTIVE_LEVEL_CONTACT|side=UP|attempt=FIRST_ATTEMPT|fb=FB_NOW|sw=SW_NOW|lf=ONE_RECENT_FAILURE,426,246,1.0,10.215962441314554,30.481704560067023,0.676071050707956,0.6549295774647887,0.5586854460093896,0.7723004694835681,0.18309859154929578,0.8051643192488263,-0.6220657276995305,0.47183098591549294,0.4953051643192488,-0.023474178403755874,SELL,-0.023474178403755874,0.5985915492957746,0.29846854460093897,memória desfavorável; evitar usar como gatilho
memory_setup,state=ACCEPTED_BREAKOUT|setup=RESISTANCE_BREAKOUT|side=BUY_ALIGNED|loc=RESISTANCE_ZONE|energy=HIGH|align=FULL/UP|mem=CLEAN_FIRST_ATTEMPT|side=UP|attempt=FIRST_ATTEMPT|fb=FB_1_3|sw=SW_1_3|lf=NO_RECENT_FAILURE,695,695,1.0,9.624460431654676,71.72585240292608,1.3301872749475954,0.6661870503597123,0.6302158273381295,0.8302158273381295,0.4633093525179856,0.5136690647482014,-0.05035971223021579,0.19424460431654678,0.7841726618705036,-0.5899280575539568,BUY,-0.05035971223021579,0.539568345323741,0.2960431654676259,memória desfavorável; evitar usar como gatilho
memory_setup,state=NORMAL_FLOW|setup=NO_EVENT|side=BUY_ALIGNED|loc=RESISTANCE_ZONE|energy=MEDIUM|align=FULL/UP|mem=RECENT_FALSE_BREAK_MEMORY|side=NONE|attempt=FIRST_ATTEMPT|fb=FB_1_3|sw=SW_1_3|lf=NO_RECENT_FAILURE,152,0,1.0,9.453947368421053,48.980452960611345,0.8600944999701637,0.743421052631579,0.5723684210526315,0.8355263157894737,0.4934210526315789,0.5,-0.006578947368421073,0.17763157894736842,0.8026315789473685,-0.625,BUY,-0.006578947368421073,0.618421052631579,0.29447631578947375,memória desfavorável; evitar usar como gatilho
memory_setup,state=SWEEP_OR_FALSE_BREAK|setup=SUPPORT_FALSE_BREAK|side=BUY_MTF_ONLY|loc=SUPPORT_ZONE|energy=LOW|align=MIXED/UP|mem=ACTIVE_LEVEL_CONTACT|side=DOWN|attempt=FIRST_ATTEMPT|fb=FB_NOW|sw=SW_NOW|lf=ONE_RECENT_FAILURE,190,170,1.0,10.24736842105263,30.554908305547766,0.6508114766051892,0.23157894736842105,0.9473684210526315,0.29473684210526313,0.631578947368421,0.3526315789473684,0.2789473684210526,0.07894736842105263,0.9157894736842105,-0.8368421052631578,BUY,0.2789473684210526,1.1157894736842104,0.2937368421052632,"BUY: há deslocamento, mas a memória indica devolução; não perseguir"
memory_setup,state=COMPRESSION|setup=RESISTANCE_BREAKOUT|side=BUY_ALIGNED|loc=RESISTANCE_ZONE|energy=MEDIUM|align=FULL/UP|mem=CLEAN_FIRST_ATTEMPT|side=UP|attempt=FIRST_ATTEMPT|fb=FB_1_3|sw=SW_1_3|lf=NO_RECENT_FAILURE,146,146,1.0,9.86986301369863,50.1524797365019,0.9123481194309532,0.6986301369863014,0.6095890410958904,0.8356164383561644,0.4931506849315068,0.4863013698630137,0.0068493150684931225,0.18493150684931506,0.815068493150685,-0.6301369863013699,BUY,0.0068493150684931225,0.6369863013698631,0.29028493150684936,memória inconclusiva; usar apenas como filtro contextual
memory_setup,state=SWEEP_OR_FALSE_BREAK|setup=RESISTANCE_BREAKOUT|side=BUY_ALIGNED|loc=RESISTANCE_ZONE|energy=MEDIUM|align=FULL/UP|mem=ACTIVE_LEVEL_CONTACT|side=DOWN|attempt=FIRST_ATTEMPT|fb=FB_NOW|sw=SW_NOW|lf=ONE_RECENT_FAILURE,135,134,1.0,10.251851851851852,50.901655334040775,1.0849645313986012,0.7481481481481481,0.562962962962963,0.8074074074074075,0.4740740740740741,0.5037037037037037,-0.02962962962962956,0.17777777777777778,0.8074074074074075,-0.6296296296296297,BUY,-0.02962962962962956,0.6000000000000001,0.28535185185185197,memória desfavorável; evitar usar como gatilho
memory_setup,state=NORMAL_FLOW|setup=SUPPORT_BREAKOUT|side=SELL_ALIGNED|loc=SUPPORT_ZONE|energy=LOW|align=FULL/DOWN|mem=CLEAN_FIRST_ATTEMPT|side=DOWN|attempt=FIRST_ATTEMPT|fb=FB_1_3|sw=SW_1_3|lf=NO_RECENT_FAILURE,387,387,1.0,9.79328165374677,33.51084871891498,0.7648425875675164,0.6563307493540051,0.599483204134367,0.7803617571059431,0.17829457364341086,0.7984496124031008,-0.6201550387596899,0.4625322997416021,0.5142118863049095,-0.051679586563307456,SELL,-0.051679586563307456,0.5684754521963824,0.28417803617571064,memória desfavorável; evitar usar como gatilho
memory_setup,state=NORMAL_FLOW|setup=SUPPORT_BREAKOUT|side=SELL_ALIGNED|loc=SUPPORT_ZONE|energy=MEDIUM|align=FULL/DOWN|mem=CLEAN_FIRST_ATTEMPT|side=DOWN|attempt=FIRST_ATTEMPT|fb=FB_1_3|sw=SW_1_3|lf=NO_RECENT_FAILURE,1013,1013,1.0,9.866732477788746,50.50231655276045,0.9682127175828937,0.6544916090819348,0.6169792694965449,0.790720631786772,0.19052319842053306,0.7976307996051333,-0.6071076011846002,0.4461994076999013,0.5399802566633761,-0.09378084896347483,SELL,-0.09378084896347483,0.5133267522211253,0.28371174728529125,memória desfavorável; evitar usar como gatilho
memory_setup,state=NORMAL_FLOW|setup=NO_EVENT|side=SELL_ALIGNED|loc=SUPPORT_ZONE|energy=MEDIUM|align=FULL/DOWN|mem=RECENT_FALSE_BREAK_MEMORY|side=NONE|attempt=FIRST_ATTEMPT|fb=FB_1_3|sw=SW_1_3|lf=NO_RECENT_FAILURE,135,0,1.0,10.266666666666667,49.2426029051908,0.8744240209892746,0.6962962962962963,0.6,0.8888888888888888,0.17777777777777778,0.7925925925925926,-0.6148148148148148,0.45925925925925926,0.5111111111111111,-0.051851851851851816,SELL,-0.051851851851851816,0.562962962962963,0.28350000000000003,memória desfavorável; evitar usar como gatilho
memory_setup,state=NORMAL_FLOW|setup=SUPPORT_BREAKOUT|side=SELL_ALIGNED|loc=SUPPORT_ZONE|energy=MEDIUM|align=FULL/DOWN|mem=CLEAN_FIRST_ATTEMPT|side=DOWN|attempt=FIRST_ATTEMPT|fb=FB_4_6|sw=SW_4_6|lf=NO_RECENT_FAILURE,222,222,1.0,8.698198198198199,51.6482799539963,0.9566645837038188,0.6081081081081081,0.6171171171171171,0.7837837837837838,0.15315315315315314,0.8378378378378378,-0.6846846846846847,0.481981981981982,0.49099099099099097,-0.009009009009008973,SELL,-0.009009009009008973,0.6756756756756757,0.28233513513513514,memória desfavorável; evitar usar como gatilho
memory_setup,state=SWEEP_OR_FALSE_BREAK|setup=SUPPORT_FALSE_BREAK|side=SELL_ALIGNED|loc=SUPPORT_ZONE|energy=HIGH|align=FULL/DOWN|mem=ACTIVE_LEVEL_CONTACT|side=DOWN|attempt=FIRST_ATTEMPT|fb=FB_NOW|sw=SW_NOW|lf=ONE_RECENT_FAILURE,237,195,1.0,10.244725738396625,67.41218499191662,1.299601237458708,0.6877637130801688,0.620253164556962,0.8312236286919831,0.189873417721519,0.7890295358649789,-0.5991561181434599,0.47257383966244726,0.4936708860759494,-0.02109704641350213,SELL,-0.02109704641350213,0.5780590717299579,0.2812949367088608,memória desfavorável; evitar usar como gatilho
memory_setup,state=LOW_RANGE|setup=RESISTANCE_BREAKOUT|side=BUY_ALIGNED|loc=RESISTANCE_ZONE|energy=LOW|align=FULL/UP|mem=CLEAN_FIRST_ATTEMPT|side=UP|attempt=FIRST_ATTEMPT|fb=FB_1_3|sw=SW_1_3|lf=NO_RECENT_FAILURE,162,162,1.0,9.598765432098766,28.760257982885193,0.5219873754963121,0.6975308641975309,0.5123456790123457,0.7592592592592593,0.4506172839506173,0.5246913580246914,-0.07407407407407407,0.16049382716049382,0.8333333333333334,-0.6728395061728396,BUY,-0.07407407407407407,0.5987654320987655,0.2807061728395062,memória desfavorável; evitar usar como gatilho
memory_setup,state=NORMAL_FLOW|setup=SUPPORT_BREAKOUT|side=SELL_ALIGNED|loc=SUPPORT_ZONE|energy=HIGH|align=FULL/DOWN|mem=CLEAN_FIRST_ATTEMPT|side=DOWN|attempt=FIRST_ATTEMPT|fb=FB_1_3|sw=SW_1_3|lf=NO_RECENT_FAILURE,753,753,1.0,10.01859229747676,67.66412600297859,1.3165535196101552,0.6533864541832669,0.6374501992031872,0.7901726427622842,0.21115537848605578,0.7662682602921647,-0.5551128818061088,0.44621513944223107,0.5219123505976095,-0.07569721115537847,SELL,-0.07569721115537847,0.4794156706507304,0.2736387782204515,memória desfavorável; evitar usar como gatilho
memory_setup,state=NORMAL_FLOW|setup=RESISTANCE_BREAKOUT|side=BUY_ALIGNED|loc=RESISTANCE_ZONE|energy=MEDIUM|align=FULL/UP|mem=CLEAN_FIRST_ATTEMPT|side=UP|attempt=FIRST_ATTEMPT|fb=FB_4_6|sw=SW_4_6|lf=NO_RECENT_FAILURE,354,354,1.0,8.548022598870057,50.230224149906746,0.9387740076441884,0.6751412429378532,0.6129943502824858,0.768361581920904,0.4548022598870056,0.53954802259887,-0.0847457627118644,0.18361581920903955,0.8050847457627118,-0.6214689265536723,BUY,-0.0847457627118644,0.5367231638418078,0.27198192090395484,memória desfavorável; evitar usar como gatilho
memory_setup,state=SWEEP_OR_FALSE_BREAK|setup=RESISTANCE_BREAKOUT|side=BUY_ALIGNED|loc=RESISTANCE_ZONE|energy=HIGH|align=FULL/UP|mem=ACTIVE_LEVEL_CONTACT|side=DOWN|attempt=FIRST_ATTEMPT|fb=FB_NOW|sw=SW_NOW|lf=ONE_RECENT_FAILURE,199,198,1.0,10.35678391959799,70.31856350403204,1.5025198964510427,0.6683417085427136,0.6180904522613065,0.7638190954773869,0.4824120603015075,0.49246231155778897,-0.01005025125628145,0.18592964824120603,0.7989949748743719,-0.6130653266331658,BUY,-0.01005025125628145,0.6030150753768844,0.2673874371859296,memória desfavorável; evitar usar como gatilho
memory_setup,state=COMPRESSION|setup=RESISTANCE_BREAKOUT|side=BUY_ALIGNED|loc=RESISTANCE_ZONE|energy=HIGH|align=FULL/UP|mem=CLEAN_FIRST_ATTEMPT|side=UP|attempt=FIRST_ATTEMPT|fb=FB_1_3|sw=SW_1_3|lf=NO_RECENT_FAILURE,134,134,1.0,10.067164179104477,69.42958623503769,1.2408382675848253,0.6417910447761194,0.5895522388059702,0.8507462686567164,0.48507462686567165,0.48507462686567165,0.0,0.23134328358208955,0.746268656716418,-0.5149253731343284,BUY,0.0,0.5149253731343284,0.2622805970149254,memória inconclusiva; usar apenas como filtro contextual
memory_setup,state=EXPANSION|setup=RESISTANCE_BREAKOUT|side=BUY_ALIGNED|loc=RESISTANCE_ZONE|energy=EXTREME|align=FULL/UP|mem=CLEAN_FIRST_ATTEMPT|side=UP|attempt=FIRST_ATTEMPT|fb=FB_1_3|sw=SW_1_3|lf=NO_RECENT_FAILURE,523,523,1.0,9.493307839388144,89.10386531455894,1.8283497766017018,0.6443594646271511,0.6653919694072657,0.8011472275334608,0.4225621414913958,0.5564053537284895,-0.13384321223709372,0.21414913957934992,0.7495219885277247,-0.5353728489483748,BUY,-0.13384321223709372,0.40152963671128106,0.25516252390057365,memória desfavorável; evitar usar como gatilho
memory_setup,state=SWEEP_OR_FALSE_BREAK|setup=RESISTANCE_FALSE_BREAK|side=SELL_ALIGNED|loc=RESISTANCE_ZONE|energy=MEDIUM|align=MIXED/DOWN|mem=ACTIVE_LEVEL_CONTACT|side=UP|attempt=FIRST_ATTEMPT|fb=FB_NOW|sw=SW_NOW|lf=ONE_RECENT_FAILURE,388,243,1.0,10.3840206185567,48.87342644232544,0.872754989705216,0.6134020618556701,0.6365979381443299,0.8067010309278351,0.2422680412371134,0.75,-0.5077319587628866,0.4587628865979381,0.5231958762886598,-0.0644329896907217,SELL,-0.0644329896907217,0.4432989690721649,0.25465051546391754,memória desfavorável; evitar usar como gatilho
memory_setup,state=EXPANSION|setup=RESISTANCE_BREAKOUT|side=BUY_ALIGNED|loc=RESISTANCE_ZONE|energy=HIGH|align=FULL/UP|mem=CLEAN_FIRST_ATTEMPT|side=UP|attempt=FIRST_ATTEMPT|fb=FB_1_3|sw=SW_1_3|lf=NO_RECENT_FAILURE,407,407,1.0,9.466830466830467,72.3220614626929,1.2328134612379387,0.6584766584766585,0.628992628992629,0.7469287469287469,0.40786240786240785,0.5552825552825553,-0.14742014742014747,0.19164619164619165,0.800982800982801,-0.6093366093366093,BUY,-0.14742014742014747,0.4619164619164618,0.2539678132678132,memória desfavorável; evitar usar como gatilho
memory_setup,state=SWEEP_OR_FALSE_BREAK|setup=RESISTANCE_FALSE_BREAK|side=SELL_MTF_ONLY|loc=RESISTANCE_ZONE|energy=LOW|align=MIXED/DOWN|mem=ACTIVE_LEVEL_CONTACT|side=DOWN|attempt=FIRST_ATTEMPT|fb=FB_NOW|sw=SW_NOW|lf=ONE_RECENT_FAILURE,146,78,1.0,10.184931506849315,31.704131821919635,0.7272369994701242,0.2808219178082192,0.8767123287671232,0.363013698630137,0.1643835616438356,0.8287671232876712,-0.6643835616438356,0.6027397260273972,0.3767123287671233,0.22602739726027393,SELL,0.22602739726027393,0.8904109589041096,0.2522712328767123,"SELL: há deslocamento, mas a memória indica devolução; não perseguir"
memory_setup,state=SWEEP_OR_FALSE_BREAK|setup=RESISTANCE_FALSE_BREAK|side=BUY_ALIGNED|loc=RESISTANCE_ZONE|energy=LOW|align=FULL/UP|mem=ACTIVE_LEVEL_CONTACT|side=UP|attempt=FIRST_ATTEMPT|fb=FB_1_3|sw=SW_1_3|lf=ONE_RECENT_FAILURE,182,81,1.0,10.543956043956044,30.908394085181538,0.6784821508384018,0.6868131868131868,0.5384615384615384,0.7252747252747253,0.46703296703296704,0.5164835164835165,-0.0494505494505495,0.21428571428571427,0.7692307692307693,-0.554945054945055,BUY,-0.0494505494505495,0.5054945054945055,0.25226593406593406,memória desfavorável; evitar usar como gatilho
memory_setup,state=ACCEPTED_BREAKOUT|setup=RESISTANCE_BREAKOUT|side=BUY_ALIGNED|loc=RESISTANCE_ZONE|energy=HIGH|align=FULL/UP|mem=CLEAN_FIRST_ATTEMPT|side=UP|attempt=FIRST_ATTEMPT|fb=FB_4_6|sw=SW_4_6|lf=NO_RECENT_FAILURE,227,227,1.0,8.814977973568283,71.55301593786263,1.2846291676181631,0.6299559471365639,0.6696035242290749,0.8502202643171806,0.45374449339207046,0.5198237885462555,-0.06607929515418509,0.21145374449339208,0.7577092511013216,-0.5462555066079295,BUY,-0.06607929515418509,0.48017621145374445,0.25133436123348024,memória desfavorável; evitar usar como gatilho
memory_setup,state=NORMAL_FLOW|setup=RESISTANCE_BREAKOUT|side=BUY_ALIGNED|loc=RESISTANCE_ZONE|energy=HIGH|align=FULL/UP|mem=CLEAN_FIRST_ATTEMPT|side=UP|attempt=FIRST_ATTEMPT|fb=FB_1_3|sw=SW_1_3|lf=NO_RECENT_FAILURE,884,884,1.0,9.762443438914028,67.60975162920863,1.289305065222945,0.6199095022624435,0.6199095022624435,0.746606334841629,0.4298642533936652,0.5531674208144797,-0.12330316742081449,0.2330316742081448,0.745475113122172,-0.5124434389140271,BUY,-0.12330316742081449,0.3891402714932126,0.2461538461538461,memória desfavorável; evitar usar como gatilho
memory_setup,state=ACCEPTED_BREAKOUT|setup=RESISTANCE_BREAKOUT|side=BUY_ALIGNED|loc=RESISTANCE_ZONE|energy=EXTREME|align=FULL/UP|mem=CLEAN_FIRST_ATTEMPT|side=UP|attempt=FIRST_ATTEMPT|fb=FB_1_3|sw=SW_1_3|lf=NO_RECENT_FAILURE,390,390,1.0,9.687179487179487,84.76385921215305,1.9461425831326995,0.6307692307692307,0.6846153846153846,0.8307692307692308,0.44358974358974357,0.5076923076923077,-0.0641025641025641,0.2564102564102564,0.717948717948718,-0.46153846153846156,BUY,-0.0641025641025641,0.39743589743589747,0.2450256410256411,memória desfavorável; evitar usar como gatilho
memory_setup,state=ACCEPTED_BREAKOUT|setup=SUPPORT_BREAKOUT|side=SELL_ALIGNED|loc=SUPPORT_ZONE|energy=HIGH|align=FULL/DOWN|mem=CLEAN_FIRST_ATTEMPT|side=DOWN|attempt=FIRST_ATTEMPT|fb=FB_1_3|sw=SW_1_3|lf=NO_RECENT_FAILURE,667,667,1.0,10.06296851574213,72.2707853170263,1.416039419851471,0.6551724137931034,0.7256371814092953,0.8320839580209896,0.23238380809595202,0.7391304347826086,-0.5067466266866566,0.3988005997001499,0.5577211394302849,-0.15892053973013498,SELL,-0.15892053973013498,0.3478260869565216,0.2426536731634183,memória desfavorável; evitar usar como gatilho
memory_setup,state=EXPANSION|setup=SUPPORT_FALSE_BREAK|side=SELL_ALIGNED|loc=SUPPORT_ZONE|energy=HIGH|align=FULL/DOWN|mem=ACTIVE_LEVEL_CONTACT|side=DOWN|attempt=FIRST_ATTEMPT|fb=FB_NOW|sw=SW_NOW|lf=ONE_RECENT_FAILURE,139,108,1.0,9.992805755395683,71.49466233362897,1.3278236606901237,0.6258992805755396,0.7122302158273381,0.8345323741007195,0.19424460431654678,0.7841726618705036,-0.5899280575539568,0.4316546762589928,0.49640287769784175,-0.06474820143884896,SELL,-0.06474820143884896,0.5251798561151079,0.24159784172661872,memória desfavorável; evitar usar como gatilho
memory_setup,state=SWEEP_OR_FALSE_BREAK|setup=SUPPORT_FALSE_BREAK|side=BUY_ALIGNED|loc=SUPPORT_ZONE|energy=MEDIUM|align=MIXED/UP|mem=ACTIVE_LEVEL_CONTACT|side=DOWN|attempt=FIRST_ATTEMPT|fb=FB_NOW|sw=SW_NOW|lf=ONE_RECENT_FAILURE,234,170,1.0,10.081196581196581,49.169240191500506,0.923314165893053,0.6965811965811965,0.6111111111111112,0.7735042735042735,0.42735042735042733,0.5555555555555556,-0.12820512820512825,0.21367521367521367,0.7649572649572649,-0.5512820512820512,BUY,-0.12820512820512825,0.42307692307692296,0.24070769230769232,memória desfavorável; evitar usar como gatilho
memory_setup,state=SWEEP_OR_FALSE_BREAK|setup=SUPPORT_FALSE_BREAK|side=SELL_ALIGNED|loc=SUPPORT_ZONE|energy=LOW|align=MIXED/DOWN|mem=ACTIVE_LEVEL_CONTACT|side=DOWN|attempt=FIRST_ATTEMPT|fb=FB_NOW|sw=SW_NOW|lf=ONE_RECENT_FAILURE,423,319,1.0,10.349881796690307,31.101675125940236,0.7054441117141328,0.6146572104018913,0.6193853427895981,0.735224586288416,0.22695035460992907,0.7659574468085106,-0.5390070921985816,0.425531914893617,0.5508274231678487,-0.1252955082742317,SELL,-0.1252955082742317,0.41371158392434987,0.24064515366430259,memória desfavorável; evitar usar como gatilho
memory_setup,state=EXPANSION|setup=SUPPORT_BREAKOUT|side=SELL_ALIGNED|loc=SUPPORT_ZONE|energy=HIGH|align=FULL/DOWN|mem=CLEAN_FIRST_ATTEMPT|side=DOWN|attempt=FIRST_ATTEMPT|fb=FB_1_3|sw=SW_1_3|lf=NO_RECENT_FAILURE,359,359,1.0,9.635097493036211,72.44052224155098,1.2602139410342876,0.6211699164345403,0.6350974930362117,0.766016713091922,0.23119777158774374,0.7437325905292479,-0.5125348189415042,0.43175487465181056,0.5431754874651811,-0.11142061281337051,SELL,-0.11142061281337051,0.4011142061281337,0.23617855153203343,memória desfavorável; evitar usar como gatilho
memory_setup,state=SWEEP_OR_FALSE_BREAK|setup=SUPPORT_BREAKOUT|side=SELL_ALIGNED|loc=SUPPORT_ZONE|energy=HIGH|align=FULL/DOWN|mem=ACTIVE_LEVEL_CONTACT|side=DOWN|attempt=FIRST_ATTEMPT|fb=FB_NOW|sw=SW_NOW|lf=ONE_RECENT_FAILURE,155,153,1.0,10.55483870967742,70.666147183691,1.5590319092887586,0.632258064516129,0.6774193548387096,0.8129032258064516,0.16129032258064516,0.7806451612903226,-0.6193548387096774,0.4,0.5419354838709678,-0.14193548387096777,SELL,-0.14193548387096777,0.4774193548387097,0.2351774193548387,memória desfavorável; evitar usar como gatilho
memory_setup,state=SWEEP_OR_FALSE_BREAK|setup=SUPPORT_FALSE_BREAK|side=BUY_ALIGNED|loc=SUPPORT_ZONE|energy=LOW|align=MIXED/UP|mem=ACTIVE_LEVEL_CONTACT|side=DOWN|attempt=FIRST_ATTEMPT|fb=FB_NOW|sw=SW_NOW|lf=ONE_RECENT_FAILURE,284,182,1.0,10.038732394366198,30.5345560292661,0.6958290134473243,0.676056338028169,0.5950704225352113,0.7535211267605634,0.43309859154929575,0.5633802816901409,-0.13028169014084512,0.23943661971830985,0.75,-0.5105633802816901,BUY,-0.13028169014084512,0.380281690140845,0.23350563380281697,memória desfavorável; evitar usar como gatilho
memory_setup,state=SWEEP_OR_FALSE_BREAK|setup=RESISTANCE_FALSE_BREAK|side=SELL_MTF_ONLY|loc=RESISTANCE_ZONE|energy=MEDIUM|align=MIXED/DOWN|mem=ACTIVE_LEVEL_CONTACT|side=DOWN|attempt=FIRST_ATTEMPT|fb=FB_NOW|sw=SW_NOW|lf=ONE_RECENT_FAILURE,226,142,1.0,10.256637168141593,50.02034251220292,0.9645699435562838,0.252212389380531,0.915929203539823,0.30973451327433627,0.10176991150442478,0.8893805309734514,-0.7876106194690266,0.5663716814159292,0.40707964601769914,0.15929203539823006,SELL,0.15929203539823006,0.9469026548672566,0.22547610619469027,"SELL: há deslocamento, mas a memória indica devolução; não perseguir"
memory_setup,state=EXPANSION|setup=RESISTANCE_BREAKOUT|side=BUY_ALIGNED|loc=RESISTANCE_ZONE|energy=EXTREME|align=FULL/UP|mem=CLEAN_FIRST_ATTEMPT|side=UP|attempt=FIRST_ATTEMPT|fb=FB_4_6|sw=SW_4_6|lf=NO_RECENT_FAILURE,166,166,1.0,8.19277108433735,89.21028967186237,1.7480136247201956,0.5903614457831325,0.7409638554216867,0.7951807228915663,0.40963855421686746,0.5542168674698795,-0.14457831325301207,0.18072289156626506,0.7771084337349398,-0.5963855421686747,BUY,-0.14457831325301207,0.4518072289156626,0.21388915662650604,memória desfavorável; evitar usar como gatilho
memory_setup,state=EXPANSION|setup=SUPPORT_BREAKOUT|side=SELL_ALIGNED|loc=SUPPORT_ZONE|energy=EXTREME|align=FULL/DOWN|mem=CLEAN_FIRST_ATTEMPT|side=DOWN|attempt=FIRST_ATTEMPT|fb=FB_1_3|sw=SW_1_3|lf=NO_RECENT_FAILURE,612,612,1.0,9.493464052287582,89.81117819472792,1.9474820088510612,0.5915032679738562,0.7663398692810458,0.7973856209150327,0.22549019607843138,0.7140522875816994,-0.488562091503268,0.3627450980392157,0.553921568627451,-0.19117647058823534,SELL,-0.19117647058823534,0.2973856209150327,0.21315359477124185,memória desfavorável; evitar usar como gatilho
memory_setup,state=NORMAL_FLOW|setup=RESISTANCE_BREAKOUT|side=BUY_ALIGNED|loc=RESISTANCE_ZONE|energy=HIGH|align=FULL/UP|mem=CLEAN_FIRST_ATTEMPT|side=UP|attempt=FIRST_ATTEMPT|fb=FB_4_6|sw=SW_4_6|lf=NO_RECENT_FAILURE,232,232,1.0,8.629310344827585,68.18238305572174,1.2872280423429394,0.6293103448275862,0.6422413793103449,0.7198275862068966,0.4051724137931034,0.5775862068965517,-0.1724137931034483,0.21982758620689655,0.771551724137931,-0.5517241379310345,BUY,-0.1724137931034483,0.3793103448275862,0.20962241379310345,memória desfavorável; evitar usar como gatilho
memory_setup,state=NORMAL_FLOW|setup=RESISTANCE_BREAKOUT|side=MIXED|loc=RESISTANCE_ZONE|energy=MEDIUM|align=NONE/MIXED|mem=CLEAN_FIRST_ATTEMPT|side=UP|attempt=FIRST_ATTEMPT|fb=FB_1_3|sw=SW_1_3|lf=NO_RECENT_FAILURE,652,652,1.0,9.674846625766872,50.008471534758,0.9249174129377694,0.26533742331288346,0.8865030674846626,0.3450920245398773,0.1441717791411043,0.848159509202454,-0.7039877300613497,0.5368098159509203,0.4447852760736196,0.09202453987730064,SELL,0.09202453987730064,0.7960122699386504,0.2085889570552148,memória inconclusiva; usar apenas como filtro contextual
memory_setup,state=ACCEPTED_BREAKOUT|setup=SUPPORT_BREAKOUT|side=SELL_ALIGNED|loc=SUPPORT_ZONE|energy=EXTREME|align=FULL/DOWN|mem=CLEAN_FIRST_ATTEMPT|side=DOWN|attempt=FIRST_ATTEMPT|fb=FB_1_3|sw=SW_1_3|lf=NO_RECENT_FAILURE,417,417,1.0,9.899280575539569,85.03381908564458,2.027745919263188,0.5947242206235012,0.7386091127098321,0.815347721822542,0.2733812949640288,0.6786570743405276,-0.4052757793764988,0.3932853717026379,0.5299760191846523,-0.13669064748201443,SELL,-0.13669064748201443,0.26858513189448435,0.20716762589928056,memória desfavorável; evitar usar como gatilho
memory_setup,state=ACCEPTED_BREAKOUT|setup=SUPPORT_BREAKOUT|side=SELL_ALIGNED|loc=SUPPORT_ZONE|energy=HIGH|align=FULL/DOWN|mem=CLEAN_FIRST_ATTEMPT|side=DOWN|attempt=FIRST_ATTEMPT|fb=FB_4_6|sw=SW_4_6|lf=NO_RECENT_FAILURE,172,172,1.0,9.343023255813954,71.74695360327478,1.371628445526563,0.5697674418604651,0.7441860465116279,0.8255813953488372,0.22674418604651161,0.7267441860465116,-0.5,0.4186046511627907,0.5348837209302325,-0.11627906976744179,SELL,-0.11627906976744179,0.3837209302325582,0.2044093023255814,memória desfavorável; evitar usar como gatilho
memory_setup,state=SWEEP_OR_FALSE_BREAK|setup=SUPPORT_FALSE_BREAK|side=SELL_MTF_ONLY|loc=SUPPORT_ZONE|energy=LOW|align=MIXED/DOWN|mem=ACTIVE_LEVEL_CONTACT|side=DOWN|attempt=FIRST_ATTEMPT|fb=FB_NOW|sw=SW_NOW|lf=ONE_RECENT_FAILURE,255,115,1.0,10.501960784313725,30.87955403517476,0.6990692069832857,0.26666666666666666,0.8705882352941177,0.3607843137254902,0.1411764705882353,0.8470588235294118,-0.7058823529411764,0.5450980392156862,0.43529411764705883,0.1098039215686274,SELL,0.1098039215686274,0.8156862745098038,0.2007941176470588,"SELL: há deslocamento, mas a memória indica devolução; não perseguir"
memory_setup,state=NORMAL_FLOW|setup=RESISTANCE_BREAKOUT|side=MIXED|loc=RESISTANCE_ZONE|energy=HIGH|align=NONE/MIXED|mem=CLEAN_FIRST_ATTEMPT|side=UP|attempt=FIRST_ATTEMPT|fb=FB_1_3|sw=SW_1_3|lf=NO_RECENT_FAILURE,310,310,1.0,9.783870967741935,66.44722047185701,1.188376380780518,0.2709677419354839,0.9064516129032258,0.34516129032258064,0.15161290322580645,0.8387096774193549,-0.6870967741935484,0.5483870967741935,0.432258064516129,0.11612903225806448,SELL,0.11612903225806448,0.8032258064516129,0.19825806451612904,"SELL: há deslocamento, mas a memória indica devolução; não perseguir"
memory_setup,state=NORMAL_FLOW|setup=SUPPORT_BREAKOUT|side=SELL_ALIGNED|loc=SUPPORT_ZONE|energy=HIGH|align=FULL/DOWN|mem=CLEAN_FIRST_ATTEMPT|side=DOWN|attempt=FIRST_ATTEMPT|fb=FB_4_6|sw=SW_4_6|lf=NO_RECENT_FAILURE,124,124,1.0,8.620967741935484,68.17886295829912,1.3047978607276627,0.6209677419354839,0.6532258064516129,0.7338709677419355,0.22580645161290322,0.75,-0.5241935483870968,0.41935483870967744,0.5725806451612904,-0.15322580645161293,SELL,-0.15322580645161293,0.3709677419354838,0.19748064516129035,memória desfavorável; evitar usar como gatilho
memory_setup,state=SWEEP_OR_FALSE_BREAK|setup=SUPPORT_FALSE_BREAK|side=SELL_MTF_ONLY|loc=SUPPORT_ZONE|energy=HIGH|align=MIXED/DOWN|mem=ACTIVE_LEVEL_CONTACT|side=DOWN|attempt=FIRST_ATTEMPT|fb=FB_NOW|sw=SW_NOW|lf=ONE_RECENT_FAILURE,166,112,1.0,10.180722891566266,66.89023382735868,1.2924447521427376,0.3192771084337349,0.8734939759036144,0.46987951807228917,0.18674698795180722,0.8012048192771084,-0.6144578313253012,0.5060240963855421,0.42168674698795183,0.0843373493975903,SELL,0.0843373493975903,0.6987951807228915,0.1849734939759036,memória inconclusiva; usar apenas como filtro contextual
memory_setup,state=SWEEP_OR_FALSE_BREAK|setup=RESISTANCE_FALSE_BREAK|side=BUY_MTF_ONLY|loc=RESISTANCE_ZONE|energy=LOW|align=MIXED/UP|mem=ACTIVE_LEVEL_CONTACT|side=UP|attempt=FIRST_ATTEMPT|fb=FB_NOW|sw=SW_NOW|lf=ONE_RECENT_FAILURE,416,191,1.0,9.95673076923077,30.539090368859995,0.6646348604393643,0.29086538461538464,0.8341346153846154,0.3701923076923077,0.5168269230769231,0.46153846153846156,0.055288461538461564,0.16826923076923078,0.8269230769230769,-0.658653846153846,BUY,0.055288461538461564,0.7139423076923076,0.18450865384615384,memória inconclusiva; usar apenas como filtro contextual
memory_setup,state=NORMAL_FLOW|setup=NO_EVENT|side=SELL_ALIGNED|loc=SUPPORT_ZONE|energy=MEDIUM|align=MIXED/DOWN|mem=RECENT_FALSE_BREAK_MEMORY|side=NONE|attempt=FIRST_ATTEMPT|fb=FB_1_3|sw=SW_1_3|lf=NO_RECENT_FAILURE,153,0,1.0,9.797385620915033,47.61248388064716,0.8464414173554867,0.5620915032679739,0.6862745098039216,0.7450980392156863,0.22875816993464052,0.7581699346405228,-0.5294117647058824,0.39215686274509803,0.5882352941176471,-0.19607843137254904,SELL,-0.19607843137254904,0.3333333333333333,0.18425424836601312,memória desfavorável; evitar usar como gatilho
memory_setup,state=NORMAL_FLOW|setup=NO_EVENT|side=BUY_ALIGNED|loc=RESISTANCE_ZONE|energy=MEDIUM|align=MIXED/UP|mem=RECENT_FALSE_BREAK_MEMORY|side=NONE|attempt=FIRST_ATTEMPT|fb=FB_1_3|sw=SW_1_3|lf=NO_RECENT_FAILURE,168,0,1.0,9.898809523809524,48.52602575618015,0.8392004419550398,0.5952380952380952,0.6726190476190477,0.7738095238095238,0.4107142857142857,0.5654761904761905,-0.15476190476190477,0.27976190476190477,0.6964285714285714,-0.41666666666666663,BUY,-0.15476190476190477,0.26190476190476186,0.18257380952380953,memória desfavorável; evitar usar como gatilho
memory_setup,state=NORMAL_FLOW|setup=SUPPORT_BREAKOUT|side=MIXED|loc=SUPPORT_ZONE|energy=HIGH|align=NONE/MIXED|mem=CLEAN_FIRST_ATTEMPT|side=DOWN|attempt=FIRST_ATTEMPT|fb=FB_1_3|sw=SW_1_3|lf=NO_RECENT_FAILURE,300,300,1.0,9.623333333333333,66.40868210332337,1.2058437186872573,0.21666666666666667,0.9266666666666666,0.37,0.5233333333333333,0.44666666666666666,0.07666666666666666,0.12333333333333334,0.86,-0.7366666666666667,BUY,0.07666666666666666,0.8133333333333334,0.18000000000000005,memória inconclusiva; usar apenas como filtro contextual
memory_setup,state=SWEEP_OR_FALSE_BREAK|setup=RESISTANCE_FALSE_BREAK|side=BUY_MTF_ONLY|loc=RESISTANCE_ZONE|energy=MEDIUM|align=MIXED/UP|mem=ACTIVE_LEVEL_CONTACT|side=UP|attempt=FIRST_ATTEMPT|fb=FB_NOW|sw=SW_NOW|lf=ONE_RECENT_FAILURE,449,259,1.0,10.138084632516703,49.20244689665265,0.8824506097370625,0.30734966592427615,0.8708240534521158,0.3986636971046771,0.5100222717149221,0.46993318485523383,0.04008908685968826,0.16703786191536749,0.821826280623608,-0.6547884187082404,BUY,0.04008908685968826,0.6948775055679287,0.17975523385300674,memória inconclusiva; usar apenas como filtro contextual
memory_setup,state=NORMAL_FLOW|setup=RESISTANCE_BREAKOUT|side=MIXED|loc=RESISTANCE_ZONE|energy=LOW|align=NONE/MIXED|mem=CLEAN_FIRST_ATTEMPT|side=UP|attempt=FIRST_ATTEMPT|fb=FB_1_3|sw=SW_1_3|lf=NO_RECENT_FAILURE,337,337,1.0,9.765578635014837,32.862873848240426,0.7441052432551296,0.3056379821958457,0.8605341246290801,0.3827893175074184,0.1513353115727003,0.8367952522255193,-0.685459940652819,0.5192878338278932,0.4688427299703264,0.05044510385756684,SELL,0.05044510385756684,0.7359050445103859,0.17910059347181015,memória inconclusiva; usar apenas como filtro contextual
memory_setup,state=SWEEP_OR_FALSE_BREAK|setup=SUPPORT_FALSE_BREAK|side=SELL_ALIGNED|loc=SUPPORT_ZONE|energy=MEDIUM|align=MIXED/DOWN|mem=ACTIVE_LEVEL_CONTACT|side=DOWN|attempt=FIRST_ATTEMPT|fb=FB_NOW|sw=SW_NOW|lf=ONE_RECENT_FAILURE,425,334,1.0,10.35764705882353,49.71678148916503,0.91954669995095,0.5152941176470588,0.7011764705882353,0.7223529411764706,0.2823529411764706,0.6964705882352941,-0.4141176470588235,0.38823529411764707,0.5882352941176471,-0.2,SELL,-0.2,0.21411764705882347,0.17614705882352943,memória desfavorável; evitar usar como gatilho
memory_setup,state=NORMAL_FLOW|setup=SUPPORT_BREAKOUT|side=SELL_ALIGNED|loc=SUPPORT_ZONE|energy=LOW|align=MIXED/DOWN|mem=CLEAN_FIRST_ATTEMPT|side=DOWN|attempt=FIRST_ATTEMPT|fb=FB_1_3|sw=SW_1_3|lf=NO_RECENT_FAILURE,394,394,1.0,9.847715736040609,34.15309129083664,0.7625721513251672,0.5609137055837563,0.6776649746192893,0.6776649746192893,0.2512690355329949,0.7309644670050761,-0.4796954314720812,0.3604060913705584,0.6269035532994924,-0.26649746192893403,SELL,-0.26649746192893403,0.21319796954314718,0.17201421319796956,memória desfavorável; evitar usar como gatilho
memory_setup,state=EXPANSION|setup=SUPPORT_BREAKOUT|side=SELL_ALIGNED|loc=SUPPORT_ZONE|energy=EXTREME|align=FULL/DOWN|mem=CLEAN_FIRST_ATTEMPT|side=DOWN|attempt=FIRST_ATTEMPT|fb=FB_4_6|sw=SW_4_6|lf=NO_RECENT_FAILURE,192,192,1.0,8.578125,89.93529567067901,1.9384589338625358,0.53125,0.7708333333333334,0.765625,0.2552083333333333,0.7083333333333334,-0.45312500000000006,0.3854166666666667,0.53125,-0.14583333333333331,SELL,-0.14583333333333331,0.30729166666666674,0.17128333333333332,memória desfavorável; evitar usar como gatilho
memory_setup,state=SWEEP_OR_FALSE_BREAK|setup=RESISTANCE_FALSE_BREAK|side=BUY_MTF_ONLY|loc=RESISTANCE_ZONE|energy=HIGH|align=MIXED/UP|mem=ACTIVE_LEVEL_CONTACT|side=UP|attempt=FIRST_ATTEMPT|fb=FB_NOW|sw=SW_NOW|lf=ONE_RECENT_FAILURE,144,88,1.0,10.166666666666666,67.39652106500893,1.1764930733197951,0.2986111111111111,0.9375,0.4375,0.5138888888888888,0.4513888888888889,0.062499999999999944,0.13194444444444445,0.8402777777777778,-0.7083333333333334,BUY,0.062499999999999944,0.7708333333333333,0.17030277777777778,memória inconclusiva; usar apenas como filtro contextual
memory_setup,state=SWEEP_OR_FALSE_BREAK|setup=RESISTANCE_FALSE_BREAK|side=SELL_ALIGNED|loc=RESISTANCE_ZONE|energy=VERY_LOW|align=MIXED/DOWN|mem=ACTIVE_LEVEL_CONTACT|side=UP|attempt=FIRST_ATTEMPT|fb=FB_NOW|sw=SW_NOW|lf=ONE_RECENT_FAILURE,120,77,1.0,10.333333333333334,14.96272486605354,0.5182195265782429,0.5833333333333334,0.6583333333333333,0.6583333333333333,0.2,0.7833333333333333,-0.5833333333333333,0.36666666666666664,0.6166666666666667,-0.25000000000000006,SELL,-0.25000000000000006,0.3333333333333332,0.16991666666666666,memória desfavorável; evitar usar como gatilho
memory_setup,state=SWEEP_OR_FALSE_BREAK|setup=RESISTANCE_FALSE_BREAK|side=MIXED|loc=RESISTANCE_ZONE|energy=MEDIUM|align=NONE/MIXED|mem=ACTIVE_LEVEL_CONTACT|side=UP|attempt=FIRST_ATTEMPT|fb=FB_1_3|sw=SW_1_3|lf=ONE_RECENT_FAILURE,140,61,1.0,10.614285714285714,49.70749797866781,0.9056751868362324,0.35,0.8714285714285714,0.4928571428571429,0.17857142857142858,0.8142857142857143,-0.6357142857142857,0.5071428571428571,0.4714285714285714,0.0357142857142857,SELL,0.0357142857142857,0.6714285714285714,0.16542857142857145,memória inconclusiva; usar apenas como filtro contextual
memory_setup,state=EXPANSION|setup=RESISTANCE_BREAKOUT|side=MIXED|loc=RESISTANCE_ZONE|energy=HIGH|align=NONE/MIXED|mem=CLEAN_FIRST_ATTEMPT|side=UP|attempt=FIRST_ATTEMPT|fb=FB_1_3|sw=SW_1_3|lf=NO_RECENT_FAILURE,154,154,1.0,9.292207792207792,71.21514101202744,1.183456654854526,0.3181818181818182,0.8831168831168831,0.4025974025974026,0.17532467532467533,0.8246753246753247,-0.6493506493506493,0.5324675324675324,0.4675324675324675,0.0649350649350649,SELL,0.0649350649350649,0.7142857142857142,0.16410129870129866,memória inconclusiva; usar apenas como filtro contextual
memory_setup,state=SWEEP_OR_FALSE_BREAK|setup=SUPPORT_FALSE_BREAK|side=SELL_ALIGNED|loc=SUPPORT_ZONE|energy=MEDIUM|align=MIXED/DOWN|mem=ACTIVE_LEVEL_CONTACT|side=UP|attempt=FIRST_ATTEMPT|fb=FB_NOW|sw=SW_NOW|lf=ONE_RECENT_FAILURE,142,99,1.0,10.619718309859154,49.8798432541438,0.9408938972339846,0.528169014084507,0.6830985915492958,0.704225352112676,0.2535211267605634,0.704225352112676,-0.45070422535211263,0.4014084507042254,0.5704225352112676,-0.16901408450704225,SELL,-0.16901408450704225,0.2816901408450704,0.16173521126760565,memória desfavorável; evitar usar como gatilho
memory_setup,state=SWEEP_OR_FALSE_BREAK|setup=SUPPORT_FALSE_BREAK|side=SELL_MTF_ONLY|loc=SUPPORT_ZONE|energy=MEDIUM|align=MIXED/DOWN|mem=ACTIVE_LEVEL_CONTACT|side=DOWN|attempt=FIRST_ATTEMPT|fb=FB_NOW|sw=SW_NOW|lf=ONE_RECENT_FAILURE,348,181,1.0,10.350574712643677,50.199153136315715,0.9336293473688769,0.3333333333333333,0.8505747126436781,0.46551724137931033,0.19540229885057472,0.7787356321839081,-0.5833333333333334,0.4942528735632184,0.4827586206896552,0.011494252873563204,SELL,0.011494252873563204,0.5948275862068966,0.1572137931034483,memória inconclusiva; usar apenas como filtro contextual
memory_setup,state=SWEEP_OR_FALSE_BREAK|setup=RESISTANCE_FALSE_BREAK|side=BUY_ALIGNED|loc=RESISTANCE_ZONE|energy=HIGH|align=MIXED/UP|mem=ACTIVE_LEVEL_CONTACT|side=DOWN|attempt=FIRST_ATTEMPT|fb=FB_NOW|sw=SW_NOW|lf=ONE_RECENT_FAILURE,211,167,1.0,10.213270142180095,67.6168417463111,1.254802406520793,0.5971563981042654,0.6872037914691943,0.7393364928909952,0.36492890995260663,0.6303317535545023,-0.2654028436018957,0.2843601895734597,0.6966824644549763,-0.41232227488151657,BUY,-0.2654028436018957,0.14691943127962087,0.15498625592417065,memória desfavorável; evitar usar como gatilho
memory_setup,state=SWEEP_OR_FALSE_BREAK|setup=RESISTANCE_FALSE_BREAK|side=MIXED|loc=RESISTANCE_ZONE|energy=LOW|align=NONE/MIXED|mem=ACTIVE_LEVEL_CONTACT|side=UP|attempt=FIRST_ATTEMPT|fb=FB_1_3|sw=SW_1_3|lf=ONE_RECENT_FAILURE,159,57,1.0,10.79874213836478,31.356612679195706,0.7020661599129433,0.27044025157232704,0.8742138364779874,0.44654088050314467,0.16981132075471697,0.8176100628930818,-0.6477987421383649,0.5094339622641509,0.4716981132075472,0.037735849056603765,SELL,0.037735849056603765,0.6855345911949686,0.1533213836477988,memória inconclusiva; usar apenas como filtro contextual
memory_setup,state=SWEEP_OR_FALSE_BREAK|setup=RESISTANCE_FALSE_BREAK|side=BUY_ALIGNED|loc=RESISTANCE_ZONE|energy=LOW|align=MIXED/UP|mem=ACTIVE_LEVEL_CONTACT|side=UP|attempt=FIRST_ATTEMPT|fb=FB_NOW|sw=SW_NOW|lf=ONE_RECENT_FAILURE,394,272,1.0,10.261421319796954,29.929449021084263,0.6498798914464126,0.5380710659898477,0.6725888324873096,0.6446700507614214,0.3553299492385787,0.6243654822335025,-0.26903553299492383,0.29441624365482233,0.6954314720812182,-0.4010152284263959,BUY,-0.26903553299492383,0.1319796954314721,0.14764873096446704,memória desfavorável; evitar usar como gatilho
memory_setup,state=NORMAL_FLOW|setup=SUPPORT_BREAKOUT|side=SELL_ALIGNED|loc=SUPPORT_ZONE|energy=MEDIUM|align=MIXED/DOWN|mem=CLEAN_FIRST_ATTEMPT|side=DOWN|attempt=FIRST_ATTEMPT|fb=FB_1_3|sw=SW_1_3|lf=NO_RECENT_FAILURE,982,982,1.0,9.824847250509166,49.968235812869274,0.9474005330264016,0.5091649694501018,0.725050916496945,0.6558044806517311,0.280040733197556,0.6995926680244399,-0.41955193482688385,0.3421588594704684,0.6435845213849287,-0.3014256619144603,SELL,-0.3014256619144603,0.11812627291242356,0.1469450101832994,memória desfavorável; evitar usar como gatilho
memory_setup,state=SWEEP_OR_FALSE_BREAK|setup=RESISTANCE_FALSE_BREAK|side=MIXED|loc=RESISTANCE_ZONE|energy=MEDIUM|align=NONE/MIXED|mem=ACTIVE_LEVEL_CONTACT|side=DOWN|attempt=FIRST_ATTEMPT|fb=FB_NOW|sw=SW_NOW|lf=ONE_RECENT_FAILURE,472,354,1.0,10.235169491525424,50.053957206786386,0.947302223234378,0.413135593220339,0.8135593220338984,0.5360169491525424,0.23940677966101695,0.75,-0.510593220338983,0.4152542372881356,0.5635593220338984,-0.14830508474576276,SELL,-0.14830508474576276,0.36228813559322026,0.1461406779661017,memória desfavorável; evitar usar como gatilho
memory_setup,state=LOW_RANGE|setup=NO_EVENT|side=BUY_ALIGNED|loc=RESISTANCE_ZONE|energy=LOW|align=MIXED/UP|mem=RECENT_FALSE_BREAK_MEMORY|side=NONE|attempt=FIRST_ATTEMPT|fb=FB_1_3|sw=SW_1_3|lf=NO_RECENT_FAILURE,156,0,1.0,9.679487179487179,26.910417261857976,0.5090288926023843,0.5769230769230769,0.7051282051282052,0.7243589743589743,0.34615384615384615,0.6282051282051282,-0.28205128205128205,0.27564102564102566,0.717948717948718,-0.4423076923076923,BUY,-0.28205128205128205,0.16025641025641024,0.14444615384615384,memória desfavorável; evitar usar como gatilho
memory_setup,state=SWEEP_OR_FALSE_BREAK|setup=RESISTANCE_FALSE_BREAK|side=MIXED|loc=RESISTANCE_ZONE|energy=LOW|align=NONE/MIXED|mem=ACTIVE_LEVEL_CONTACT|side=DOWN|attempt=FIRST_ATTEMPT|fb=FB_NOW|sw=SW_NOW|lf=ONE_RECENT_FAILURE,406,304,1.0,10.248768472906404,31.399150642450348,0.721546233647844,0.3916256157635468,0.7906403940886699,0.47783251231527096,0.229064039408867,0.7586206896551724,-0.5295566502463054,0.4408866995073892,0.5369458128078818,-0.0960591133004926,SELL,-0.0960591133004926,0.4334975369458128,0.14343251231527093,memória desfavorável; evitar usar como gatilho
memory_setup,state=SWEEP_OR_FALSE_BREAK|setup=RESISTANCE_FALSE_BREAK|side=BUY_ALIGNED|loc=RESISTANCE_ZONE|energy=MEDIUM|align=MIXED/UP|mem=ACTIVE_LEVEL_CONTACT|side=DOWN|attempt=FIRST_ATTEMPT|fb=FB_NOW|sw=SW_NOW|lf=ONE_RECENT_FAILURE,406,300,1.0,10.495073891625616,49.327415162756154,0.9333085348001824,0.5517241379310345,0.6822660098522167,0.7044334975369458,0.35960591133004927,0.6330049261083743,-0.27339901477832507,0.33251231527093594,0.6502463054187192,-0.31773399014778325,BUY,-0.27339901477832507,0.044334975369458185,0.14318620689655173,memória desfavorável; evitar usar como gatilho
memory_setup,state=NORMAL_FLOW|setup=SUPPORT_BREAKOUT|side=MIXED|loc=SUPPORT_ZONE|energy=MEDIUM|align=NONE/MIXED|mem=CLEAN_FIRST_ATTEMPT|side=DOWN|attempt=FIRST_ATTEMPT|fb=FB_4_6|sw=SW_4_6|lf=NO_RECENT_FAILURE,141,141,1.0,8.76595744680851,50.116036909326084,0.9223785190088862,0.2978723404255319,0.9078014184397163,0.4397163120567376,0.49645390070921985,0.48226950354609927,0.014184397163120588,0.14893617021276595,0.8439716312056738,-0.6950354609929078,BUY,0.014184397163120588,0.7092198581560284,0.1431780141843972,memória inconclusiva; usar apenas como filtro contextual
memory_setup,state=SWEEP_OR_FALSE_BREAK|setup=SUPPORT_FALSE_BREAK|side=SELL_ALIGNED|loc=SUPPORT_ZONE|energy=MEDIUM|align=MIXED/DOWN|mem=ACTIVE_LEVEL_CONTACT|side=DOWN|attempt=FIRST_ATTEMPT|fb=FB_1_3|sw=SW_1_3|lf=ONE_RECENT_FAILURE,160,78,1.0,10.60625,50.20412608452142,0.9518282086832279,0.525,0.725,0.725,0.275,0.6875,-0.4125,0.3625,0.60625,-0.24374999999999997,SELL,-0.24374999999999997,0.16875,0.1385,memória desfavorável; evitar usar como gatilho
memory_setup,state=NORMAL_FLOW|setup=SUPPORT_BREAKOUT|side=MIXED|loc=SUPPORT_ZONE|energy=MEDIUM|align=NONE/MIXED|mem=CLEAN_FIRST_ATTEMPT|side=DOWN|attempt=FIRST_ATTEMPT|fb=FB_1_3|sw=SW_1_3|lf=NO_RECENT_FAILURE,723,723,1.0,9.57399723374827,50.441045789007035,0.936556514365231,0.27385892116182575,0.8713692946058091,0.43568464730290457,0.45919778699861685,0.5297372060857538,-0.07053941908713696,0.1991701244813278,0.7883817427385892,-0.5892116182572614,BUY,-0.07053941908713696,0.5186721991701244,0.13755186721991702,memória desfavorável; evitar usar como gatilho
memory_setup,state=ACCEPTED_BREAKOUT|setup=RESISTANCE_BREAKOUT|side=MIXED|loc=RESISTANCE_ZONE|energy=HIGH|align=NONE/MIXED|mem=CLEAN_FIRST_ATTEMPT|side=UP|attempt=FIRST_ATTEMPT|fb=FB_1_3|sw=SW_1_3|lf=NO_RECENT_FAILURE,220,220,1.0,9.959090909090909,71.62020597473486,1.330291273503031,0.23636363636363636,0.9272727272727272,0.40454545454545454,0.16818181818181818,0.7954545454545454,-0.6272727272727272,0.4954545454545455,0.4590909090909091,0.036363636363636376,SELL,0.036363636363636376,0.6636363636363636,0.13472727272727275,memória inconclusiva; usar apenas como filtro contextual
memory_setup,state=NORMAL_FLOW|setup=NO_EVENT|side=MIXED|loc=SUPPORT_ZONE|energy=MEDIUM|align=NONE/MIXED|mem=RECENT_FALSE_BREAK_MEMORY|side=NONE|attempt=FIRST_ATTEMPT|fb=FB_1_3|sw=SW_1_3|lf=NO_RECENT_FAILURE,160,0,1.0,10.16875,48.56126888061449,0.8730414699709593,0.4,0.84375,0.6125,0.45,0.53125,-0.08124999999999999,0.24375,0.7375,-0.49375,BUY,-0.08124999999999999,0.41250000000000003,0.13443750000000004,memória desfavorável; evitar usar como gatilho
memory_setup,state=SWEEP_OR_FALSE_BREAK|setup=SUPPORT_FALSE_BREAK|side=SELL_ALIGNED|loc=SUPPORT_ZONE|energy=LOW|align=MIXED/DOWN|mem=ACTIVE_LEVEL_CONTACT|side=DOWN|attempt=FIRST_ATTEMPT|fb=FB_1_3|sw=SW_1_3|lf=ONE_RECENT_FAILURE,143,51,1.0,10.587412587412587,31.87582440834727,0.7108567270544767,0.5384615384615384,0.7202797202797203,0.6433566433566433,0.2517482517482518,0.7272727272727273,-0.4755244755244755,0.35664335664335667,0.6223776223776224,-0.26573426573426573,SELL,-0.26573426573426573,0.2097902097902098,0.13073356643356643,memória desfavorável; evitar usar como gatilho
memory_setup,state=SWEEP_OR_FALSE_BREAK|setup=RESISTANCE_FALSE_BREAK|side=MIXED|loc=RESISTANCE_ZONE|energy=HIGH|align=NONE/MIXED|mem=ACTIVE_LEVEL_CONTACT|side=DOWN|attempt=FIRST_ATTEMPT|fb=FB_NOW|sw=SW_NOW|lf=ONE_RECENT_FAILURE,241,182,1.0,10.576763485477178,68.220090511126,1.3318527022332571,0.43568464730290457,0.8340248962655602,0.6141078838174274,0.25311203319502074,0.7095435684647303,-0.4564315352697096,0.4066390041493776,0.5560165975103735,-0.14937759336099588,SELL,-0.14937759336099588,0.3070539419087137,0.12679709543568468,memória desfavorável; evitar usar como gatilho
memory_setup,state=NORMAL_FLOW|setup=RESISTANCE_BREAKOUT|side=BUY_ALIGNED|loc=RESISTANCE_ZONE|energy=HIGH|align=MIXED/UP|mem=CLEAN_FIRST_ATTEMPT|side=UP|attempt=FIRST_ATTEMPT|fb=FB_1_3|sw=SW_1_3|lf=NO_RECENT_FAILURE,556,556,1.0,9.78956834532374,66.62374708705065,1.2376357592066412,0.4442446043165468,0.7877697841726619,0.5773381294964028,0.2697841726618705,0.7176258992805755,-0.447841726618705,0.34532374100719426,0.6384892086330936,-0.2931654676258993,SELL,-0.2931654676258993,0.15467625899280574,0.12266187050359713,memória desfavorável; evitar usar como gatilho
memory_setup,state=ACCEPTED_BREAKOUT|setup=RESISTANCE_BREAKOUT|side=BUY_ALIGNED|loc=RESISTANCE_ZONE|energy=HIGH|align=MIXED/UP|mem=CLEAN_FIRST_ATTEMPT|side=UP|attempt=FIRST_ATTEMPT|fb=FB_1_3|sw=SW_1_3|lf=NO_RECENT_FAILURE,376,376,1.0,9.851063829787234,71.08666520080128,1.2956519559435442,0.4228723404255319,0.7898936170212766,0.6090425531914894,0.2898936170212766,0.6888297872340425,-0.39893617021276595,0.3776595744680851,0.5797872340425532,-0.20212765957446804,SELL,-0.20212765957446804,0.1968085106382979,0.12257340425531918,memória desfavorável; evitar usar como gatilho
memory_setup,state=ACCEPTED_BREAKOUT|setup=SUPPORT_BREAKOUT|side=SELL_ALIGNED|loc=SUPPORT_ZONE|energy=HIGH|align=MIXED/DOWN|mem=CLEAN_FIRST_ATTEMPT|side=DOWN|attempt=FIRST_ATTEMPT|fb=FB_1_3|sw=SW_1_3|lf=NO_RECENT_FAILURE,461,461,1.0,9.837310195227765,71.72050581242102,1.3760167570287254,0.4078091106290672,0.8481561822125814,0.6399132321041214,0.36225596529284165,0.6030368763557483,-0.24078091106290667,0.27331887201735355,0.6876355748373102,-0.41431670281995664,BUY,-0.24078091106290667,0.17353579175704997,0.12234728850325383,memória desfavorável; evitar usar como gatilho
memory_setup,state=EXPANSION|setup=SUPPORT_BREAKOUT|side=MIXED|loc=SUPPORT_ZONE|energy=HIGH|align=NONE/MIXED|mem=CLEAN_FIRST_ATTEMPT|side=DOWN|attempt=FIRST_ATTEMPT|fb=FB_1_3|sw=SW_1_3|lf=NO_RECENT_FAILURE,188,188,1.0,9.553191489361701,70.78339696434996,1.216506969828635,0.2393617021276596,0.9148936170212766,0.425531914893617,0.48404255319148937,0.48936170212765956,-0.005319148936170193,0.1595744680851064,0.8191489361702128,-0.6595744680851063,BUY,-0.005319148936170193,0.6542553191489362,0.12145957446808513,memória desfavorável; evitar usar como gatilho
memory_setup,state=NORMAL_FLOW|setup=RESISTANCE_BREAKOUT|side=BUY_ALIGNED|loc=RESISTANCE_ZONE|energy=MEDIUM|align=MIXED/UP|mem=CLEAN_FIRST_ATTEMPT|side=UP|attempt=FIRST_ATTEMPT|fb=FB_1_3|sw=SW_1_3|lf=NO_RECENT_FAILURE,1106,1106,1.0,9.623869801084991,50.097298817287054,0.9238167364173788,0.47739602169981915,0.7233273056057866,0.5958408679927667,0.31464737793851716,0.6654611211573237,-0.35081374321880654,0.34177215189873417,0.6446654611211573,-0.30289330922242313,SELL,-0.30289330922242313,0.047920433996383405,0.11799276672694395,memória desfavorável; evitar usar como gatilho
memory_setup,state=SWEEP_OR_FALSE_BREAK|setup=RESISTANCE_FALSE_BREAK|side=BUY_ALIGNED|loc=RESISTANCE_ZONE|energy=LOW|align=MIXED/UP|mem=ACTIVE_LEVEL_CONTACT|side=DOWN|attempt=FIRST_ATTEMPT|fb=FB_NOW|sw=SW_NOW|lf=ONE_RECENT_FAILURE,319,245,1.0,10.498432601880877,31.407678575457894,0.7061475474009002,0.567398119122257,0.7366771159874608,0.6238244514106583,0.28213166144200624,0.677115987460815,-0.3949843260188088,0.3322884012539185,0.6551724137931034,-0.3228840125391849,SELL,-0.3228840125391849,0.07210031347962387,0.11732319749216305,memória desfavorável; evitar usar como gatilho
memory_setup,state=SWEEP_OR_FALSE_BREAK|setup=RESISTANCE_FALSE_BREAK|side=BUY_ALIGNED|loc=RESISTANCE_ZONE|energy=MEDIUM|align=MIXED/UP|mem=ACTIVE_LEVEL_CONTACT|side=UP|attempt=FIRST_ATTEMPT|fb=FB_NOW|sw=SW_NOW|lf=ONE_RECENT_FAILURE,329,254,1.0,10.25531914893617,49.117589455510775,0.8830025607173272,0.5197568389057751,0.7203647416413373,0.6534954407294833,0.3404255319148936,0.6474164133738601,-0.3069908814589665,0.3161094224924012,0.668693009118541,-0.3525835866261398,BUY,-0.3069908814589665,0.045592705167173286,0.11663860182370822,memória desfavorável; evitar usar como gatilho
memory_setup,state=NORMAL_FLOW|setup=SUPPORT_BREAKOUT|side=MIXED|loc=SUPPORT_ZONE|energy=LOW|align=NONE/MIXED|mem=CLEAN_FIRST_ATTEMPT|side=DOWN|attempt=FIRST_ATTEMPT|fb=FB_1_3|sw=SW_1_3|lf=NO_RECENT_FAILURE,302,302,1.0,9.52317880794702,32.98660294052428,0.7464694612066546,0.271523178807947,0.8543046357615894,0.3609271523178808,0.45364238410596025,0.5165562913907285,-0.0629139072847682,0.17880794701986755,0.8145695364238411,-0.6357615894039735,BUY,-0.0629139072847682,0.5728476821192053,0.1159615894039735,memória desfavorável; evitar usar como gatilho
memory_setup,state=SWEEP_OR_FALSE_BREAK|setup=RESISTANCE_FALSE_BREAK|side=MIXED|loc=RESISTANCE_ZONE|energy=HIGH|align=NONE/MIXED|mem=ACTIVE_LEVEL_CONTACT|side=UP|attempt=FIRST_ATTEMPT|fb=FB_NOW|sw=SW_NOW|lf=ONE_RECENT_FAILURE,222,172,1.0,10.18018018018018,66.38360576034336,1.1672508739465002,0.42342342342342343,0.8018018018018018,0.6036036036036037,0.25675675675675674,0.7252252252252253,-0.4684684684684685,0.3783783783783784,0.5990990990990991,-0.2207207207207207,SELL,-0.2207207207207207,0.24774774774774783,0.1145423423423424,memória desfavorável; evitar usar como gatilho
memory_setup,state=SWEEP_OR_FALSE_BREAK|setup=SUPPORT_FALSE_BREAK|side=MIXED|loc=SUPPORT_ZONE|energy=LOW|align=NONE/MIXED|mem=ACTIVE_LEVEL_CONTACT|side=DOWN|attempt=FIRST_ATTEMPT|fb=FB_NOW|sw=SW_NOW|lf=ONE_RECENT_FAILURE,761,529,1.0,10.228646517739817,30.378693419415253,0.6790238384087911,0.4283837056504599,0.7634691195795007,0.5387647831800263,0.3639947437582129,0.6228646517739816,-0.25886990801576876,0.2996057818659658,0.6898817345597897,-0.3902759526938239,BUY,-0.25886990801576876,0.13140604467805517,0.11235216819973719,memória desfavorável; evitar usar como gatilho
memory_setup,state=SWEEP_OR_FALSE_BREAK|setup=SUPPORT_FALSE_BREAK|side=SELL_ALIGNED|loc=SUPPORT_ZONE|energy=HIGH|align=MIXED/DOWN|mem=ACTIVE_LEVEL_CONTACT|side=DOWN|attempt=FIRST_ATTEMPT|fb=FB_NOW|sw=SW_NOW|lf=ONE_RECENT_FAILURE,195,173,1.0,10.317948717948719,66.72600841497174,1.2571769152568963,0.5076923076923077,0.7743589743589744,0.7025641025641025,0.29743589743589743,0.6717948717948717,-0.3743589743589743,0.3384615384615385,0.6410256410256411,-0.3025641025641026,SELL,-0.3025641025641026,0.0717948717948717,0.10898717948717948,memória desfavorável; evitar usar como gatilho
memory_setup,state=NORMAL_FLOW|setup=RESISTANCE_BREAKOUT|side=MIXED|loc=RESISTANCE_ZONE|energy=MEDIUM|align=NONE/MIXED|mem=CLEAN_FIRST_ATTEMPT|side=UP|attempt=FIRST_ATTEMPT|fb=FB_4_6|sw=SW_4_6|lf=NO_RECENT_FAILURE,134,134,1.0,8.880597014925373,49.55979944406201,0.9228532354359733,0.29850746268656714,0.8656716417910447,0.4253731343283582,0.21641791044776118,0.7686567164179104,-0.5522388059701493,0.48507462686567165,0.48507462686567165,0.0,SELL,0.0,0.5522388059701493,0.10892238805970153,memória inconclusiva; usar apenas como filtro contextual
memory_setup,state=NORMAL_FLOW|setup=NO_EVENT|side=MIXED|loc=RESISTANCE_ZONE|energy=MEDIUM|align=NONE/MIXED|mem=RECENT_FALSE_BREAK_MEMORY|side=NONE|attempt=FIRST_ATTEMPT|fb=FB_1_3|sw=SW_1_3|lf=NO_RECENT_FAILURE,239,0,1.0,9.778242677824268,48.72622022381903,0.8324929638267414,0.4309623430962343,0.8368200836820083,0.606694560669456,0.2384937238493724,0.7364016736401674,-0.497907949790795,0.35564853556485354,0.6234309623430963,-0.2677824267782427,SELL,-0.2677824267782427,0.2301255230125523,0.10883723849372387,memória desfavorável; evitar usar como gatilho
memory_setup,state=SWEEP_OR_FALSE_BREAK|setup=RESISTANCE_FALSE_BREAK|side=BUY_ALIGNED|loc=RESISTANCE_ZONE|energy=LOW|align=MIXED/UP|mem=ACTIVE_LEVEL_CONTACT|side=UP|attempt=FIRST_ATTEMPT|fb=FB_1_3|sw=SW_1_3|lf=ONE_RECENT_FAILURE,149,63,1.0,10.590604026845638,31.0933402573323,0.6920313657641357,0.5302013422818792,0.6845637583892618,0.610738255033557,0.28859060402684567,0.697986577181208,-0.4093959731543624,0.33557046979865773,0.6442953020134228,-0.30872483221476504,SELL,-0.30872483221476504,0.10067114093959734,0.10751744966442957,memória desfavorável; evitar usar como gatilho
memory_setup,state=LOW_RANGE|setup=NO_EVENT|side=MIXED|loc=RESISTANCE_ZONE|energy=VERY_LOW|align=NONE/MIXED|mem=RECENT_FALSE_BREAK_MEMORY|side=NONE|attempt=FIRST_ATTEMPT|fb=FB_1_3|sw=SW_1_3|lf=NO_RECENT_FAILURE,231,0,1.0,9.796536796536797,13.440390358613877,0.44065887045620433,0.37662337662337664,0.8051948051948052,0.5194805194805194,0.23376623376623376,0.7316017316017316,-0.49783549783549785,0.4025974025974026,0.5887445887445888,-0.18614718614718617,SELL,-0.18614718614718617,0.3116883116883117,0.10621688311688313,memória desfavorável; evitar usar como gatilho
memory_setup,state=LOW_RANGE|setup=SUPPORT_BREAKOUT|side=MIXED|loc=SUPPORT_ZONE|energy=LOW|align=NONE/MIXED|mem=CLEAN_FIRST_ATTEMPT|side=DOWN|attempt=FIRST_ATTEMPT|fb=FB_1_3|sw=SW_1_3|lf=NO_RECENT_FAILURE,121,121,1.0,9.578512396694215,28.77230353223586,0.525393577472934,0.36363636363636365,0.8181818181818182,0.4214876033057851,0.4462809917355372,0.5289256198347108,-0.08264462809917356,0.21487603305785125,0.7768595041322314,-0.5619834710743801,BUY,-0.08264462809917356,0.4793388429752065,0.105901652892562,memória desfavorável; evitar usar como gatilho
memory_setup,state=SWEEP_OR_FALSE_BREAK|setup=RESISTANCE_FALSE_BREAK|side=MIXED|loc=RESISTANCE_ZONE|energy=MEDIUM|align=NONE/MIXED|mem=ACTIVE_LEVEL_CONTACT|side=UP|attempt=FIRST_ATTEMPT|fb=FB_NOW|sw=SW_NOW|lf=ONE_RECENT_FAILURE,749,528,1.0,10.335113484646195,49.053336152984826,0.8943392257126934,0.38584779706275035,0.8157543391188251,0.5674232309746329,0.27770360480640854,0.7036048064085447,-0.4259012016021362,0.3391188251001335,0.6341789052069426,-0.2950600801068091,SELL,-0.2950600801068091,0.13084112149532706,0.10587449933244329,memória desfavorável; evitar usar como gatilho
memory_setup,state=NORMAL_FLOW|setup=RESISTANCE_BREAKOUT|side=BUY_ALIGNED|loc=RESISTANCE_ZONE|energy=LOW|align=MIXED/UP|mem=CLEAN_FIRST_ATTEMPT|side=UP|attempt=FIRST_ATTEMPT|fb=FB_1_3|sw=SW_1_3|lf=NO_RECENT_FAILURE,435,435,1.0,9.604597701149425,32.95925348998174,0.7530485459964645,0.5172413793103449,0.7011494252873564,0.5448275862068965,0.30114942528735633,0.6804597701149425,-0.3793103448275862,0.31264367816091954,0.6666666666666666,-0.3540229885057471,SELL,-0.3540229885057471,0.025287356321839094,0.10407471264367818,memória desfavorável; evitar usar como gatilho
memory_setup,state=NORMAL_FLOW|setup=NO_EVENT|side=BUY_ALIGNED|loc=RESISTANCE_ZONE|energy=LOW|align=MIXED/UP|mem=RECENT_FALSE_BREAK_MEMORY|side=NONE|attempt=FIRST_ATTEMPT|fb=FB_1_3|sw=SW_1_3|lf=NO_RECENT_FAILURE,177,0,1.0,9.774011299435028,31.289248406793064,0.7242152910071983,0.559322033898305,0.7344632768361582,0.6779661016949152,0.3050847457627119,0.6836158192090396,-0.3785310734463277,0.3163841807909605,0.672316384180791,-0.3559322033898305,SELL,-0.3559322033898305,0.02259887005649719,0.10357570621468928,memória desfavorável; evitar usar como gatilho
memory_setup,state=LOW_RANGE|setup=NO_EVENT|side=MIXED|loc=RESISTANCE_ZONE|energy=LOW|align=NONE/MIXED|mem=RECENT_FALSE_BREAK_MEMORY|side=NONE|attempt=FIRST_ATTEMPT|fb=FB_1_3|sw=SW_1_3|lf=NO_RECENT_FAILURE,236,0,1.0,9.580508474576272,27.359196010242382,0.5162293042651668,0.3644067796610169,0.7796610169491526,0.5,0.2711864406779661,0.7203389830508474,-0.4491525423728813,0.4194915254237288,0.5677966101694916,-0.14830508474576276,SELL,-0.14830508474576276,0.30084745762711856,0.10326101694915255,memória desfavorável; evitar usar como gatilho
memory_setup,state=NORMAL_FLOW|setup=RESISTANCE_BREAKOUT|side=BUY_ALIGNED|loc=RESISTANCE_ZONE|energy=MEDIUM|align=MIXED/UP|mem=CLEAN_FIRST_ATTEMPT|side=UP|attempt=FIRST_ATTEMPT|fb=FB_4_6|sw=SW_4_6|lf=NO_RECENT_FAILURE,239,239,1.0,8.728033472803347,49.54132751474868,0.910336870095769,0.5062761506276151,0.7071129707112971,0.5690376569037657,0.29707112970711297,0.6903765690376569,-0.3933054393305439,0.3514644351464435,0.6401673640167364,-0.28870292887029286,SELL,-0.28870292887029286,0.10460251046025104,0.10318870292887032,memória desfavorável; evitar usar como gatilho
memory_setup,state=SWEEP_OR_FALSE_BREAK|setup=SUPPORT_FALSE_BREAK|side=MIXED|loc=SUPPORT_ZONE|energy=MEDIUM|align=NONE/MIXED|mem=ACTIVE_LEVEL_CONTACT|side=DOWN|attempt=FIRST_ATTEMPT|fb=FB_NOW|sw=SW_NOW|lf=ONE_RECENT_FAILURE,763,568,1.0,10.245085190039319,49.54122492588214,0.909721247262022,0.41284403669724773,0.8125819134993447,0.5504587155963303,0.34338138925294887,0.6382699868938401,-0.2948885976408912,0.2817824377457405,0.690694626474443,-0.4089121887287025,BUY,-0.2948885976408912,0.1140235910878113,0.10229357798165138,memória desfavorável; evitar usar como gatilho
memory_setup,state=SWEEP_OR_FALSE_BREAK|setup=RESISTANCE_FALSE_BREAK|side=BUY_ALIGNED|loc=RESISTANCE_ZONE|energy=MEDIUM|align=MIXED/UP|mem=ACTIVE_LEVEL_CONTACT|side=UP|attempt=FIRST_ATTEMPT|fb=FB_1_3|sw=SW_1_3|lf=ONE_RECENT_FAILURE,128,64,1.0,10.3515625,49.36591072888287,0.90880997971962,0.5,0.78125,0.6953125,0.3203125,0.6484375,-0.328125,0.2890625,0.703125,-0.4140625,BUY,-0.328125,0.0859375,0.1018625,memória desfavorável; evitar usar como gatilho
memory_setup,state=SWEEP_OR_FALSE_BREAK|setup=SUPPORT_FALSE_BREAK|side=MIXED|loc=SUPPORT_ZONE|energy=HIGH|align=NONE/MIXED|mem=ACTIVE_LEVEL_CONTACT|side=DOWN|attempt=FIRST_ATTEMPT|fb=FB_NOW|sw=SW_NOW|lf=ONE_RECENT_FAILURE,331,254,1.0,10.205438066465257,67.29222176178467,1.2552853953426215,0.4652567975830816,0.8368580060422961,0.6525679758308157,0.3081570996978852,0.6404833836858006,-0.3323262839879154,0.27794561933534745,0.6918429003021148,-0.41389728096676737,BUY,-0.3323262839879154,0.08157099697885195,0.10092477341389729,memória desfavorável; evitar usar como gatilho
memory_setup,state=ACCEPTED_BREAKOUT|setup=SUPPORT_BREAKOUT|side=MIXED|loc=SUPPORT_ZONE|energy=HIGH|align=NONE/MIXED|mem=CLEAN_FIRST_ATTEMPT|side=DOWN|attempt=FIRST_ATTEMPT|fb=FB_1_3|sw=SW_1_3|lf=NO_RECENT_FAILURE,253,253,1.0,9.901185770750988,70.7425024675355,1.3028152582702577,0.21739130434782608,0.9130434782608695,0.45454545454545453,0.4624505928853755,0.5098814229249012,-0.04743083003952575,0.20948616600790515,0.7430830039525692,-0.5335968379446641,BUY,-0.04743083003952575,0.4861660079051383,0.09822490118577078,memória desfavorável; evitar usar como gatilho
memory_setup,state=NORMAL_FLOW|setup=EXPANSION|side=MIXED|loc=RESISTANCE_ZONE|energy=MEDIUM|align=NONE/MIXED|mem=RECENT_FALSE_BREAK_MEMORY|side=NONE|attempt=FIRST_ATTEMPT|fb=FB_1_3|sw=SW_1_3|lf=NO_RECENT_FAILURE,124,0,1.0,9.862903225806452,49.72887317534206,0.760122665093217,0.3709677419354839,0.7983870967741935,0.5806451612903226,0.25,0.7258064516129032,-0.47580645161290325,0.3790322580645161,0.5967741935483871,-0.217741935483871,SELL,-0.217741935483871,0.25806451612903225,0.09748064516129035,memória desfavorável; evitar usar como gatilho
memory_setup,state=NORMAL_FLOW|setup=SUPPORT_BREAKOUT|side=SELL_ALIGNED|loc=SUPPORT_ZONE|energy=HIGH|align=MIXED/DOWN|mem=CLEAN_FIRST_ATTEMPT|side=DOWN|attempt=FIRST_ATTEMPT|fb=FB_1_3|sw=SW_1_3|lf=NO_RECENT_FAILURE,559,559,1.0,9.79427549194991,67.08378157514665,1.2631198336787899,0.4329159212880143,0.7924865831842576,0.6082289803220036,0.31305903398926654,0.6726296958855098,-0.35957066189624326,0.3094812164579606,0.669051878354204,-0.35957066189624337,BUY,-0.35957066189624326,1.1102230246251565e-16,0.09606440071556356,memória desfavorável; evitar usar como gatilho
memory_setup,state=EXPANSION|setup=RESISTANCE_BREAKOUT|side=BUY_ALIGNED|loc=RESISTANCE_ZONE|energy=HIGH|align=MIXED/UP|mem=CLEAN_FIRST_ATTEMPT|side=UP|attempt=FIRST_ATTEMPT|fb=FB_1_3|sw=SW_1_3|lf=NO_RECENT_FAILURE,253,253,1.0,9.932806324110672,70.86599188829337,1.1835784375163692,0.4980237154150198,0.7312252964426877,0.5849802371541502,0.30039525691699603,0.6758893280632411,-0.37549407114624506,0.3359683794466403,0.6482213438735178,-0.3122529644268775,SELL,-0.3122529644268775,0.06324110671936756,0.09506284584980235,memória desfavorável; evitar usar como gatilho
memory_setup,state=SWEEP_OR_FALSE_BREAK|setup=RESISTANCE_BREAKOUT|side=BUY_ALIGNED|loc=RESISTANCE_ZONE|energy=HIGH|align=MIXED/UP|mem=ACTIVE_LEVEL_CONTACT|side=DOWN|attempt=FIRST_ATTEMPT|fb=FB_NOW|sw=SW_NOW|lf=ONE_RECENT_FAILURE,147,147,1.0,10.040816326530612,70.05297119438389,1.4337066997652297,0.4965986394557823,0.7755102040816326,0.6394557823129252,0.30612244897959184,0.673469387755102,-0.36734693877551017,0.35374149659863946,0.6258503401360545,-0.272108843537415,SELL,-0.272108843537415,0.09523809523809518,0.09497210884353743,memória desfavorável; evitar usar como gatilho
memory_setup,state=SWEEP_OR_FALSE_BREAK|setup=RESISTANCE_FALSE_BREAK|side=MIXED|loc=RESISTANCE_ZONE|energy=LOW|align=NONE/MIXED|mem=SECOND_LEVEL_ATTEMPT|side=UP|attempt=SECOND_ATTEMPT|fb=FB_NOW|sw=SW_NOW|lf=ONE_RECENT_FAILURE,132,132,2.0,10.583333333333334,30.249314631206676,0.6672773448381006,0.4015151515151515,0.7954545454545454,0.4696969696969697,0.25,0.7272727272727273,-0.4772727272727273,0.4166666666666667,0.5681818181818182,-0.15151515151515155,SELL,-0.15151515151515155,0.32575757575757575,0.09312424242424247,memória desfavorável; evitar usar como gatilho
memory_setup,state=SWEEP_OR_FALSE_BREAK|setup=SUPPORT_FALSE_BREAK|side=MIXED|loc=SUPPORT_ZONE|energy=MEDIUM|align=NONE/MIXED|mem=ACTIVE_LEVEL_CONTACT|side=DOWN|attempt=FIRST_ATTEMPT|fb=FB_1_3|sw=SW_1_3|lf=ONE_RECENT_FAILURE,158,85,1.0,10.341772151898734,49.716036962643116,0.9271188640937408,0.34810126582278483,0.8481012658227848,0.5253164556962026,0.34810126582278483,0.620253164556962,-0.27215189873417717,0.1962025316455696,0.7848101265822784,-0.5886075949367089,BUY,-0.27215189873417717,0.3164556962025317,0.09174936708860765,memória desfavorável; evitar usar como gatilho
memory_setup,state=NORMAL_FLOW|setup=NO_EVENT|side=SELL_ALIGNED|loc=SUPPORT_ZONE|energy=LOW|align=MIXED/DOWN|mem=RECENT_FALSE_BREAK_MEMORY|side=NONE|attempt=FIRST_ATTEMPT|fb=FB_1_3|sw=SW_1_3|lf=NO_RECENT_FAILURE,136,0,1.0,9.669117647058824,30.909319875298433,0.7128814180865712,0.5220588235294118,0.75,0.625,0.25735294117647056,0.7205882352941176,-0.4632352941176471,0.27941176470588236,0.6838235294117647,-0.40441176470588236,SELL,-0.40441176470588236,0.05882352941176472,0.09007058823529415,memória desfavorável; evitar usar como gatilho
memory_setup,state=EXPANSION|setup=SUPPORT_BREAKOUT|side=SELL_ALIGNED|loc=SUPPORT_ZONE|energy=EXTREME|align=MIXED/DOWN|mem=CLEAN_FIRST_ATTEMPT|side=DOWN|attempt=FIRST_ATTEMPT|fb=FB_1_3|sw=SW_1_3|lf=NO_RECENT_FAILURE,221,221,1.0,9.701357466063348,89.75234519703167,1.789172755455006,0.34841628959276016,0.8778280542986425,0.6199095022624435,0.3755656108597285,0.6018099547511312,-0.2262443438914027,0.2579185520361991,0.6877828054298643,-0.42986425339366513,BUY,-0.2262443438914027,0.20361990950226244,0.08997330316742083,memória desfavorável; evitar usar como gatilho
memory_setup,state=EXPANSION|setup=SUPPORT_FALSE_BREAK|side=MIXED|loc=SUPPORT_ZONE|energy=HIGH|align=NONE/MIXED|mem=ACTIVE_LEVEL_CONTACT|side=DOWN|attempt=FIRST_ATTEMPT|fb=FB_NOW|sw=SW_NOW|lf=ONE_RECENT_FAILURE,152,128,1.0,10.0,70.6515982902208,1.2619625106342955,0.4407894736842105,0.8026315789473685,0.631578947368421,0.3092105263157895,0.6710526315789473,-0.36184210526315785,0.25,0.7302631578947368,-0.48026315789473684,BUY,-0.36184210526315785,0.11842105263157898,0.08888421052631582,memória desfavorável; evitar usar como gatilho
memory_setup,state=SWEEP_OR_FALSE_BREAK|setup=SUPPORT_BREAKOUT|side=SELL_ALIGNED|loc=SUPPORT_ZONE|energy=HIGH|align=MIXED/DOWN|mem=ACTIVE_LEVEL_CONTACT|side=DOWN|attempt=FIRST_ATTEMPT|fb=FB_NOW|sw=SW_NOW|lf=ONE_RECENT_FAILURE,129,129,1.0,10.5968992248062,70.54054242013329,1.5090789912928058,0.4108527131782946,0.7829457364341085,0.6589147286821705,0.35658914728682173,0.627906976744186,-0.2713178294573643,0.29457364341085274,0.6666666666666666,-0.3720930232558139,BUY,-0.2713178294573643,0.10077519379844957,0.0884813953488372,memória desfavorável; evitar usar como gatilho
memory_setup,state=NORMAL_FLOW|setup=RESISTANCE_BREAKOUT|side=BUY_ALIGNED|loc=RESISTANCE_ZONE|energy=MEDIUM|align=MIXED/UP|mem=SECOND_LEVEL_ATTEMPT|side=UP|attempt=SECOND_ATTEMPT|fb=FB_1_3|sw=SW_1_3|lf=NO_RECENT_FAILURE,134,134,2.0,9.544776119402986,49.335756023776426,0.8907413675086818,0.4626865671641791,0.7014925373134329,0.5522388059701493,0.29850746268656714,0.6791044776119403,-0.3805970149253731,0.3582089552238806,0.6343283582089553,-0.2761194029850747,SELL,-0.2761194029850747,0.10447761194029842,0.08578805970149253,memória desfavorável; evitar usar como gatilho
memory_setup,state=NORMAL_FLOW|setup=SUPPORT_BREAKOUT|side=SELL_ALIGNED|loc=SUPPORT_ZONE|energy=MEDIUM|align=MIXED/DOWN|mem=SECOND_LEVEL_ATTEMPT|side=DOWN|attempt=SECOND_ATTEMPT|fb=FB_1_3|sw=SW_1_3|lf=ONE_RECENT_FAILURE,134,134,2.0,9.962686567164178,50.33396743964969,0.9221371069664952,0.5074626865671642,0.746268656716418,0.6268656716417911,0.29850746268656714,0.6865671641791045,-0.3880597014925373,0.31343283582089554,0.6716417910447762,-0.35820895522388063,SELL,-0.35820895522388063,0.02985074626865669,0.08354925373134331,memória desfavorável; evitar usar como gatilho
memory_setup,state=SWEEP_OR_FALSE_BREAK|setup=RESISTANCE_FALSE_BREAK|side=MIXED|loc=RESISTANCE_ZONE|energy=LOW|align=NONE/MIXED|mem=ACTIVE_LEVEL_CONTACT|side=UP|attempt=FIRST_ATTEMPT|fb=FB_NOW|sw=SW_NOW|lf=ONE_RECENT_FAILURE,763,502,1.0,10.2870249017038,30.61369391300787,0.669555424277621,0.41153342070773263,0.7785058977719528,0.5216251638269986,0.30930537352555704,0.6802096985583224,-0.3709043250327653,0.31585845347313235,0.6631716906946264,-0.3473132372214941,SELL,-0.3473132372214941,0.023591087811271227,0.08342070773263431,memória desfavorável; evitar usar como gatilho
memory_setup,state=EXPANSION|setup=SUPPORT_BREAKOUT|side=SELL_ALIGNED|loc=SUPPORT_ZONE|energy=HIGH|align=MIXED/DOWN|mem=CLEAN_FIRST_ATTEMPT|side=DOWN|attempt=FIRST_ATTEMPT|fb=FB_1_3|sw=SW_1_3|lf=NO_RECENT_FAILURE,239,239,1.0,9.368200836820083,70.91216298043702,1.2280833773344912,0.3514644351464435,0.8158995815899581,0.5774058577405857,0.3723849372384937,0.602510460251046,-0.23012552301255235,0.29707112970711297,0.6820083682008368,-0.3849372384937238,BUY,-0.23012552301255235,0.15481171548117145,0.0831050209205021,memória desfavorável; evitar usar como gatilho
memory_setup,state=SWEEP_OR_FALSE_BREAK|setup=RESISTANCE_FALSE_BREAK|side=MIXED|loc=RESISTANCE_ZONE|energy=VERY_LOW|align=NONE/MIXED|mem=ACTIVE_LEVEL_CONTACT|side=UP|attempt=FIRST_ATTEMPT|fb=FB_NOW|sw=SW_NOW|lf=ONE_RECENT_FAILURE,225,139,1.0,10.586666666666666,14.826047796411226,0.4970527911346902,0.44,0.7511111111111111,0.5155555555555555,0.27111111111111114,0.7111111111111111,-0.44,0.3422222222222222,0.6533333333333333,-0.3111111111111111,SELL,-0.3111111111111111,0.1288888888888889,0.08272222222222225,memória desfavorável; evitar usar como gatilho
memory_setup,state=EXPANSION|setup=RESISTANCE_BREAKOUT|side=BUY_ALIGNED|loc=RESISTANCE_ZONE|energy=EXTREME|align=MIXED/UP|mem=CLEAN_FIRST_ATTEMPT|side=UP|attempt=FIRST_ATTEMPT|fb=FB_1_3|sw=SW_1_3|lf=NO_RECENT_FAILURE,156,156,1.0,9.583333333333334,87.79498279774481,1.6066812984689576,0.4166666666666667,0.7435897435897436,0.5961538461538461,0.3141025641025641,0.6538461538461539,-0.33974358974358976,0.358974358974359,0.6217948717948718,-0.26282051282051283,SELL,-0.26282051282051283,0.07692307692307693,0.08034358974358978,memória desfavorável; evitar usar como gatilho
memory_setup,state=ACCEPTED_BREAKOUT|setup=RESISTANCE_BREAKOUT|side=BUY_ALIGNED|loc=RESISTANCE_ZONE|energy=EXTREME|align=MIXED/UP|mem=CLEAN_FIRST_ATTEMPT|side=UP|attempt=FIRST_ATTEMPT|fb=FB_1_3|sw=SW_1_3|lf=NO_RECENT_FAILURE,165,165,1.0,9.345454545454546,84.64248789372404,1.834306172253627,0.30303030303030304,0.8787878787878788,0.5272727272727272,0.2909090909090909,0.6909090909090909,-0.4,0.4303030303030303,0.5515151515151515,-0.12121212121212122,SELL,-0.12121212121212122,0.2787878787878788,0.07619696969696972,memória desfavorável; evitar usar como gatilho
memory_setup,state=NORMAL_FLOW|setup=NO_EVENT|side=MIXED|loc=SUPPORT_ZONE|energy=LOW|align=NONE/MIXED|mem=RECENT_FALSE_BREAK_MEMORY|side=NONE|attempt=FIRST_ATTEMPT|fb=FB_1_3|sw=SW_1_3|lf=NO_RECENT_FAILURE,131,0,1.0,9.687022900763358,31.04215220610942,0.7148905572004735,0.42748091603053434,0.7709923664122137,0.5114503816793893,0.3816793893129771,0.6030534351145038,-0.2213740458015267,0.29770992366412213,0.6870229007633588,-0.3893129770992367,BUY,-0.2213740458015267,0.16793893129770998,0.07607709923664124,memória desfavorável; evitar usar como gatilho
memory_setup,state=NORMAL_FLOW|setup=SUPPORT_BREAKOUT|side=SELL_ALIGNED|loc=SUPPORT_ZONE|energy=MEDIUM|align=MIXED/DOWN|mem=CLEAN_FIRST_ATTEMPT|side=DOWN|attempt=FIRST_ATTEMPT|fb=FB_4_6|sw=SW_4_6|lf=NO_RECENT_FAILURE,193,193,1.0,8.564766839378239,50.034374009600086,0.9461795832379719,0.44041450777202074,0.7305699481865285,0.5906735751295337,0.32124352331606215,0.6528497409326425,-0.3316062176165803,0.32124352331606215,0.6735751295336787,-0.35233160621761656,BUY,-0.3316062176165803,0.020725388601036232,0.07603575129533678,memória desfavorável; evitar usar como gatilho
memory_setup,state=NORMAL_FLOW|setup=NO_EVENT|side=MIXED|loc=RESISTANCE_ZONE|energy=LOW|align=NONE/MIXED|mem=RECENT_FALSE_BREAK_MEMORY|side=NONE|attempt=FIRST_ATTEMPT|fb=FB_1_3|sw=SW_1_3|lf=NO_RECENT_FAILURE,257,0,1.0,9.75875486381323,31.04658710905383,0.7149360483541091,0.4046692607003891,0.8287937743190662,0.5097276264591439,0.2840466926070039,0.708171206225681,-0.4241245136186771,0.36186770428015563,0.6264591439688716,-0.26459143968871596,SELL,-0.26459143968871596,0.15953307392996113,0.07570000000000002,memória desfavorável; evitar usar como gatilho
memory_setup,state=SWEEP_OR_FALSE_BREAK|setup=SUPPORT_FALSE_BREAK|side=MIXED|loc=SUPPORT_ZONE|energy=LOW|align=NONE/MIXED|mem=ACTIVE_LEVEL_CONTACT|side=DOWN|attempt=FIRST_ATTEMPT|fb=FB_1_3|sw=SW_1_3|lf=ONE_RECENT_FAILURE,147,47,1.0,10.414965986394558,31.02387859416406,0.6887250529110501,0.3333333333333333,0.8163265306122449,0.46258503401360546,0.3877551020408163,0.5850340136054422,-0.19727891156462585,0.2585034013605442,0.7414965986394558,-0.4829931972789116,BUY,-0.19727891156462585,0.28571428571428575,0.07524421768707486,memória desfavorável; evitar usar como gatilho
memory_setup,state=SWEEP_OR_FALSE_BREAK|setup=SUPPORT_FALSE_BREAK|side=MIXED|loc=SUPPORT_ZONE|energy=VERY_LOW|align=NONE/MIXED|mem=ACTIVE_LEVEL_CONTACT|side=DOWN|attempt=FIRST_ATTEMPT|fb=FB_NOW|sw=SW_NOW|lf=ONE_RECENT_FAILURE,165,109,1.0,10.127272727272727,14.58179570927773,0.5039614308964427,0.41818181818181815,0.806060606060606,0.48484848484848486,0.32727272727272727,0.6424242424242425,-0.3151515151515152,0.23030303030303031,0.7454545454545455,-0.5151515151515151,BUY,-0.3151515151515152,0.19999999999999996,0.07437878787878788,memória desfavorável; evitar usar como gatilho
memory_setup,state=LOW_RANGE|setup=RESISTANCE_BREAKOUT|side=BUY_ALIGNED|loc=RESISTANCE_ZONE|energy=LOW|align=MIXED/UP|mem=CLEAN_FIRST_ATTEMPT|side=UP|attempt=FIRST_ATTEMPT|fb=FB_1_3|sw=SW_1_3|lf=NO_RECENT_FAILURE,142,142,1.0,9.492957746478874,28.45809559979591,0.5236282518035361,0.4859154929577465,0.6830985915492958,0.5492957746478874,0.33098591549295775,0.647887323943662,-0.31690140845070425,0.31690140845070425,0.647887323943662,-0.33098591549295775,BUY,-0.31690140845070425,0.014084507042253502,0.07300281690140847,memória desfavorável; evitar usar como gatilho
memory_setup,state=LOW_RANGE|setup=NO_EVENT|side=MIXED|loc=SUPPORT_ZONE|energy=VERY_LOW|align=NONE/MIXED|mem=RECENT_FALSE_BREAK_MEMORY|side=NONE|attempt=FIRST_ATTEMPT|fb=FB_1_3|sw=SW_1_3|lf=NO_RECENT_FAILURE,131,0,1.0,9.641221374045802,14.80048597786585,0.4515805976495118,0.4198473282442748,0.7786259541984732,0.5190839694656488,0.35877862595419846,0.6259541984732825,-0.267175572519084,0.2748091603053435,0.6870229007633588,-0.4122137404580153,BUY,-0.267175572519084,0.14503816793893126,0.07111526717557251,memória desfavorável; evitar usar como gatilho
memory_setup,state=ACCEPTED_BREAKOUT|setup=SUPPORT_BREAKOUT|side=SELL_ALIGNED|loc=SUPPORT_ZONE|energy=EXTREME|align=MIXED/DOWN|mem=CLEAN_FIRST_ATTEMPT|side=DOWN|attempt=FIRST_ATTEMPT|fb=FB_1_3|sw=SW_1_3|lf=NO_RECENT_FAILURE,210,210,1.0,9.904761904761905,84.41439953112166,1.9412567153003002,0.3380952380952381,0.8952380952380953,0.6523809523809524,0.3380952380952381,0.6238095238095238,-0.2857142857142857,0.3142857142857143,0.638095238095238,-0.32380952380952377,BUY,-0.2857142857142857,0.03809523809523807,0.05861904761904764,memória desfavorável; evitar usar como gatilho
memory_setup,state=ACCEPTED_BREAKOUT|setup=SUPPORT_BREAKOUT|side=SELL_ALIGNED|loc=SUPPORT_ZONE|energy=HIGH|align=MIXED/DOWN|mem=CLEAN_FIRST_ATTEMPT|side=DOWN|attempt=FIRST_ATTEMPT|fb=FB_4_6|sw=SW_4_6|lf=NO_RECENT_FAILURE,120,120,1.0,8.65,70.73499613743147,1.3556544140618305,0.36666666666666664,0.8,0.625,0.30833333333333335,0.65,-0.3416666666666667,0.2916666666666667,0.65,-0.35833333333333334,BUY,-0.3416666666666667,0.016666666666666663,0.05699999999999998,memória desfavorável; evitar usar como gatilho
