sequence_regime,event_group,breakout_attempt_bucket,htf_location_bias,mtf_alignment_bucket,mtf_bias,bars,avg_energy,avg_range_atr,avg_range_sum_5_atr,continuation_h6,pullback_0p50_h6,reach_1atr_h12,buy_edge,sell_edge,best_side,best_edge,edge_gap
EXPANSION_CHAIN,FALSE_BREAK,BO_CLUSTER,MIXED_LOCATION,FULL,DOWN,206,54.48463509361872,0.943702847159344,5.338027044406662,0.9077669902912622,0.25728155339805825,0.9902912621359223,-0.9320388349514563,0.5970873786407767,SELL,0.5970873786407767,1.529126213592233
NORMAL_SEQUENCE,FALSE_BREAK,MULTI_BO,MIXED_LOCATION,FULL,UP,205,41.63916926247924,0.9117494406464259,4.654213491104584,0.9707317073170731,0.2634146341463415,1.0,0.5902439024390245,-0.9560975609756097,BUY,0.5902439024390245,1.5463414634146342
NORMAL_SEQUENCE,FALSE_BREAK,MULTI_BO,MIXED_LOCATION,FULL,DOWN,292,41.43437285632599,0.8915682447255284,4.600203428230674,0.9315068493150684,0.2876712328767123,0.9897260273972602,-0.9417808219178082,0.5308219178082192,SELL,0.5308219178082192,1.4726027397260273
BREAKOUT_AFTER_COMPRESSION,BREAKOUT,BO_CLUSTER,MIXED_LOCATION,FULL,DOWN,124,62.33959565734621,1.266477177310389,4.846134662477539,0.9193548387096774,0.3709677419354839,1.0,-0.7741935483870968,0.5,SELL,0.5,1.2741935483870968
NORMAL_SEQUENCE,FALSE_BREAK,BO_CLUSTER,MIXED_LOCATION,FULL,DOWN,478,45.62023898135082,0.954264051729265,4.970333091486077,0.9288702928870293,0.29497907949790797,0.9916317991631799,-0.9330543933054394,0.4958158995815899,SELL,0.4958158995815899,1.4288702928870292
NORMAL_SEQUENCE,FALSE_BREAK,BO_CLUSTER,MIXED_LOCATION,FULL,UP,482,45.56502290840991,0.9611227673784629,4.946714841287153,0.950207468879668,0.3132780082987552,0.9979253112033195,0.4813278008298755,-0.9128630705394191,BUY,0.4813278008298755,1.3941908713692945
BREAKOUT_AFTER_SWEEP,BREAKOUT,MULTI_BO,MIXED_LOCATION,FULL,UP,147,56.482150746211,1.214487392033794,4.751315012046853,0.9727891156462585,0.30612244897959184,1.0,0.4761904761904762,-0.870748299319728,BUY,0.4761904761904762,1.3469387755102042
BREAKOUT_AFTER_EXPANSION_CHAIN,BREAKOUT,BO_CLUSTER,MIXED_LOCATION,FULL,UP,273,66.46697883053672,1.1789746001264254,5.311524655011869,0.9597069597069597,0.2857142857142857,0.978021978021978,0.47619047619047616,-0.8864468864468864,BUY,0.47619047619047616,1.3626373626373627
NORMAL_SEQUENCE,NONE,BO_CLUSTER,MIXED_LOCATION,FULL,DOWN,147,39.23304096696894,0.7544961877504748,4.913575788111987,0.9115646258503401,0.35374149659863946,0.9795918367346939,-0.8979591836734694,0.46938775510204084,SELL,0.46938775510204084,1.3673469387755102
NORMAL_SEQUENCE,NONE,BO_CLUSTER,MIXED_LOCATION,FULL,UP,151,40.69519028349361,0.7792890550807363,5.074779329410271,0.9470198675496688,0.31788079470198677,0.9801324503311258,0.4635761589403974,-0.9205298013245033,BUY,0.4635761589403974,1.3841059602649008
BREAKOUT_AFTER_SWEEP,BREAKOUT,BO_CLUSTER,MIXED_LOCATION,FULL,UP,815,56.23697628958946,1.1676178903766568,4.945100195300002,0.9582822085889571,0.32515337423312884,0.996319018404908,0.4306748466257668,-0.8809815950920246,BUY,0.4306748466257668,1.3116564417177914
BREAKOUT_AFTER_SWEEP,BREAKOUT,MULTI_BO,MIXED_LOCATION,FULL,DOWN,175,56.42665202234196,1.1730772252146215,4.542620278110464,0.9085714285714286,0.3657142857142857,1.0,-0.9142857142857144,0.42857142857142855,SELL,0.42857142857142855,1.342857142857143
BREAKOUT_AFTER_SWEEP,BREAKOUT,BO_CLUSTER,MIXED_LOCATION,FULL,DOWN,890,59.91851642325714,1.265942359841924,5.015625352177891,0.9438202247191011,0.3808988764044944,0.998876404494382,-0.8651685393258426,0.3797752808988764,SELL,0.3797752808988764,1.244943820224719
BREAKOUT_AFTER_EXPANSION_CHAIN,BREAKOUT,BO_CLUSTER,MIXED_LOCATION,FULL,DOWN,327,67.59899410566491,1.2459270548127463,5.249220627536138,0.9480122324159022,0.37003058103975534,0.9908256880733946,-0.8593272171253822,0.37614678899082565,SELL,0.37614678899082565,1.235474006116208
EXPANSION_CHAIN,FALSE_BREAK,BO_CLUSTER,MIXED_LOCATION,FULL,UP,146,58.15923510456796,0.9819759032761787,5.503297466677619,0.9794520547945206,0.3356164383561644,1.0,0.3493150684931507,-0.8493150684931507,BUY,0.3493150684931507,1.1986301369863015
NORMAL_SEQUENCE,FALSE_BREAK,BO_CLUSTER,UP_LOCATION,MIXED,DOWN,682,43.18274173456617,0.9070631966433728,4.680917721277292,0.7712609970674487,0.4090909090909091,0.9032258064516129,-0.875366568914956,0.3343108504398827,SELL,0.3343108504398827,1.2096774193548387
EXPANSION_CHAIN,FALSE_BREAK,BO_CLUSTER,DOWN_LOCATION,FULL,DOWN,225,53.492227539022075,0.9491482544213055,5.408391884765569,0.7822222222222223,0.44,0.9022222222222223,-0.8755555555555556,0.3022222222222222,SELL,0.3022222222222222,1.1777777777777778
COMPRESSION_BUILDUP,FALSE_BREAK,BO_CLUSTER,MIXED_LOCATION,MIXED,UP,141,42.92509680913828,0.8252204208440546,4.45776530936246,0.46808510638297873,0.7021276595744681,0.574468085106383,0.28368794326241137,-0.801418439716312,BUY,0.28368794326241137,1.0851063829787233
EXPANSION_CHAIN,FALSE_BREAK,BO_CLUSTER,DOWN_LOCATION,MIXED,UP,184,56.726885803187415,0.9817952106725663,5.465207062119572,0.8695652173913043,0.3858695652173913,0.907608695652174,0.27717391304347827,-0.7989130434782609,BUY,0.27717391304347827,1.0760869565217392
EXPANSION_CHAIN,FALSE_BREAK,BO_CLUSTER,UP_LOCATION,FULL,UP,250,51.49439569831586,0.9125786169895596,5.073089977660599,0.852,0.424,0.924,0.276,-0.8240000000000001,BUY,0.276,1.1
NORMAL_SEQUENCE,FALSE_BREAK,MULTI_BO,DOWN_LOCATION,MIXED,UP,170,41.018831537947506,0.8751727407096214,4.626305686515878,0.8058823529411765,0.4470588235294118,0.888235294117647,0.2705882352941177,-0.8176470588235294,BUY,0.2705882352941177,1.0882352941176472
EXPANSION_CHAIN,FALSE_BREAK,BO_CLUSTER,MIXED_LOCATION,MIXED,UP,329,51.08358179508598,0.900964472542183,5.071629304183272,0.44376899696048633,0.7264437689969605,0.5167173252279635,0.25531914893617025,-0.7933130699088146,BUY,0.25531914893617025,1.0486322188449848
NORMAL_SEQUENCE,FALSE_BREAK,MULTI_BO,UP_LOCATION,MIXED,DOWN,288,39.03202689327882,0.8381431569310469,4.458446173316739,0.7430555555555556,0.4548611111111111,0.8819444444444444,-0.7847222222222222,0.25000000000000006,SELL,0.25000000000000006,1.0347222222222223
NORMAL_SEQUENCE,NONE,MULTI_BO,MIXED_LOCATION,MIXED,UP,154,35.346939822600625,0.7058948290825764,4.728970119289428,0.4090909090909091,0.7337662337662337,0.5714285714285714,0.24025974025974023,-0.7532467532467532,BUY,0.24025974025974023,0.9935064935064934
NORMAL_SEQUENCE,FALSE_BREAK,BO_CLUSTER,MIXED_LOCATION,MIXED,DOWN,1095,42.3208619308935,0.9029196215006638,4.825420766511942,0.42100456621004567,0.7561643835616438,0.5360730593607306,-0.7680365296803653,0.2365296803652968,SELL,0.2365296803652968,1.004566210045662
NORMAL_SEQUENCE,NONE,BO_CLUSTER,UP_LOCATION,FULL,UP,220,36.718771704715,0.7322008518457406,4.897685898519797,0.8136363636363636,0.45,0.8818181818181818,0.23181818181818176,-0.8136363636363637,BUY,0.23181818181818176,1.0454545454545454
UP_STREAK_EXTENDED,FALSE_BREAK,BO_CLUSTER,UP_LOCATION,FULL,UP,145,42.163956787619,0.8185400760631196,4.697773925514275,0.8344827586206897,0.43448275862068964,0.9379310344827586,0.22758620689655168,-0.7517241379310344,BUY,0.22758620689655168,0.9793103448275862
NORMAL_SEQUENCE,FALSE_BREAK,MULTI_BO,MIXED_LOCATION,MIXED,UP,379,40.20528809574442,0.8775761168945185,4.624307788203342,0.40897097625329815,0.7572559366754618,0.58311345646438,0.2269129287598945,-0.7097625329815304,BUY,0.2269129287598945,0.9366754617414248
COMPRESSION_BUILDUP,FALSE_BREAK,BO_CLUSTER,MIXED_LOCATION,MIXED,DOWN,125,44.58405829190191,0.8834717381845889,4.53834094018036,0.448,0.768,0.616,-0.776,0.22399999999999998,SELL,0.22399999999999998,1.0
NORMAL_SEQUENCE,FALSE_BREAK,BO_CLUSTER,DOWN_LOCATION,MIXED,UP,465,44.49527874204412,0.9179944741021855,4.906609337884687,0.7806451612903226,0.4645161290322581,0.9032258064516129,0.22150537634408607,-0.8365591397849463,BUY,0.22150537634408607,1.0580645161290323
BREAKOUT_AFTER_SWEEP,BREAKOUT,BO_CLUSTER,DOWN_LOCATION,MIXED,UP,589,51.28969498025563,1.0242111563560452,4.843505771489766,0.801358234295416,0.4770797962648557,0.9100169779286927,0.2139219015280136,-0.7843803056027165,BUY,0.2139219015280136,0.9983022071307301
NORMAL_SEQUENCE,NONE,BO_CLUSTER,MIXED_LOCATION,MIXED,UP,360,36.89083037602083,0.7326686296869112,4.900103647784893,0.48055555555555557,0.7194444444444444,0.575,0.21111111111111108,-0.7666666666666666,BUY,0.21111111111111108,0.9777777777777776
BREAKOUT_AFTER_SWEEP,BREAKOUT,BO_CLUSTER,UP_LOCATION,MIXED,DOWN,825,53.453470787156355,1.0769487448939066,4.660467933587026,0.7951515151515152,0.47878787878787876,0.9309090909090909,-0.8157575757575758,0.20969696969696977,SELL,0.20969696969696977,1.0254545454545456
NORMAL_SEQUENCE,NONE,BO_CLUSTER,DOWN_LOCATION,FULL,DOWN,169,36.92131765348426,0.745011395033715,4.991226862528467,0.7396449704142012,0.47337278106508873,0.893491124260355,-0.7159763313609467,0.2071005917159764,SELL,0.2071005917159764,0.9230769230769231
NORMAL_SEQUENCE,FALSE_BREAK,MULTI_BO,UP_LOCATION,FULL,UP,301,41.15864252769403,0.8801787105620558,4.477821636699606,0.8106312292358804,0.46179401993355484,0.9102990033222591,0.20598006644518269,-0.8073089700996678,BUY,0.20598006644518269,1.0132890365448506
NORMAL_SEQUENCE,FALSE_BREAK,BO_CLUSTER,MIXED_LOCATION,MIXED,UP,1063,42.891113116283,0.9087262220855918,4.79216328896017,0.44214487300094074,0.7572906867356538,0.5202257761053621,0.20225776105362187,-0.7892756349952963,BUY,0.20225776105362187,0.9915333960489181
NORMAL_SEQUENCE,FALSE_BREAK,BO_CLUSTER,UP_LOCATION,FULL,UP,631,42.12363829136802,0.874544584641577,4.676773031979399,0.7939778129952456,0.45166402535657685,0.9239302694136292,0.19175911251980982,-0.7876386687797148,BUY,0.19175911251980982,0.9793977812995246
BREAKOUT_AFTER_EXPANSION_CHAIN,BREAKOUT,BO_CLUSTER,UP_LOCATION,FULL,UP,669,63.53039622764574,1.1171381463574097,5.213090152700121,0.8550074738415545,0.45440956651718983,0.9372197309417041,0.18535127055306427,-0.7922272047832586,BUY,0.18535127055306427,0.9775784753363228
NORMAL_SEQUENCE,NONE,MULTI_BO,MIXED_LOCATION,MIXED,DOWN,152,33.71797935832569,0.6893764173808542,4.7043308934206065,0.40131578947368424,0.8026315789473685,0.5131578947368421,-0.6513157894736842,0.18421052631578944,SELL,0.18421052631578944,0.8355263157894737
BREAKOUT_AFTER_SWEEP,BREAKOUT,MULTI_BO,UP_LOCATION,MIXED,DOWN,151,50.17873962109102,1.0089247105253376,4.33561025656712,0.8013245033112583,0.5298013245033113,0.9271523178807947,-0.8145695364238411,0.17880794701986757,SELL,0.17880794701986757,0.9933774834437087
EXPANSION_CHAIN,FALSE_BREAK,BO_CLUSTER,UP_LOCATION,MIXED,DOWN,254,49.37417440886454,0.8626310065820033,4.865014594720624,0.7322834645669292,0.49606299212598426,0.8385826771653543,-0.7834645669291338,0.17322834645669288,SELL,0.17322834645669288,0.9566929133858266
BREAKOUT_AFTER_COMPRESSION,BREAKOUT,BO_CLUSTER,MIXED_LOCATION,MIXED,UP,139,54.78530211040118,1.086060616830675,4.551187950589104,0.4676258992805755,0.7338129496402878,0.6618705035971223,0.17266187050359716,-0.7553956834532374,BUY,0.17266187050359716,0.9280575539568345
BREAKOUT_AFTER_EXPANSION_CHAIN,BREAKOUT,BO_CLUSTER,DOWN_LOCATION,MIXED,UP,277,63.50556031037485,1.0433203381786593,5.507274358112531,0.8411552346570397,0.4368231046931408,0.8989169675090253,0.16967509025270755,-0.7870036101083032,BUY,0.16967509025270755,0.9566787003610108
BREAKOUT_AFTER_SWEEP,BREAKOUT,MULTI_BO,UP_LOCATION,FULL,UP,308,53.762929463616615,1.1111830763424149,4.527373567317684,0.7402597402597403,0.5,0.9318181818181818,0.16558441558441556,-0.737012987012987,BUY,0.16558441558441556,0.9025974025974026
NORMAL_SEQUENCE,FALSE_BREAK,MULTI_BO,DOWN_LOCATION,FULL,DOWN,250,40.956409158764835,0.9082853091730021,4.712448775943214,0.772,0.536,0.944,-0.776,0.15999999999999998,SELL,0.15999999999999998,0.9359999999999999
BREAKOUT_AFTER_EXPANSION_CHAIN,BREAKOUT,BO_CLUSTER,UP_LOCATION,MIXED,DOWN,334,59.23050640768603,1.0476058551818275,4.768576382126948,0.7694610778443114,0.47005988023952094,0.8532934131736527,-0.8053892215568862,0.1586826347305389,SELL,0.1586826347305389,0.9640718562874251
NORMAL_SEQUENCE,NONE,BO_CLUSTER,MIXED_LOCATION,MIXED,DOWN,377,37.92081176652322,0.7556096949819904,4.975124580529036,0.46684350132625996,0.7055702917771883,0.5543766578249337,-0.7108753315649867,0.1511936339522546,SELL,0.1511936339522546,0.8620689655172413
NORMAL_SEQUENCE,NONE,BO_CLUSTER,DOWN_LOCATION,MIXED,UP,153,37.63720347414635,0.7515908840849167,5.032059184271206,0.7516339869281046,0.5032679738562091,0.9281045751633987,0.15032679738562088,-0.7712418300653594,BUY,0.15032679738562088,0.9215686274509802
BREAKOUT_AFTER_EXPANSION_CHAIN,BREAKOUT,BO_CLUSTER,DOWN_LOCATION,FULL,DOWN,538,67.00397326148436,1.2156520288874504,5.257495127914472,0.7695167286245354,0.5390334572490706,0.9219330855018587,-0.7602230483271375,0.14312267657992567,SELL,0.14312267657992567,0.9033457249070631
NORMAL_SEQUENCE,NONE,BO_CLUSTER,UP_LOCATION,MIXED,DOWN,198,35.903192159916145,0.7049541120296788,4.815405915951734,0.7828282828282829,0.4898989898989899,0.9040404040404041,-0.8484848484848484,0.14141414141414138,SELL,0.14141414141414138,0.9898989898989898
NORMAL_SEQUENCE,FALSE_BREAK,MULTI_BO,MIXED_LOCATION,MIXED,DOWN,524,40.601394431273945,0.8819321814446295,4.544088633455643,0.4351145038167939,0.7729007633587787,0.5362595419847328,-0.765267175572519,0.13931297709923662,SELL,0.13931297709923662,0.9045801526717556
BREAKOUT_AFTER_SWEEP,BREAKOUT,MULTI_BO,MIXED_LOCATION,MIXED,DOWN,223,51.61343734295339,1.0532000332540712,4.314948768227949,0.4260089686098655,0.7937219730941704,0.6188340807174888,-0.6412556053811659,0.13452914798206272,SELL,0.13452914798206272,0.7757847533632286
NORMAL_SEQUENCE,FALSE_BREAK,BO_CLUSTER,DOWN_LOCATION,FULL,DOWN,553,44.16742149194216,0.9057836973821084,4.910561056055917,0.7359855334538878,0.5262206148282098,0.8987341772151899,-0.7703435804701627,0.13200723327305608,SELL,0.13200723327305608,0.9023508137432188
EXPANSION_CHAIN,FALSE_BREAK,MULTI_BO,MIXED_LOCATION,MIXED,UP,130,47.734605918073385,0.8589321048738635,4.771700901768422,0.47692307692307695,0.7,0.5076923076923077,0.12307692307692303,-0.6923076923076923,BUY,0.12307692307692303,0.8153846153846154
EXPANSION_CHAIN,FALSE_BREAK,BO_CLUSTER,MIXED_LOCATION,MIXED,DOWN,408,50.464777513972145,0.8962826838225172,5.007835225034915,0.3946078431372549,0.8014705882352942,0.48284313725490197,-0.7450980392156863,0.1225490196078432,SELL,0.1225490196078432,0.8676470588235294
BREAKOUT_AFTER_SWEEP,BREAKOUT,MULTI_BO,MIXED_LOCATION,MIXED,UP,219,50.19338241533116,1.0353344621989036,4.470534931539983,0.4337899543378995,0.7397260273972602,0.5570776255707762,0.1050228310502283,-0.6118721461187214,BUY,0.1050228310502283,0.7168949771689497
BREAKOUT_AFTER_SWEEP,BREAKOUT,BO_CLUSTER,STRONG_UP_LOCATION,MIXED,UP,517,51.09404667745489,0.9831234288143448,4.787648802000562,0.34622823984526113,0.9129593810444874,0.5203094777562862,-0.5957446808510638,0.0947775628626692,SELL,0.0947775628626692,0.690522243713733
BREAKOUT_AFTER_SWEEP,BREAKOUT,BO_CLUSTER,UP_LOCATION,FULL,UP,1932,55.61174050091152,1.1350526362525968,4.881295483622915,0.7820910973084886,0.5243271221532091,0.9032091097308489,0.0905797101449276,-0.7127329192546583,BUY,0.0905797101449276,0.8033126293995859
BREAKOUT_AFTER_COMPRESSION,BREAKOUT,BO_CLUSTER,UP_LOCATION,FULL,UP,252,58.725781372958146,1.1556356001560342,4.568386412580553,0.7261904761904762,0.5753968253968254,0.9444444444444444,0.08730158730158732,-0.7182539682539683,BUY,0.08730158730158732,0.8055555555555556
BREAKOUT_AFTER_SWEEP,BREAKOUT,MULTI_BO,DOWN_LOCATION,FULL,DOWN,286,55.357467910776705,1.165842483606388,4.631997576362099,0.7132867132867133,0.5769230769230769,0.8881118881118881,-0.5944055944055944,0.05244755244755239,SELL,0.05244755244755239,0.6468531468531468
BREAKOUT_AFTER_SWEEP,BREAKOUT,BO_CLUSTER,MIXED_LOCATION,MIXED,UP,1165,52.135960035063334,1.0494040257358384,4.814946922029692,0.47467811158798284,0.7579399141630901,0.5785407725321888,0.02832618025751077,-0.6266094420600858,BUY,0.02832618025751077,0.6549356223175966
NORMAL_SEQUENCE,NONE,MULTI_BO,UP_LOCATION,NONE,MIXED,205,30.896744941497673,0.6471137073195378,4.325054345967085,0.375609756097561,0.824390243902439,0.4975609756097561,-0.5170731707317073,0.014634146341463428,SELL,0.014634146341463428,0.5317073170731708
BREAKOUT_AFTER_SWEEP,BREAKOUT,BO_CLUSTER,DOWN_LOCATION,FULL,DOWN,1658,58.308836600411446,1.2287005107601212,5.045151439076527,0.7460796139927623,0.6055488540410132,0.9143546441495778,-0.6688781664656211,0.00965018094089265,SELL,0.00965018094089265,0.6785283474065138
BREAKOUT_AFTER_SWEEP,BREAKOUT,BO_CLUSTER,MIXED_LOCATION,MIXED,DOWN,1350,53.37248162980436,1.076682402475853,4.7372809734003765,0.4318518518518519,0.7933333333333333,0.5681481481481482,-0.6088888888888889,0.0044444444444444176,SELL,0.0044444444444444176,0.6133333333333333
BREAKOUT_AFTER_EXPANSION_CHAIN,BREAKOUT,BO_CLUSTER,STRONG_UP_LOCATION,MIXED,UP,253,59.124431264645565,0.9909735633664427,5.240761034520061,0.391304347826087,0.8814229249011858,0.4268774703557312,-0.4545454545454546,-0.003952569169960507,SELL,-0.003952569169960507,0.4505928853754941
BREAKOUT_AFTER_EXPANSION_CHAIN,BREAKOUT,BO_CLUSTER,MIXED_LOCATION,MIXED,UP,511,59.99880978390447,1.0384361745131356,4.9750657647611956,0.48336594911937375,0.6868884540117417,0.5362035225048923,-0.007827788649706457,-0.6634050880626223,BUY,-0.007827788649706457,0.6555772994129159
BREAKOUT_AFTER_EXPANSION_CHAIN,BREAKOUT,BO_CLUSTER,MIXED_LOCATION,MIXED,DOWN,477,60.18985722115143,1.066423468902336,5.066977609351871,0.3584905660377358,0.8113207547169812,0.45073375262054505,-0.5639412997903563,-0.008385744234800818,SELL,-0.008385744234800818,0.5555555555555556
BREAKOUT_AFTER_COMPRESSION,BREAKOUT,BO_CLUSTER,MIXED_LOCATION,MIXED,DOWN,185,56.46196564437896,1.1392472369960354,4.71753312039831,0.3621621621621622,0.8378378378378378,0.5567567567567567,-0.6378378378378378,-0.016216216216216217,SELL,-0.016216216216216217,0.6216216216216215
EXPANSION_CHAIN,FALSE_BREAK,MULTI_BO,UP_LOCATION,MIXED,UP,191,45.96554138628423,0.8191340524146933,4.6001588705365775,0.3769633507853403,0.806282722513089,0.4869109947643979,-0.020942408376963317,-0.5445026178010471,BUY,-0.020942408376963317,0.5235602094240839
NORMAL_SEQUENCE,NONE,BO_CLUSTER,STRONG_UP_LOCATION,NONE,MIXED,188,35.650116415888284,0.7037986152822782,4.834603265306153,0.5638297872340425,0.6223404255319149,0.75,-0.6382978723404255,-0.021276595744680882,SELL,-0.021276595744680882,0.6170212765957446
EXPANSION_CHAIN,FALSE_BREAK,MULTI_BO,UP_LOCATION,NONE,MIXED,166,46.36113258879462,0.8248715015643199,4.60044725030256,0.39156626506024095,0.8012048192771084,0.5421686746987951,-0.608433734939759,-0.03614457831325307,SELL,-0.03614457831325307,0.572289156626506
EXPANSION_CHAIN,FALSE_BREAK,BO_CLUSTER,STRONG_DOWN_LOCATION,NONE,MIXED,206,58.75454010597895,1.0001594563218659,6.23124000511214,0.6601941747572816,0.5728155339805825,0.7475728155339806,-0.03883495145631066,-0.674757281553398,BUY,-0.03883495145631066,0.6359223300970873
BREAKOUT_AFTER_SWEEP,BREAKOUT,BO_CLUSTER,STRONG_DOWN_LOCATION,MIXED,DOWN,354,53.62362312564585,1.0996435114527632,5.131149093666076,0.3389830508474576,0.9322033898305084,0.5056497175141242,-0.03954802259887008,-0.5282485875706214,BUY,-0.03954802259887008,0.48870056497175135
BREAKOUT_AFTER_EXPANSION_CHAIN,BREAKOUT,BO_CLUSTER,STRONG_DOWN_LOCATION,MIXED,DOWN,207,67.85600729090856,1.1554863152575172,5.964391320142432,0.2898550724637681,0.9323671497584541,0.4444444444444444,-0.048309178743961345,-0.5700483091787439,BUY,-0.048309178743961345,0.5217391304347826
EXPANSION_CHAIN,FALSE_BREAK,MULTI_BO,DOWN_LOCATION,NONE,MIXED,163,46.99863124658904,0.8570005047913045,4.962207750629909,0.3312883435582822,0.8343558282208589,0.48466257668711654,-0.04907975460122693,-0.5705521472392638,BUY,-0.04907975460122693,0.5214723926380369
EXPANSION_CHAIN,EXPANSION,BO_CLUSTER,UP_LOCATION,MIXED,UP,207,47.66345474945221,0.7553729101570361,5.246404909950365,0.357487922705314,0.8115942028985508,0.4492753623188406,-0.053140096618357446,-0.642512077294686,BUY,-0.053140096618357446,0.5893719806763285
EXPANSION_CHAIN,FALSE_BREAK,BO_CLUSTER,STRONG_UP_LOCATION,NONE,MIXED,294,54.685166060438846,0.9495194113625856,5.500158998263775,0.5612244897959183,0.6156462585034014,0.6802721088435374,-0.6054421768707483,-0.06122448979591838,SELL,-0.06122448979591838,0.5442176870748299
EXPANSION_CHAIN,EXPANSION,BO_CLUSTER,DOWN_LOCATION,MIXED,DOWN,184,53.22700906290819,0.8374787876225437,5.894750723783773,0.391304347826087,0.8369565217391305,0.5380434782608695,-0.5923913043478262,-0.06521739130434784,SELL,-0.06521739130434784,0.5271739130434783
NORMAL_SEQUENCE,FALSE_BREAK,MULTI_BO,UP_LOCATION,NONE,MIXED,605,38.49317304992441,0.825757276870045,4.426015719668304,0.37355371900826445,0.8396694214876033,0.5190082644628099,-0.5735537190082645,-0.06611570247933884,SELL,-0.06611570247933884,0.5074380165289256
NORMAL_SEQUENCE,NONE,BO_CLUSTER,UP_LOCATION,NONE,MIXED,552,35.80833146093945,0.7042065765472149,4.815856638774871,0.463768115942029,0.7807971014492754,0.592391304347826,-0.6068840579710144,-0.06884057971014496,SELL,-0.06884057971014496,0.5380434782608694
NORMAL_SEQUENCE,BREAKOUT,BO_CLUSTER,UP_LOCATION,FULL,UP,128,57.17370712591056,1.1647936856572898,5.133827491779368,0.7578125,0.5546875,0.8515625,-0.0703125,-0.7265625,BUY,-0.0703125,0.65625
COMPRESSION_BUILDUP,FALSE_BREAK,BO_CLUSTER,UP_LOCATION,MIXED,UP,146,43.5099199602497,0.8345982895515666,4.4279177776961305,0.3287671232876712,0.8356164383561644,0.4863013698630137,-0.07534246575342474,-0.5273972602739726,BUY,-0.07534246575342474,0.45205479452054786
EXPANSION_CHAIN,FALSE_BREAK,BO_CLUSTER,UP_LOCATION,MIXED,UP,556,49.819576547783946,0.8656077972712048,4.980748148636527,0.36151079136690645,0.8381294964028777,0.4352517985611511,-0.0773381294964029,-0.6187050359712231,BUY,-0.0773381294964029,0.5413669064748201
NORMAL_SEQUENCE,NONE,BO_CLUSTER,DOWN_LOCATION,NONE,MIXED,466,36.63175572145006,0.732952719257679,4.940036186816698,0.47639484978540775,0.7811158798283262,0.6502145922746781,-0.07939914163090134,-0.5901287553648069,BUY,-0.07939914163090134,0.5107296137339056
NORMAL_SEQUENCE,FALSE_BREAK,BO_CLUSTER,STRONG_UP_LOCATION,NONE,MIXED,531,43.75787921553905,0.8800359313637849,4.769649224185772,0.5386064030131826,0.5969868173258004,0.67984934086629,-0.6854990583804144,-0.08851224105461392,SELL,-0.08851224105461392,0.5969868173258004
EXPANSION_CHAIN,FALSE_BREAK,BO_CLUSTER,DOWN_LOCATION,NONE,MIXED,429,52.956642025941896,0.9091857790437247,5.332394578330254,0.41025641025641024,0.8321678321678322,0.5174825174825175,-0.09090909090909088,-0.6083916083916083,BUY,-0.09090909090909088,0.5174825174825175
NORMAL_SEQUENCE,FALSE_BREAK,MULTI_BO,DOWN_LOCATION,NONE,MIXED,491,40.78726365021269,0.8741610648552046,4.65678712836349,0.43584521384928715,0.8533604887983707,0.5926680244399185,-0.10386965376782076,-0.6130346232179226,BUY,-0.10386965376782076,0.5091649694501018
NORMAL_SEQUENCE,NONE,MULTI_BO,DOWN_LOCATION,MIXED,DOWN,190,31.729294744318864,0.6756123733288698,4.5787915742298715,0.4,0.8315789473684211,0.5473684210526316,-0.5894736842105263,-0.11578947368421055,SELL,-0.11578947368421055,0.4736842105263157
NORMAL_SEQUENCE,NONE,BO_CLUSTER,UP_LOCATION,MIXED,UP,518,35.576263126186454,0.7083916352600429,4.758851607361649,0.4034749034749035,0.8108108108108109,0.49613899613899615,-0.1177606177606178,-0.5501930501930502,BUY,-0.1177606177606178,0.4324324324324324
NORMAL_SEQUENCE,FALSE_BREAK,BO_CLUSTER,UP_LOCATION,NONE,MIXED,1543,41.61723415164151,0.8564196082768885,4.706687058122447,0.41801685029163965,0.8243681140635126,0.5437459494491251,-0.5735580038885288,-0.12443292287751134,SELL,-0.12443292287751134,0.4491250810110175
NORMAL_SEQUENCE,FALSE_BREAK,BO_CLUSTER,STRONG_DOWN_LOCATION,NONE,MIXED,353,47.64634243076965,0.9814583116972512,5.35078413853075,0.5977337110481586,0.6487252124645893,0.7762039660056658,-0.12747875354107652,-0.594900849858357,BUY,-0.12747875354107652,0.4674220963172805
NORMAL_SEQUENCE,FALSE_BREAK,BO_CLUSTER,UP_LOCATION,MIXED,UP,1583,41.315869258058775,0.8556789333356701,4.6860341730732,0.37397346809854703,0.8395451674036639,0.48704990524320907,-0.13834491471888816,-0.5135818066961466,BUY,-0.13834491471888816,0.37523689197725846
EXPANSION_CHAIN,FALSE_BREAK,BO_CLUSTER,DOWN_LOCATION,MIXED,DOWN,505,53.90262360648554,0.9357254372728496,5.358307980658607,0.3287128712871287,0.8475247524752475,0.4772277227722772,-0.4752475247524752,-0.1465346534653465,SELL,-0.1465346534653465,0.3287128712871287
BREAKOUT_AFTER_COMPRESSION,BREAKOUT,BO_CLUSTER,DOWN_LOCATION,FULL,DOWN,229,60.19571111228524,1.219219096713719,4.756666163340185,0.6069868995633187,0.6855895196506551,0.8820960698689956,-0.5982532751091703,-0.14847161572052398,SELL,-0.14847161572052398,0.4497816593886463
NORMAL_SEQUENCE,FALSE_BREAK,BO_CLUSTER,DOWN_LOCATION,NONE,MIXED,1211,43.76953659539471,0.9120135695302981,4.930095038566635,0.44921552436003304,0.805945499587118,0.5920726672171759,-0.16350123864574734,-0.509496284062758,BUY,-0.16350123864574734,0.3459950454170107
EXPANSION_CHAIN,FALSE_BREAK,BO_CLUSTER,UP_LOCATION,NONE,MIXED,544,48.627931343764104,0.8553958932702979,4.821595445632459,0.4007352941176471,0.8106617647058824,0.5128676470588235,-0.47610294117647056,-0.16360294117647056,SELL,-0.16360294117647056,0.3125
NORMAL_SEQUENCE,NONE,MULTI_BO,UP_LOCATION,MIXED,UP,195,32.518243508892624,0.6804706015411931,4.56491617551958,0.36923076923076925,0.8461538461538461,0.46153846153846156,-0.16410256410256413,-0.5282051282051282,BUY,-0.16410256410256413,0.3641025641025641
EXPANSION_CHAIN,FALSE_BREAK,BO_CLUSTER,STRONG_UP_LOCATION,FULL,UP,364,51.422144896187454,0.8875512025551614,5.1508647021445775,0.5714285714285714,0.6593406593406593,0.6840659340659341,-0.16758241758241754,-0.5989010989010989,BUY,-0.16758241758241754,0.43131868131868134
BREAKOUT_AFTER_COMPRESSION,BREAKOUT,BO_CLUSTER,UP_LOCATION,NONE,MIXED,136,51.22053860805894,0.9588672264293687,4.307031722392698,0.27205882352941174,0.8823529411764706,0.45588235294117646,-0.27941176470588236,-0.16911764705882348,SELL,-0.16911764705882348,0.11029411764705888
BREAKOUT_AFTER_SWEEP,BREAKOUT,BO_CLUSTER,UP_LOCATION,NONE,MIXED,1351,51.384541256262025,1.0232433286766243,4.721356097353446,0.28645447816432273,0.8993338267949667,0.4411547002220577,-0.4174685418208734,-0.17246484085862324,SELL,-0.17246484085862324,0.24500370096225016
NORMAL_SEQUENCE,FALSE_BREAK,MULTI_BO,DOWN_LOCATION,MIXED,DOWN,568,40.54211556360996,0.8718060926822461,4.594673667405055,0.34507042253521125,0.8556338028169014,0.5580985915492958,-0.46478873239436624,-0.17957746478873238,SELL,-0.17957746478873238,0.28521126760563387
NORMAL_SEQUENCE,NONE,BO_CLUSTER,DOWN_LOCATION,MIXED,DOWN,485,36.68047132285575,0.7331050753296863,4.931110578293419,0.3670103092783505,0.8474226804123711,0.511340206185567,-0.5505154639175258,-0.1855670103092784,SELL,-0.1855670103092784,0.3649484536082474
BREAKOUT_AFTER_SWEEP,BREAKOUT,BO_CLUSTER,DOWN_LOCATION,NONE,MIXED,1074,51.54525527805948,1.0320648941771238,4.9419845823417194,0.30353817504655495,0.8929236499068901,0.44227188081936686,-0.1908752327746741,-0.3761638733705773,BUY,-0.1908752327746741,0.18528864059590316
DOWN_STREAK_EXTENDED,FALSE_BREAK,BO_CLUSTER,STRONG_DOWN_LOCATION,FULL,DOWN,254,54.663717580992284,1.053883931637724,5.792534082673556,0.43700787401574803,0.7716535433070866,0.7086614173228346,-0.5472440944881889,-0.19291338582677164,SELL,-0.19291338582677164,0.35433070866141725
DOWN_STREAK_EXTENDED,BREAKOUT,BO_CLUSTER,STRONG_DOWN_LOCATION,FULL,DOWN,150,69.1491472157734,1.4675644503969836,5.97586448598034,0.4666666666666667,0.7733333333333333,0.72,-0.48000000000000004,-0.19333333333333336,SELL,-0.19333333333333336,0.2866666666666667
NORMAL_SEQUENCE,FALSE_BREAK,BO_CLUSTER,STRONG_DOWN_LOCATION,FULL,DOWN,532,45.675830907293886,0.9310336147469777,5.167329387301143,0.43609022556390975,0.7293233082706767,0.674812030075188,-0.48120300751879697,-0.19548872180451132,SELL,-0.19548872180451132,0.28571428571428564
NORMAL_SEQUENCE,FALSE_BREAK,BO_CLUSTER,DOWN_LOCATION,MIXED,DOWN,1277,42.51202491524905,0.8939223436187173,4.8541644850252395,0.32811276429130776,0.8676585747846516,0.49569303054032887,-0.4886452623335944,-0.19655442443226312,SELL,-0.19655442443226312,0.2920908379013313
EXPANSION_CHAIN,EXPANSION,BO_CLUSTER,UP_LOCATION,NONE,MIXED,205,47.4077313554549,0.7478555108603581,5.365312680262566,0.43902439024390244,0.7951219512195122,0.5024390243902439,-0.6390243902439025,-0.20487804878048776,SELL,-0.20487804878048776,0.4341463414634147
NORMAL_SEQUENCE,FALSE_BREAK,MULTI_BO,UP_LOCATION,MIXED,UP,622,38.82900530897435,0.8391286302250776,4.422522362732596,0.33762057877813506,0.8520900321543409,0.4807073954983923,-0.20739549839228294,-0.5530546623794212,BUY,-0.20739549839228294,0.3456591639871383
COMPRESSION_BUILDUP,FALSE_BREAK,BO_CLUSTER,UP_LOCATION,NONE,MIXED,144,43.38701868472054,0.8441131648391287,4.366412029361582,0.4375,0.7777777777777778,0.6041666666666666,-0.48611111111111116,-0.20833333333333337,SELL,-0.20833333333333337,0.2777777777777778
BREAKOUT_AFTER_SWEEP,BREAKOUT,MULTI_BO,UP_LOCATION,MIXED,UP,392,52.6424920279027,1.0710536666318753,4.52328423726793,0.30357142857142855,0.8928571428571429,0.46683673469387754,-0.45153061224489793,-0.20918367346938782,SELL,-0.20918367346938782,0.2423469387755101
NORMAL_SEQUENCE,NONE,MULTI_BO,DOWN_LOCATION,NONE,MIXED,180,33.77711845248909,0.706632035808777,4.812085759065102,0.4444444444444444,0.8166666666666667,0.5777777777777777,-0.21111111111111114,-0.4833333333333333,BUY,-0.21111111111111114,0.27222222222222214
BREAKOUT_AFTER_SWEEP,BREAKOUT,BO_CLUSTER,STRONG_DOWN_LOCATION,NONE,MIXED,324,49.71326080365119,0.9843099395594576,5.161139726871545,0.5339506172839507,0.6666666666666666,0.6450617283950617,-0.21604938271604934,-0.43827160493827166,BUY,-0.21604938271604934,0.22222222222222232
EXPANSION_CHAIN,EXPANSION,BO_CLUSTER,STRONG_DOWN_LOCATION,MIXED,DOWN,194,56.027761757699146,0.8579063643297042,6.3591863257937495,0.4587628865979381,0.7835051546391752,0.5773195876288659,-0.22164948453608246,-0.3608247422680412,BUY,-0.22164948453608246,0.1391752577319587
NORMAL_SEQUENCE,FALSE_BREAK,MULTI_BO,STRONG_UP_LOCATION,NONE,MIXED,172,39.77893487669965,0.815580696378996,4.405997511938565,0.48255813953488375,0.7093023255813954,0.6744186046511628,-0.5058139534883721,-0.2267441860465116,SELL,-0.2267441860465116,0.2790697674418605
BREAKOUT_AFTER_SWEEP,BREAKOUT,MULTI_BO,MIXED_LOCATION,NONE,MIXED,361,52.114404683770516,1.0698811519485667,4.634199819216356,0.13019390581717452,0.96398891966759,0.26869806094182824,-0.4293628808864266,-0.22991689750692518,SELL,-0.22991689750692518,0.19944598337950142
COMPRESSION_BUILDUP,FALSE_BREAK,BO_CLUSTER,MIXED_LOCATION,NONE,MIXED,126,46.696294280395776,0.9202166818479361,4.532547251520673,0.2619047619047619,0.9285714285714286,0.4603174603174603,-0.23015873015873017,-0.4603174603174603,BUY,-0.23015873015873017,0.23015873015873012
EXPANSION_CHAIN,EXPANSION,BO_CLUSTER,DOWN_LOCATION,NONE,MIXED,152,50.32661215182499,0.7844122202370869,5.649505670188264,0.45394736842105265,0.7697368421052632,0.5460526315789473,-0.2302631578947369,-0.506578947368421,BUY,-0.2302631578947369,0.2763157894736841
BREAKOUT_AFTER_EXPANSION_CHAIN,BREAKOUT,BO_CLUSTER,DOWN_LOCATION,MIXED,DOWN,722,66.63852347039835,1.2017447082431931,5.397448275375753,0.2548476454293629,0.9058171745152355,0.42382271468144045,-0.23130193905817176,-0.42936288088642666,BUY,-0.23130193905817176,0.1980609418282549
NORMAL_SEQUENCE,FALSE_BREAK,MULTI_BO,STRONG_DOWN_LOCATION,FULL,DOWN,199,43.89698745657054,0.9165885501708063,4.7675206104615375,0.5276381909547738,0.7487437185929648,0.6934673366834171,-0.592964824120603,-0.23618090452261303,SELL,-0.23618090452261303,0.35678391959799
NORMAL_SEQUENCE,BREAKOUT,BO_CLUSTER,DOWN_LOCATION,MIXED,DOWN,162,56.993727730691866,1.1653875567568597,5.21753177368912,0.29012345679012347,0.8209876543209876,0.5123456790123457,-0.26543209876543206,-0.2407407407407408,SELL,-0.2407407407407408,0.024691358024691246
NORMAL_SEQUENCE,FALSE_BREAK,MULTI_BO,STRONG_UP_LOCATION,MIXED,UP,355,39.57053861537803,0.8189874508552412,4.627039887055312,0.4253521126760563,0.8507042253521127,0.571830985915493,-0.24225352112676052,-0.41126760563380277,BUY,-0.24225352112676052,0.16901408450704225
BREAKOUT_AFTER_SWEEP,BREAKOUT,BO_CLUSTER,MIXED_LOCATION,NONE,MIXED,1911,56.57316713234807,1.170336975432494,4.985964795877379,0.13448456305599163,0.9686028257456829,0.2804814233385662,-0.34118262689691264,-0.24960753532182106,SELL,-0.24960753532182106,0.09157509157509158
NORMAL_SEQUENCE,NONE,BO_CLUSTER,STRONG_UP_LOCATION,FULL,UP,232,36.09652521411507,0.691187343486017,4.768347873985681,0.5517241379310345,0.6508620689655172,0.6422413793103449,-0.25,-0.5775862068965517,BUY,-0.25,0.3275862068965517
EXPANSION_CHAIN,FALSE_BREAK,MULTI_BO,DOWN_LOCATION,MIXED,DOWN,152,49.95581734237277,0.8897063783976917,5.120128268244938,0.34210526315789475,0.8421052631578947,0.4407894736842105,-0.4407894736842105,-0.25000000000000006,SELL,-0.25000000000000006,0.19078947368421045
EXPANSION_CHAIN,FALSE_BREAK,BO_CLUSTER,STRONG_DOWN_LOCATION,FULL,DOWN,275,59.37476207185754,1.018274969716776,5.851066656265171,0.46545454545454545,0.730909090909091,0.6545454545454545,-0.6072727272727272,-0.2509090909090909,SELL,-0.2509090909090909,0.35636363636363627
NORMAL_SEQUENCE,NONE,MULTI_BO,MIXED_LOCATION,NONE,MIXED,207,33.99664779175747,0.690387482684003,4.6187362497980855,0.28502415458937197,0.8888888888888888,0.4251207729468599,-0.251207729468599,-0.36231884057971014,BUY,-0.251207729468599,0.11111111111111116
BREAKOUT_AFTER_SWEEP,BREAKOUT,BO_CLUSTER,STRONG_UP_LOCATION,NONE,MIXED,520,50.0460434814936,0.9785809708163415,4.647141683513763,0.47307692307692306,0.7365384615384616,0.6403846153846153,-0.5346153846153846,-0.25192307692307697,SELL,-0.25192307692307697,0.28269230769230763
BREAKOUT_AFTER_EXPANSION_CHAIN,BREAKOUT,BO_CLUSTER,UP_LOCATION,MIXED,UP,957,62.11964293192418,1.0677723160252481,5.02231773312251,0.3542319749216301,0.8223615464994776,0.40856844305120166,-0.45141065830721,-0.258098223615465,SELL,-0.258098223615465,0.19331243469174503
NORMAL_SEQUENCE,NONE,BO_CLUSTER,STRONG_UP_LOCATION,MIXED,UP,470,35.995115327658816,0.7006169272533771,4.878409733459563,0.4531914893617021,0.7851063829787234,0.625531914893617,-0.40638297872340423,-0.2595744680851063,SELL,-0.2595744680851063,0.14680851063829792
NORMAL_SEQUENCE,FALSE_BREAK,MULTI_BO,STRONG_UP_LOCATION,FULL,UP,249,41.20115856762945,0.8406887302627013,4.626701167267143,0.5381526104417671,0.6827309236947792,0.642570281124498,-0.2610441767068273,-0.5622489959839357,BUY,-0.2610441767068273,0.30120481927710846
BREAKOUT_AFTER_SWEEP,BREAKOUT,MULTI_BO,DOWN_LOCATION,MIXED,DOWN,352,56.21023872965847,1.1857318760400568,4.679864447502204,0.2727272727272727,0.8948863636363636,0.5227272727272727,-0.26136363636363635,-0.42897727272727276,BUY,-0.26136363636363635,0.1676136363636364
NORMAL_SEQUENCE,FALSE_BREAK,BO_CLUSTER,STRONG_UP_LOCATION,FULL,UP,700,43.06391262705143,0.8844135005234255,4.866824244288389,0.5514285714285714,0.6814285714285714,0.6657142857142857,-0.26285714285714284,-0.5242857142857142,BUY,-0.26285714285714284,0.2614285714285714
BREAKOUT_AFTER_COMPRESSION,BREAKOUT,BO_CLUSTER,MIXED_LOCATION,NONE,MIXED,254,56.309962942359284,1.1159150233339483,4.671844906965556,0.15354330708661418,0.9645669291338582,0.35826771653543305,-0.38582677165354334,-0.26377952755905515,SELL,-0.26377952755905515,0.1220472440944882
BREAKOUT_AFTER_EXPANSION_CHAIN,BREAKOUT,BO_CLUSTER,UP_LOCATION,NONE,MIXED,532,61.710666893019656,1.0573493083930152,5.119603105738343,0.2650375939849624,0.8909774436090225,0.34962406015037595,-0.34962406015037595,-0.2669172932330827,SELL,-0.2669172932330827,0.08270676691729323
BREAKOUT_AFTER_SWEEP,BREAKOUT,BO_CLUSTER,UP_LOCATION,MIXED,UP,2609,54.217236317305975,1.0972468513848563,4.8506660817724825,0.318512840168647,0.8420850900728248,0.4668455346876198,-0.4097355308547336,-0.2671521655806822,SELL,-0.2671521655806822,0.14258336527405135
NORMAL_SEQUENCE,BREAKOUT,BO_CLUSTER,MIXED_LOCATION,NONE,MIXED,142,57.26157537278985,1.1318403144835183,5.425321655386691,0.16901408450704225,0.9507042253521126,0.34507042253521125,-0.3732394366197183,-0.26760563380281693,SELL,-0.26760563380281693,0.10563380281690138
BREAKOUT_AFTER_COMPRESSION,BREAKOUT,BO_CLUSTER,UP_LOCATION,MIXED,UP,293,57.79976344526794,1.136274274083207,4.736113258223665,0.3583617747440273,0.8395904436860068,0.5631399317406144,-0.42320819112627983,-0.26962457337883955,SELL,-0.26962457337883955,0.15358361774744028
NORMAL_SEQUENCE,FALSE_BREAK,MULTI_BO,MIXED_LOCATION,NONE,MIXED,542,40.90383921685055,0.8751227575489992,4.513008978010044,0.24538745387453875,0.9022140221402214,0.42066420664206644,-0.45202952029520294,-0.27121771217712176,SELL,-0.27121771217712176,0.18081180811808117
BREAKOUT_AFTER_SWEEP,BREAKOUT,BO_CLUSTER,STRONG_UP_LOCATION,FULL,UP,3157,57.880828096112964,1.1710192253381813,5.0233239605826725,0.5350015837820716,0.7215711118150142,0.660437123851758,-0.2733607855559075,-0.4447260057016155,BUY,-0.2733607855559075,0.17136522014570804
DOWN_STREAK_EXTENDED,FALSE_BREAK,BO_CLUSTER,DOWN_LOCATION,MIXED,DOWN,135,47.97630107085434,0.9625559111440688,5.2962279477473375,0.34074074074074073,0.8888888888888888,0.5481481481481482,-0.2740740740740741,-0.6,BUY,-0.2740740740740741,0.3259259259259259
EXPANSION_CHAIN,FALSE_BREAK,MULTI_BO,STRONG_UP_LOCATION,MIXED,UP,142,45.77331483708705,0.8012647715634421,5.041595672420659,0.4154929577464789,0.852112676056338,0.528169014084507,-0.2746478873239437,-0.46478873239436624,BUY,-0.2746478873239437,0.19014084507042256
EXPANSION_CHAIN,FALSE_BREAK,BO_CLUSTER,STRONG_UP_LOCATION,MIXED,UP,648,51.76227817993309,0.8854170921415092,5.335313662291162,0.4305555555555556,0.8040123456790124,0.5478395061728395,-0.28395061728395066,-0.2762345679012346,SELL,-0.2762345679012346,0.007716049382716084
BREAKOUT_AFTER_COMPRESSION,BREAKOUT,BO_CLUSTER,DOWN_LOCATION,MIXED,DOWN,293,58.56150540786328,1.1815199341872058,4.809763839335727,0.3515358361774744,0.8839590443686007,0.5460750853242321,-0.2764505119453925,-0.4061433447098976,BUY,-0.2764505119453925,0.1296928327645051
BREAKOUT_AFTER_COMPRESSION,BREAKOUT,BO_CLUSTER,STRONG_UP_LOCATION,FULL,UP,326,61.65428803336523,1.218846377795247,4.883697182575372,0.5184049079754601,0.7331288343558282,0.7085889570552147,-0.2791411042944785,-0.4386503067484662,BUY,-0.2791411042944785,0.1595092024539877
BREAKOUT_AFTER_SWEEP,BREAKOUT,MULTI_BO,STRONG_UP_LOCATION,FULL,UP,433,57.06458034324654,1.2274756961171018,4.796144434199641,0.5103926096997691,0.7020785219399538,0.6351039260969977,-0.279445727482679,-0.4595842956120093,BUY,-0.279445727482679,0.18013856812933032
BREAKOUT_AFTER_SWEEP,BREAKOUT,BO_CLUSTER,DOWN_LOCATION,MIXED,DOWN,2196,57.9346817021157,1.1946155674840295,5.029839877545995,0.30327868852459017,0.8779599271402551,0.4913479052823315,-0.2809653916211293,-0.43351548269581053,BUY,-0.2809653916211293,0.1525500910746812
BREAKOUT_AFTER_EXPANSION_CHAIN,BREAKOUT,BO_CLUSTER,STRONG_UP_LOCATION,NONE,MIXED,295,61.75814120934109,1.0465396571586294,5.249760936245509,0.5152542372881356,0.7322033898305085,0.6474576271186441,-0.5016949152542373,-0.28135593220338984,SELL,-0.28135593220338984,0.22033898305084743
UP_STREAK_EXTENDED,BREAKOUT,BO_CLUSTER,STRONG_UP_LOCATION,FULL,UP,283,61.6374734467428,1.1637156170747915,5.354789876223321,0.5547703180212014,0.7279151943462897,0.6784452296819788,-0.28621908127208484,-0.45936395759717313,BUY,-0.28621908127208484,0.1731448763250883
UP_STREAK_EXTENDED,FALSE_BREAK,BO_CLUSTER,STRONG_UP_LOCATION,FULL,UP,348,43.95074702964564,0.8161680009083198,4.9432748709994865,0.5431034482758621,0.6982758620689655,0.6609195402298851,-0.29022988505747127,-0.5344827586206896,BUY,-0.29022988505747127,0.24425287356321834
BREAKOUT_AFTER_EXPANSION_CHAIN,BREAKOUT,BO_CLUSTER,MIXED_LOCATION,NONE,MIXED,701,63.387531588634026,1.1070643266458646,5.2876474281798105,0.1326676176890157,0.948644793152639,0.21968616262482168,-0.36233951497860206,-0.2924393723252497,SELL,-0.2924393723252497,0.06990014265335237
NORMAL_SEQUENCE,NONE,BO_CLUSTER,MIXED_LOCATION,NONE,MIXED,420,34.547818453759,0.7048990945145265,4.778486039046153,0.28095238095238095,0.8785714285714286,0.44285714285714284,-0.2928571428571428,-0.3714285714285715,BUY,-0.2928571428571428,0.07857142857142868
BREAKOUT_AFTER_EXPANSION_CHAIN,BREAKOUT,BO_CLUSTER,DOWN_LOCATION,NONE,MIXED,505,62.148927984789104,1.0576081290247414,5.579801824236183,0.33861386138613864,0.8435643564356435,0.3821782178217822,-0.2950495049504951,-0.3623762376237624,BUY,-0.2950495049504951,0.06732673267326733
NORMAL_SEQUENCE,BREAKOUT,BO_CLUSTER,UP_LOCATION,MIXED,UP,205,54.48396997503441,1.0420191792373488,5.021123637779173,0.35609756097560974,0.8195121951219512,0.5219512195121951,-0.3707317073170732,-0.2975609756097561,SELL,-0.2975609756097561,0.07317073170731714
NORMAL_SEQUENCE,NONE,BO_CLUSTER,STRONG_DOWN_LOCATION,FULL,DOWN,174,36.88261451276852,0.7245461421442096,4.880863628505817,0.46551724137931033,0.7988505747126436,0.6724137931034483,-0.5172413793103449,-0.2988505747126437,SELL,-0.2988505747126437,0.21839080459770116
NORMAL_SEQUENCE,FALSE_BREAK,MULTI_BO,STRONG_DOWN_LOCATION,MIXED,DOWN,214,41.57960519462615,0.8888054774463856,4.7446542698535765,0.4158878504672897,0.8457943925233645,0.5420560747663551,-0.3037383177570094,-0.3271028037383178,BUY,-0.3037383177570094,0.023364485981308414
NORMAL_SEQUENCE,BREAKOUT,BO_CLUSTER,STRONG_UP_LOCATION,FULL,UP,200,58.15734848163409,1.13658696836064,5.370739089853382,0.53,0.745,0.635,-0.305,-0.485,BUY,-0.305,0.18
BREAKOUT_AFTER_COMPRESSION,BREAKOUT,BO_CLUSTER,STRONG_DOWN_LOCATION,FULL,DOWN,205,64.70725704967855,1.4615488054887908,5.250776951782294,0.4926829268292683,0.7853658536585366,0.6682926829268293,-0.4390243902439024,-0.3073170731707317,SELL,-0.3073170731707317,0.13170731707317068
BREAKOUT_AFTER_SWEEP,BREAKOUT,MULTI_BO,DOWN_LOCATION,NONE,MIXED,167,49.751684152180054,1.0070766940792675,4.596899950947818,0.2754491017964072,0.9401197604790419,0.437125748502994,-0.32335329341317365,-0.3113772455089821,SELL,-0.3113772455089821,0.011976047904191545
BREAKOUT_AFTER_EXPANSION_CHAIN,BREAKOUT,BO_CLUSTER,STRONG_UP_LOCATION,FULL,UP,1645,66.77509605223352,1.192762001501905,5.479373070780817,0.5367781155015198,0.7246200607902735,0.6577507598784195,-0.3227963525835867,-0.4644376899696048,BUY,-0.3227963525835867,0.14164133738601814
UP_STREAK_EXTENDED,FALSE_BREAK,BO_CLUSTER,UP_LOCATION,MIXED,UP,204,42.318410250621,0.8153230738010082,4.824215287081021,0.3627450980392157,0.8382352941176471,0.5245098039215687,-0.5147058823529412,-0.3235294117647059,SELL,-0.3235294117647059,0.19117647058823534
BREAKOUT_AFTER_SWEEP,BREAKOUT,MULTI_BO,UP_LOCATION,NONE,MIXED,185,49.211633420096476,0.994847057892642,4.448032132046319,0.31891891891891894,0.8972972972972973,0.4756756756756757,-0.36756756756756753,-0.3243243243243243,SELL,-0.3243243243243243,0.043243243243243246
BREAKOUT_AFTER_SWEEP,BREAKOUT,MULTI_BO,STRONG_DOWN_LOCATION,FULL,DOWN,304,60.42428535985097,1.2855611752052756,5.088716977870662,0.4769736842105263,0.7664473684210527,0.7006578947368421,-0.3486842105263158,-0.32565789473684215,SELL,-0.32565789473684215,0.023026315789473673
NORMAL_SEQUENCE,FALSE_BREAK,BO_CLUSTER,MIXED_LOCATION,NONE,MIXED,1192,42.337778656749144,0.8956560487031686,4.7653268138079365,0.2625838926174497,0.9035234899328859,0.44211409395973156,-0.3338926174496645,-0.33137583892617456,SELL,-0.33137583892617456,0.0025167785234899154
BREAKOUT_AFTER_EXPANSION_CHAIN,BREAKOUT,BO_CLUSTER,STRONG_DOWN_LOCATION,NONE,MIXED,250,67.0061525520945,1.1205988286491944,6.403480357920603,0.524,0.736,0.62,-0.332,-0.40399999999999997,BUY,-0.332,0.07199999999999995
NORMAL_SEQUENCE,FALSE_BREAK,BO_CLUSTER,STRONG_DOWN_LOCATION,MIXED,DOWN,826,45.927848452898665,0.9382678694828112,5.234383685761809,0.48184019370460046,0.8062953995157385,0.6246973365617433,-0.3535108958837772,-0.3353510895883777,SELL,-0.3353510895883777,0.018159806295399483
BREAKOUT_AFTER_SWEEP,BREAKOUT,BO_CLUSTER,STRONG_DOWN_LOCATION,FULL,DOWN,2262,62.545558133893294,1.339974702603482,5.388957922185008,0.4880636604774536,0.78868258178603,0.6772767462422635,-0.41865605658709104,-0.3364279398762158,SELL,-0.3364279398762158,0.08222811671087527
NORMAL_SEQUENCE,FALSE_BREAK,BO_CLUSTER,STRONG_UP_LOCATION,MIXED,UP,1162,41.29089536072407,0.8375398201615706,4.8162368952038515,0.45180722891566266,0.8209982788296041,0.5490533562822719,-0.3373493975903614,-0.37521514629948366,BUY,-0.3373493975903614,0.03786574870912224
BREAKOUT_AFTER_EXPANSION_CHAIN,BREAKOUT,BO_CLUSTER,STRONG_DOWN_LOCATION,FULL,DOWN,1171,74.4135800249416,1.4549076668359961,6.092160248077143,0.45345858240819814,0.7916310845431256,0.6515798462852262,-0.38001707941929974,-0.33988044406490175,SELL,-0.33988044406490175,0.04013663535439799
EXPANSION_CHAIN,FALSE_BREAK,BO_CLUSTER,STRONG_DOWN_LOCATION,MIXED,DOWN,433,57.69581402373533,0.9773716813440158,6.053906767140964,0.42032332563510394,0.8267898383371824,0.5519630484988453,-0.34642032332563516,-0.3464203233256351,SELL,-0.3464203233256351,5.551115123125783e-17
EXPANSION_CHAIN,FALSE_BREAK,BO_CLUSTER,MIXED_LOCATION,NONE,MIXED,417,51.625098530450366,0.8958553250243295,5.104936135024244,0.24700239808153476,0.8992805755395683,0.3908872901678657,-0.3501199040767386,-0.3836930455635491,BUY,-0.3501199040767386,0.03357314148681051
NORMAL_SEQUENCE,NONE,MULTI_BO,STRONG_UP_LOCATION,MIXED,UP,138,33.201745401811834,0.6516112202875487,4.5487104967948975,0.5,0.7753623188405797,0.5652173913043478,-0.4202898550724638,-0.3550724637681159,SELL,-0.3550724637681159,0.0652173913043479
EXPANSION_CHAIN,EXPANSION,BO_CLUSTER,MIXED_LOCATION,NONE,MIXED,136,46.83139468889552,0.7415305519407154,5.12614476053413,0.3014705882352941,0.8823529411764706,0.4117647058823529,-0.3602941176470588,-0.4117647058823529,BUY,-0.3602941176470588,0.0514705882352941
EXPANSION_CHAIN,EXPANSION,BO_CLUSTER,STRONG_UP_LOCATION,MIXED,UP,227,48.81258255061377,0.7566514285524004,5.447258147273085,0.44493392070484583,0.8325991189427313,0.5550660792951542,-0.36563876651982374,-0.4361233480176212,BUY,-0.36563876651982374,0.07048458149779746
NORMAL_SEQUENCE,NONE,BO_CLUSTER,STRONG_DOWN_LOCATION,MIXED,DOWN,300,39.39261342002085,0.7694620199173154,5.1475682283562625,0.4766666666666667,0.8166666666666667,0.5866666666666667,-0.37,-0.42,BUY,-0.37,0.04999999999999999
NORMAL_SEQUENCE,BREAKOUT,BO_CLUSTER,STRONG_DOWN_LOCATION,FULL,DOWN,151,60.64098839514232,1.2876999885117622,5.368489016620394,0.4503311258278146,0.8079470198675497,0.6357615894039735,-0.37086092715231783,-0.48344370860927155,BUY,-0.37086092715231783,0.11258278145695372
COMPRESSION_BUILDUP,FALSE_BREAK,BO_CLUSTER,DOWN_LOCATION,MIXED,DOWN,153,45.50948400955671,0.8792295775227666,4.648281255012009,0.3137254901960784,0.9150326797385621,0.5620915032679739,-0.4575163398692811,-0.3725490196078431,SELL,-0.3725490196078431,0.084967320261438
BREAKOUT_AFTER_EXPANSION_CHAIN,BREAKOUT,MULTI_BO,STRONG_UP_LOCATION,FULL,UP,156,62.4883427893752,1.0991338275263542,4.851376285030663,0.5705128205128205,0.7051282051282052,0.6153846153846154,-0.38461538461538464,-0.4615384615384615,BUY,-0.38461538461538464,0.07692307692307687
EXPANSION_CHAIN,FALSE_BREAK,MULTI_BO,MIXED_LOCATION,NONE,MIXED,153,48.32660226498748,0.8358271022434366,4.888401739777728,0.3006535947712418,0.9019607843137255,0.35294117647058826,-0.4444444444444445,-0.4248366013071896,SELL,-0.4248366013071896,0.019607843137254888
