breakout_location_alignment,htf_location_bias,anchor_market_state,energy_bucket,mtf_alignment_bucket,mtf_bias,bars,avg_energy,avg_range_atr,continuation_h6,pullback_0p50_h6,reach_1atr_h12,buy_edge,sell_edge,best_side,best_edge,edge_gap
NO_BREAKOUT,MIXED_LOCATION,SWEEP_OR_FALSE_BREAK,LOW,FULL,DOWN,332,30.21586464390526,0.6975935963899154,0.9397590361445783,0.2289156626506024,0.9879518072289156,-0.9457831325301205,0.6506024096385542,SELL,0.6506024096385542,1.5963855421686746
NO_BREAKOUT,MIXED_LOCATION,SWEEP_OR_FALSE_BREAK,LOW,FULL,UP,311,31.029619952484524,0.7117696986878427,0.9453376205787781,0.2733118971061093,1.0,0.5498392282958199,-0.9485530546623795,BUY,0.5498392282958199,1.4983922829581995
BREAKOUT_WITH_HTF_DOWN,DOWN_LOCATION,NORMAL_FLOW,MEDIUM,NONE,MIXED,142,49.5506098463512,0.9348986808661899,0.1619718309859155,1.0,0.2676056338028169,0.5492957746478873,-0.9577464788732395,BUY,0.5492957746478873,1.5070422535211268
BREAKOUT_WITH_HTF_UP,UP_LOCATION,NORMAL_FLOW,MEDIUM,NONE,MIXED,190,49.54999588962668,0.8961856879631814,0.18421052631578946,0.9789473684210527,0.24210526315789474,-0.9105263157894736,0.5105263157894737,SELL,0.5105263157894737,1.4210526315789473
BREAKOUT_MIXED_HTF,MIXED_LOCATION,NORMAL_FLOW,MEDIUM,FULL,UP,322,50.13148801676916,0.9554920136415241,0.9658385093167702,0.2732919254658385,0.9906832298136646,0.5093167701863355,-0.9192546583850932,BUY,0.5093167701863355,1.4285714285714288
BREAKOUT_MIXED_HTF,MIXED_LOCATION,NORMAL_FLOW,MEDIUM,FULL,DOWN,293,50.101745904589194,0.9505792063623363,0.9522184300341296,0.30716723549488056,0.9965870307167235,-0.9180887372013651,0.49829351535836175,SELL,0.49829351535836175,1.416382252559727
BREAKOUT_MIXED_HTF,MIXED_LOCATION,NORMAL_FLOW,HIGH,FULL,DOWN,205,67.0705989847647,1.2811413090268324,0.9512195121951219,0.3073170731707317,1.0,-0.9121951219512194,0.4975609756097561,SELL,0.4975609756097561,1.4097560975609755
BREAKOUT_MIXED_HTF,MIXED_LOCATION,NORMAL_FLOW,LOW,FULL,UP,171,32.80202244560992,0.7514742136212406,0.9532163742690059,0.28654970760233917,0.9883040935672515,0.47368421052631576,-0.8888888888888888,BUY,0.47368421052631576,1.3625730994152045
NO_BREAKOUT,MIXED_LOCATION,SWEEP_OR_FALSE_BREAK,MEDIUM,FULL,UP,330,49.63579831093271,0.9567690572462656,0.9696969696969697,0.3181818181818182,0.996969696969697,0.4727272727272727,-0.903030303030303,BUY,0.4727272727272727,1.3757575757575757
NO_BREAKOUT,MIXED_LOCATION,SWEEP_OR_FALSE_BREAK,MEDIUM,FULL,DOWN,423,49.74654265431543,0.9383735439618148,0.9148936170212766,0.32387706855791965,0.9952718676122931,-0.9408983451536642,0.46572104018912536,SELL,0.46572104018912536,1.4066193853427895
NO_BREAKOUT,MIXED_LOCATION,SWEEP_OR_FALSE_BREAK,HIGH,FULL,UP,167,67.99712432618577,1.2609281911670205,0.9520958083832335,0.32335329341317365,1.0,0.45508982035928147,-0.9161676646706587,BUY,0.45508982035928147,1.3712574850299402
NO_BREAKOUT,MIXED_LOCATION,COMPRESSION,LOW,MIXED,UP,156,29.584855886637772,0.6288754066848515,0.4423076923076923,0.6730769230769231,0.5512820512820513,0.44871794871794873,-0.8653846153846154,BUY,0.44871794871794873,1.314102564102564
BREAKOUT_MIXED_HTF,MIXED_LOCATION,NORMAL_FLOW,HIGH,FULL,UP,168,67.49659085657666,1.2704358817854107,0.9523809523809523,0.3273809523809524,1.0,0.43452380952380953,-0.8452380952380952,BUY,0.43452380952380953,1.2797619047619047
BREAKOUT_MIXED_HTF,MIXED_LOCATION,NORMAL_FLOW,LOW,FULL,DOWN,169,33.04937976213133,0.7528831270491567,0.9349112426035503,0.3254437869822485,0.9881656804733728,-0.9230769230769231,0.4319526627218935,SELL,0.4319526627218935,1.3550295857988166
BREAKOUT_WITH_HTF_UP,STRONG_UP_LOCATION,NORMAL_FLOW,MEDIUM,MIXED,UP,156,49.130055463092745,0.8929023931851594,0.33974358974358976,0.9615384615384616,0.40384615384615385,-0.9038461538461539,0.4294871794871795,SELL,0.4294871794871795,1.3333333333333335
BREAKOUT_MIXED_HTF,MIXED_LOCATION,ACCEPTED_BREAKOUT,HIGH,FULL,UP,144,71.72930123764411,1.3977042940714979,0.9513888888888888,0.3888888888888889,1.0,0.3819444444444444,-0.8888888888888888,BUY,0.3819444444444444,1.2708333333333333
NO_BREAKOUT,MIXED_LOCATION,NORMAL_FLOW,MEDIUM,FULL,DOWN,124,48.87643352020762,0.8323220009263149,0.8951612903225806,0.4112903225806452,0.9758064516129032,-0.9193548387096775,0.37903225806451607,SELL,0.37903225806451607,1.2983870967741935
NO_BREAKOUT,UP_LOCATION,SWEEP_OR_FALSE_BREAK,MEDIUM,MIXED,DOWN,464,49.2447166706801,0.91054985497028,0.7737068965517241,0.41163793103448276,0.9116379310344828,-0.8275862068965517,0.36853448275862066,SELL,0.36853448275862066,1.1961206896551724
NO_BREAKOUT,MIXED_LOCATION,SWEEP_OR_FALSE_BREAK,HIGH,FULL,DOWN,177,68.37110825763187,1.3200069788410416,0.9265536723163842,0.3728813559322034,0.9943502824858758,-0.8644067796610169,0.3333333333333333,SELL,0.3333333333333333,1.1977401129943501
NO_BREAKOUT,UP_LOCATION,SWEEP_OR_FALSE_BREAK,HIGH,MIXED,DOWN,178,67.23285578126952,1.2498685499218933,0.7528089887640449,0.4887640449438202,0.9269662921348315,-0.8595505617977528,0.3146067415730337,SELL,0.3146067415730337,1.1741573033707864
NO_BREAKOUT,DOWN_LOCATION,SWEEP_OR_FALSE_BREAK,LOW,MIXED,UP,309,31.144110313366685,0.6967499232208176,0.8090614886731392,0.4045307443365696,0.8705501618122977,0.3074433656957929,-0.8576051779935275,BUY,0.3074433656957929,1.1650485436893203
BREAKOUT_AGAINST_HTF_UP,UP_LOCATION,NORMAL_FLOW,LOW,MIXED,DOWN,188,32.97702783785737,0.7372507919509625,0.8191489361702128,0.4308510638297872,0.9202127659574468,-0.8617021276595744,0.2819148936170212,SELL,0.2819148936170212,1.1436170212765957
BREAKOUT_AGAINST_HTF_DOWN,DOWN_LOCATION,NORMAL_FLOW,HIGH,MIXED,UP,121,66.02526999969037,1.1952170079049715,0.8264462809917356,0.48760330578512395,0.9338842975206612,0.2809917355371901,-0.8181818181818181,BUY,0.2809917355371901,1.0991735537190082
NO_BREAKOUT,MIXED_LOCATION,NORMAL_FLOW,LOW,MIXED,UP,154,31.32599440563143,0.7111915999244502,0.45454545454545453,0.6818181818181818,0.564935064935065,0.27272727272727276,-0.7467532467532467,BUY,0.27272727272727276,1.0194805194805194
NO_BREAKOUT,MIXED_LOCATION,SWEEP_OR_FALSE_BREAK,VERY_LOW,MIXED,DOWN,230,14.822835107437061,0.5236018262308488,0.49130434782608695,0.6826086956521739,0.5565217391304348,-0.8,0.26521739130434785,SELL,0.26521739130434785,1.065217391304348
NO_BREAKOUT,MIXED_LOCATION,SWEEP_OR_FALSE_BREAK,MEDIUM,MIXED,UP,676,49.03501661618419,0.9339577180304699,0.41863905325443784,0.7411242603550295,0.5207100591715976,0.264792899408284,-0.7707100591715976,BUY,0.264792899408284,1.0355029585798816
NO_BREAKOUT,UP_LOCATION,SWEEP_OR_FALSE_BREAK,LOW,FULL,UP,531,30.6957296272815,0.6763692523675549,0.8305084745762712,0.3954802259887006,0.9209039548022598,0.2636534839924671,-0.7645951035781544,BUY,0.2636534839924671,1.0282485875706215
NO_BREAKOUT,DOWN_LOCATION,SWEEP_OR_FALSE_BREAK,MEDIUM,MIXED,UP,305,49.211568160016284,0.9116465846065105,0.7704918032786885,0.43934426229508194,0.8918032786885246,0.259016393442623,-0.8,BUY,0.259016393442623,1.059016393442623
BREAKOUT_WITH_HTF_DOWN,DOWN_LOCATION,EXPANSION,HIGH,FULL,DOWN,159,72.96105109547192,1.2804989943353091,0.7610062893081762,0.4968553459119497,0.9245283018867925,-0.6981132075471699,0.25157232704402516,SELL,0.25157232704402516,0.949685534591195
NO_BREAKOUT,UP_LOCATION,NORMAL_FLOW,LOW,FULL,UP,120,31.25304532466222,0.7032186132529687,0.825,0.4166666666666667,0.8916666666666667,0.25,-0.8333333333333333,BUY,0.25,1.0833333333333333
NO_BREAKOUT,UP_LOCATION,SWEEP_OR_FALSE_BREAK,LOW,MIXED,DOWN,533,30.92986635855189,0.6948742893200142,0.7692307692307693,0.4146341463414634,0.849906191369606,-0.8348968105065666,0.24765478424015014,SELL,0.24765478424015014,1.0825515947467168
BREAKOUT_WITH_HTF_UP,UP_LOCATION,EXPANSION,HIGH,FULL,UP,192,72.04193109577483,1.224712960222625,0.8385416666666666,0.4583333333333333,0.9322916666666666,0.24479166666666669,-0.8385416666666666,BUY,0.24479166666666669,1.0833333333333333
NO_BREAKOUT,UP_LOCATION,SWEEP_OR_FALSE_BREAK,MEDIUM,FULL,UP,484,49.32874304392418,0.9115954471245401,0.8119834710743802,0.45041322314049587,0.9173553719008265,0.22520661157024796,-0.8181818181818181,BUY,0.22520661157024796,1.0433884297520661
NO_BREAKOUT,MIXED_LOCATION,SWEEP_OR_FALSE_BREAK,LOW,MIXED,DOWN,835,30.666702715181156,0.698108907379318,0.42634730538922155,0.732934131736527,0.5269461077844312,-0.7844311377245509,0.22395209580838327,SELL,0.22395209580838327,1.0083832335329341
BREAKOUT_MIXED_HTF,MIXED_LOCATION,EXPANSION,EXTREME,FULL,DOWN,145,89.0321154802957,1.8781312150692289,0.9379310344827586,0.503448275862069,1.0,-0.8413793103448276,0.22068965517241385,SELL,0.22068965517241385,1.0620689655172415
NO_BREAKOUT,DOWN_LOCATION,SWEEP_OR_FALSE_BREAK,LOW,FULL,DOWN,399,30.903494228829413,0.7016811928013609,0.7518796992481203,0.45112781954887216,0.9022556390977443,-0.8270676691729323,0.21804511278195493,SELL,0.21804511278195493,1.045112781954887
BREAKOUT_AGAINST_HTF_UP,UP_LOCATION,NORMAL_FLOW,HIGH,MIXED,DOWN,178,66.69186096666948,1.2118121682373213,0.7865168539325843,0.4887640449438202,0.9213483146067416,-0.8483146067415731,0.21348314606741575,SELL,0.21348314606741575,1.0617977528089888
BREAKOUT_AGAINST_HTF_DOWN,DOWN_LOCATION,NORMAL_FLOW,MEDIUM,MIXED,UP,289,49.684697915408115,0.9102889005188646,0.8131487889273357,0.42560553633217996,0.9100346020761245,0.2110726643598616,-0.8027681660899654,BUY,0.2110726643598616,1.013840830449827
NO_BREAKOUT,MIXED_LOCATION,NORMAL_FLOW,MEDIUM,MIXED,UP,205,49.42593583274791,0.8521956812403881,0.44390243902439025,0.7707317073170732,0.5756097560975609,0.20975609756097557,-0.751219512195122,BUY,0.20975609756097557,0.9609756097560975
NO_BREAKOUT,DOWN_LOCATION,SWEEP_OR_FALSE_BREAK,HIGH,MIXED,UP,139,66.42574985229518,1.221287064745106,0.8273381294964028,0.4748201438848921,0.935251798561151,0.20863309352517978,-0.7985611510791366,BUY,0.20863309352517978,1.0071942446043165
NO_BREAKOUT,MIXED_LOCATION,EXPANSION,HIGH,MIXED,DOWN,136,70.59314345977518,1.2524108140047001,0.3382352941176471,0.8897058823529411,0.47058823529411764,-0.7205882352941178,0.20588235294117646,SELL,0.20588235294117646,0.9264705882352942
BREAKOUT_WITH_HTF_UP,UP_LOCATION,NORMAL_FLOW,LOW,FULL,UP,409,33.21862687691132,0.739222057962854,0.8288508557457213,0.42053789731051344,0.8997555012224939,0.20293398533007334,-0.8557457212713937,BUY,0.20293398533007334,1.058679706601467
NO_BREAKOUT,MIXED_LOCATION,LOW_RANGE,LOW,MIXED,UP,152,27.681176498158134,0.5094521887148697,0.5131578947368421,0.625,0.6118421052631579,0.19736842105263158,-0.8421052631578947,BUY,0.19736842105263158,1.0394736842105263
NO_BREAKOUT,MIXED_LOCATION,LOW_RANGE,LOW,MIXED,DOWN,147,28.64387281516282,0.5209643408338795,0.4557823129251701,0.6666666666666666,0.5782312925170068,-0.7074829931972789,0.19727891156462585,SELL,0.19727891156462585,0.9047619047619048
BREAKOUT_AGAINST_HTF_UP,UP_LOCATION,NORMAL_FLOW,MEDIUM,MIXED,DOWN,400,49.28315674206628,0.9120994054673008,0.77,0.48,0.885,-0.7925,0.185,SELL,0.185,0.9775
NO_BREAKOUT,MIXED_LOCATION,SWEEP_OR_FALSE_BREAK,LOW,MIXED,UP,731,30.584019346732234,0.6940119348549249,0.43502051983584133,0.7277701778385773,0.518467852257182,0.16826265389876877,-0.7647058823529411,BUY,0.16826265389876877,0.93296853625171
NO_BREAKOUT,UP_LOCATION,SWEEP_OR_FALSE_BREAK,VERY_LOW,FULL,UP,137,15.192651086788205,0.5263682789283239,0.8102189781021898,0.41605839416058393,0.8832116788321168,0.16788321167883208,-0.8102189781021898,BUY,0.16788321167883208,0.9781021897810218
BREAKOUT_MIXED_HTF,MIXED_LOCATION,ACCEPTED_BREAKOUT,HIGH,FULL,DOWN,181,71.16090299545168,1.3514967717268875,0.9392265193370166,0.5193370165745856,1.0,-0.7458563535911602,0.1602209944751381,SELL,0.1602209944751381,0.9060773480662982
NO_BREAKOUT,DOWN_LOCATION,SWEEP_OR_FALSE_BREAK,MEDIUM,FULL,DOWN,414,49.27267269695993,0.9348322392503804,0.7560386473429952,0.5193236714975845,0.8888888888888888,-0.8212560386473431,0.14975845410628014,SELL,0.14975845410628014,0.9710144927536233
NO_BREAKOUT,MIXED_LOCATION,SWEEP_OR_FALSE_BREAK,HIGH,MIXED,UP,270,67.16890672998666,1.2651481026198426,0.4222222222222222,0.8037037037037037,0.562962962962963,0.14814814814814814,-0.737037037037037,BUY,0.14814814814814814,0.8851851851851852
BREAKOUT_WITH_HTF_UP,UP_LOCATION,NORMAL_FLOW,MEDIUM,FULL,UP,848,49.999522623798,0.9370790129600829,0.7700471698113207,0.49292452830188677,0.9056603773584906,0.14740566037735847,-0.7240566037735848,BUY,0.14740566037735847,0.8714622641509433
NO_BREAKOUT,UP_LOCATION,SWEEP_OR_FALSE_BREAK,HIGH,FULL,UP,172,67.05166912111127,1.2368224776092993,0.7906976744186046,0.5406976744186046,0.9593023255813954,0.1453488372093023,-0.8313953488372092,BUY,0.1453488372093023,0.9767441860465116
NO_BREAKOUT,UP_LOCATION,SWEEP_OR_FALSE_BREAK,VERY_LOW,MIXED,DOWN,126,14.768000900416594,0.5302206262465121,0.7142857142857143,0.46825396825396826,0.8412698412698413,-0.8095238095238095,0.14285714285714285,SELL,0.14285714285714285,0.9523809523809523
NO_BREAKOUT,DOWN_LOCATION,NORMAL_FLOW,MEDIUM,FULL,DOWN,120,48.46720994451417,0.841929947804346,0.7083333333333334,0.5083333333333333,0.9583333333333334,-0.6833333333333333,0.14166666666666666,SELL,0.14166666666666666,0.825
NO_BREAKOUT,MIXED_LOCATION,SWEEP_OR_FALSE_BREAK,MEDIUM,MIXED,DOWN,757,49.06394958214154,0.9300845814709225,0.3949801849405548,0.8137384412153237,0.5204755614266843,-0.7225891677675034,0.1334214002642008,SELL,0.1334214002642008,0.8560105680317042
NO_BREAKOUT,MIXED_LOCATION,SWEEP_OR_FALSE_BREAK,HIGH,MIXED,DOWN,275,67.22717484343421,1.277648880484624,0.4,0.7963636363636364,0.56,-0.7418181818181818,0.13090909090909092,SELL,0.13090909090909092,0.8727272727272728
BREAKOUT_WITH_HTF_UP,UP_LOCATION,SWEEP_OR_FALSE_BREAK,HIGH,FULL,UP,130,69.88615599020588,1.4863309417086084,0.7461538461538462,0.5461538461538461,0.9153846153846154,0.13076923076923075,-0.7923076923076923,BUY,0.13076923076923075,0.923076923076923
BREAKOUT_AGAINST_HTF_DOWN,DOWN_LOCATION,NORMAL_FLOW,LOW,MIXED,UP,160,33.51543971393048,0.7567149890883668,0.8625,0.4625,0.85625,0.12500000000000006,-0.78125,BUY,0.12500000000000006,0.90625
NO_BREAKOUT,DOWN_LOCATION,SWEEP_OR_FALSE_BREAK,HIGH,FULL,DOWN,213,67.51207303436561,1.2485900862596386,0.784037558685446,0.5868544600938967,0.9671361502347418,-0.704225352112676,0.12206572769953056,SELL,0.12206572769953056,0.8262910798122065
BREAKOUT_WITH_HTF_UP,UP_LOCATION,LOW_RANGE,LOW,FULL,UP,146,28.943713753389133,0.5181917389219856,0.8013698630136986,0.4794520547945205,0.9383561643835616,0.11643835616438353,-0.8356164383561644,BUY,0.11643835616438353,0.952054794520548
BREAKOUT_WITH_HTF_UP,UP_LOCATION,EXPANSION,EXTREME,FULL,UP,228,88.66993148749067,1.7993471935320209,0.8377192982456141,0.5131578947368421,0.956140350877193,0.10526315789473684,-0.7149122807017543,BUY,0.10526315789473684,0.8201754385964911
NO_BREAKOUT,MIXED_LOCATION,NORMAL_FLOW,MEDIUM,MIXED,DOWN,223,48.62492848473031,0.840035356526557,0.4304932735426009,0.7892376681614349,0.5336322869955157,-0.6771300448430493,0.10313901345291482,SELL,0.10313901345291482,0.7802690582959642
BREAKOUT_MIXED_HTF,MIXED_LOCATION,EXPANSION,HIGH,MIXED,UP,142,70.65289053557586,1.214525222811062,0.47183098591549294,0.6549295774647887,0.5633802816901409,0.09859154929577463,-0.7183098591549295,BUY,0.09859154929577463,0.8169014084507041
BREAKOUT_MIXED_HTF,MIXED_LOCATION,NORMAL_FLOW,LOW,MIXED,DOWN,312,33.15884363845695,0.7404421170415036,0.40064102564102566,0.7852564102564102,0.532051282051282,-0.7243589743589743,0.09615384615384615,SELL,0.09615384615384615,0.8205128205128205
NO_BREAKOUT,MIXED_LOCATION,NORMAL_FLOW,LOW,MIXED,DOWN,177,31.15868040967348,0.7112213917192491,0.4463276836158192,0.751412429378531,0.5141242937853108,-0.6836158192090395,0.09039548022598876,SELL,0.09039548022598876,0.7740112994350282
NO_BREAKOUT,MIXED_LOCATION,SWEEP_OR_FALSE_BREAK,VERY_LOW,MIXED,UP,191,14.842629558193858,0.522875758097538,0.47643979057591623,0.7382198952879581,0.5340314136125655,0.08900523560209422,-0.7748691099476439,BUY,0.08900523560209422,0.8638743455497382
BREAKOUT_MIXED_HTF,MIXED_LOCATION,ACCEPTED_BREAKOUT,HIGH,MIXED,UP,181,70.65589642848855,1.3068724637659785,0.39779005524861877,0.8287292817679558,0.5580110497237569,0.08839779005524862,-0.6022099447513812,BUY,0.08839779005524862,0.6906077348066298
BREAKOUT_WITH_HTF_UP,UP_LOCATION,ACCEPTED_BREAKOUT,HIGH,FULL,UP,353,71.52438176695004,1.3006575245203245,0.8016997167138811,0.5495750708215298,0.9263456090651558,0.08215297450424924,-0.6940509915014164,BUY,0.08215297450424924,0.7762039660056657
BREAKOUT_MIXED_HTF,MIXED_LOCATION,NORMAL_FLOW,HIGH,MIXED,DOWN,270,66.6732838995001,1.2458144739142991,0.4111111111111111,0.8074074074074075,0.5814814814814815,-0.6,0.05555555555555558,SELL,0.05555555555555558,0.6555555555555556
BREAKOUT_WITH_HTF_DOWN,DOWN_LOCATION,EXPANSION,EXTREME,FULL,DOWN,252,89.1516258525458,1.9142187214502817,0.7896825396825397,0.626984126984127,0.9523809523809523,-0.6785714285714286,0.055555555555555525,SELL,0.055555555555555525,0.7341269841269842
NO_BREAKOUT,MIXED_LOCATION,COMPRESSION,LOW,MIXED,DOWN,157,30.754622224677476,0.6328550580705407,0.46496815286624205,0.7770700636942676,0.6242038216560509,-0.7261146496815287,0.04458598726114649,SELL,0.04458598726114649,0.7707006369426752
BREAKOUT_WITH_HTF_DOWN,DOWN_LOCATION,NORMAL_FLOW,LOW,FULL,DOWN,291,33.34403211944341,0.7550207084682979,0.718213058419244,0.5601374570446735,0.872852233676976,-0.7491408934707904,0.03436426116838487,SELL,0.03436426116838487,0.7835051546391752
BREAKOUT_WITH_HTF_DOWN,DOWN_LOCATION,ACCEPTED_BREAKOUT,EXTREME,FULL,DOWN,179,85.16667240036551,2.056184805108285,0.7262569832402235,0.6368715083798883,0.9385474860335196,-0.5698324022346369,0.02793296089385472,SELL,0.02793296089385472,0.5977653631284916
BREAKOUT_WITH_HTF_DOWN,DOWN_LOCATION,NORMAL_FLOW,HIGH,FULL,DOWN,385,67.5417471725006,1.301737811537974,0.7376623376623377,0.6103896103896104,0.9012987012987013,-0.6623376623376624,0.023376623376623384,SELL,0.023376623376623384,0.6857142857142858
BREAKOUT_WITH_HTF_UP,UP_LOCATION,ACCEPTED_BREAKOUT,EXTREME,FULL,UP,181,84.62430191592851,1.9594112036029767,0.8176795580110497,0.585635359116022,0.9502762430939227,0.016574585635359074,-0.6408839779005525,BUY,0.016574585635359074,0.6574585635359116
BREAKOUT_WITH_HTF_DOWN,DOWN_LOCATION,NORMAL_FLOW,MEDIUM,FULL,DOWN,667,50.37228818430663,0.962632159311636,0.7181409295352323,0.5922038980509745,0.889055472263868,-0.7001499250374813,0.01199400299850073,SELL,0.01199400299850073,0.712143928035982
BREAKOUT_MIXED_HTF,MIXED_LOCATION,NORMAL_FLOW,MEDIUM,MIXED,DOWN,633,49.77727852376568,0.9386797314076579,0.4628751974723539,0.7551342812006319,0.5703001579778831,-0.589257503949447,0.004739336492890989,SELL,0.004739336492890989,0.5939968404423379
BREAKOUT_MIXED_HTF,MIXED_LOCATION,NORMAL_FLOW,HIGH,MIXED,UP,214,66.65073693405738,1.227995556044722,0.5,0.7523364485981309,0.6682242990654206,0.0,-0.6822429906542056,BUY,0.0,0.6822429906542056
NO_BREAKOUT,UP_LOCATION,EXPANSION,HIGH,NONE,MIXED,150,69.72837436105384,1.2031889088999606,0.43333333333333335,0.76,0.6,-0.6066666666666667,0.0,SELL,0.0,0.6066666666666667
NO_BREAKOUT,DOWN_LOCATION,EXPANSION,HIGH,NONE,MIXED,175,71.23307187255963,1.2306513100741432,0.4514285714285714,0.8628571428571429,0.6057142857142858,-0.005714285714285727,-0.6342857142857143,BUY,-0.005714285714285727,0.6285714285714286
BREAKOUT_WITH_HTF_UP,UP_LOCATION,NORMAL_FLOW,HIGH,FULL,UP,401,67.13064771828866,1.269408740491721,0.7506234413965087,0.5561097256857855,0.8877805486284289,-0.007481296758104716,-0.6384039900249376,BUY,-0.007481296758104716,0.6309226932668329
BREAKOUT_MIXED_HTF,MIXED_LOCATION,ACCEPTED_BREAKOUT,HIGH,MIXED,DOWN,190,71.30557623833676,1.2928742201857963,0.4631578947368421,0.8421052631578947,0.6578947368421053,-0.6421052631578947,-0.015789473684210575,SELL,-0.015789473684210575,0.6263157894736842
BREAKOUT_MIXED_HTF,MIXED_LOCATION,NORMAL_FLOW,LOW,MIXED,UP,279,32.619303630623826,0.7523340534038132,0.4731182795698925,0.7132616487455197,0.5448028673835126,-0.017921146953404965,-0.6415770609318996,BUY,-0.017921146953404965,0.6236559139784946
BREAKOUT_MIXED_HTF,MIXED_LOCATION,NORMAL_FLOW,MEDIUM,MIXED,UP,614,49.328741040750394,0.9006113364989374,0.48859934853420195,0.7263843648208469,0.5765472312703583,-0.021172638436482094,-0.5472312703583062,BUY,-0.021172638436482094,0.5260586319218241
NO_BREAKOUT,UP_LOCATION,LOW_RANGE,VERY_LOW,NONE,MIXED,188,13.918902614947195,0.4411047133396686,0.4308510638297872,0.7712765957446809,0.5319148936170213,-0.601063829787234,-0.03191489361702132,SELL,-0.03191489361702132,0.5691489361702127
NO_BREAKOUT,STRONG_UP_LOCATION,SWEEP_OR_FALSE_BREAK,MEDIUM,NONE,MIXED,365,49.45678419559179,0.8780413670242403,0.5643835616438356,0.6027397260273972,0.7041095890410959,-0.7232876712328767,-0.03835616438356171,SELL,-0.03835616438356171,0.684931506849315
NO_BREAKOUT,UP_LOCATION,LOW_RANGE,LOW,NONE,MIXED,247,28.14164664723285,0.5118137776928396,0.4048582995951417,0.7732793522267206,0.4817813765182186,-0.6153846153846154,-0.04858299595141702,SELL,-0.04858299595141702,0.5668016194331984
NO_BREAKOUT,UP_LOCATION,NORMAL_FLOW,LOW,NONE,MIXED,226,31.450942084140703,0.7039512730113732,0.46017699115044247,0.7876106194690266,0.5088495575221239,-0.5973451327433629,-0.057522123893805344,SELL,-0.057522123893805344,0.5398230088495575
NO_BREAKOUT,UP_LOCATION,NORMAL_FLOW,MEDIUM,NONE,MIXED,308,49.24142376378441,0.8156573839966483,0.42207792207792205,0.8116883116883117,0.5876623376623377,-0.6006493506493507,-0.05844155844155846,SELL,-0.05844155844155846,0.5422077922077921
NO_BREAKOUT,UP_LOCATION,EXPANSION,HIGH,MIXED,UP,144,70.41537046151478,1.233563686646118,0.3541666666666667,0.8680555555555556,0.5,-0.0625,-0.5625,BUY,-0.0625,0.5
NO_BREAKOUT,UP_LOCATION,COMPRESSION,LOW,NONE,MIXED,142,29.277323476813226,0.6203390395598987,0.38028169014084506,0.795774647887324,0.5563380281690141,-0.5422535211267605,-0.06338028169014082,SELL,-0.06338028169014082,0.4788732394366197
NO_BREAKOUT,UP_LOCATION,COMPRESSION,LOW,MIXED,UP,181,29.784359150512092,0.6121300193814264,0.287292817679558,0.850828729281768,0.4088397790055249,-0.06629834254143646,-0.5911602209944751,BUY,-0.06629834254143646,0.5248618784530386
NO_BREAKOUT,UP_LOCATION,SWEEP_OR_FALSE_BREAK,LOW,NONE,MIXED,1144,30.62378278318112,0.6829563156809402,0.39073426573426573,0.8059440559440559,0.4833916083916084,-0.5384615384615385,-0.06993006993006995,SELL,-0.06993006993006995,0.4685314685314686
BREAKOUT_MIXED_HTF,MIXED_LOCATION,EXPANSION,EXTREME,MIXED,DOWN,122,88.54654109550945,1.7857906649143163,0.4180327868852459,0.8114754098360656,0.5409836065573771,-0.6557377049180328,-0.08196721311475413,SELL,-0.08196721311475413,0.5737704918032787
BREAKOUT_AGAINST_HTF_DOWN,DOWN_LOCATION,NORMAL_FLOW,HIGH,NONE,MIXED,168,66.702965695327,1.176131177309143,0.4226190476190476,0.8630952380952381,0.44047619047619047,-0.5535714285714286,-0.08333333333333331,SELL,-0.08333333333333331,0.4702380952380953
NO_BREAKOUT,DOWN_LOCATION,SWEEP_OR_FALSE_BREAK,LOW,NONE,MIXED,814,30.844954522603143,0.6975764356969247,0.40786240786240785,0.8144963144963145,0.5184275184275184,-0.08353808353808351,-0.5577395577395577,BUY,-0.08353808353808351,0.47420147420147424
BREAKOUT_WITH_HTF_DOWN,DOWN_LOCATION,ACCEPTED_BREAKOUT,HIGH,FULL,DOWN,315,72.24110288922088,1.411003105954133,0.7619047619047619,0.6634920634920635,0.9365079365079365,-0.5174603174603174,-0.0888888888888889,SELL,-0.0888888888888889,0.4285714285714285
BREAKOUT_MIXED_HTF,MIXED_LOCATION,EXPANSION,HIGH,MIXED,DOWN,120,70.81797022771,1.2449437198762534,0.325,0.85,0.48333333333333334,-0.45,-0.09166666666666667,SELL,-0.09166666666666667,0.35833333333333334
NO_BREAKOUT,DOWN_LOCATION,NORMAL_FLOW,LOW,NONE,MIXED,179,30.980866004986154,0.7056225159029244,0.4581005586592179,0.7821229050279329,0.5642458100558659,-0.0949720670391061,-0.6256983240223464,BUY,-0.0949720670391061,0.5307262569832403
NO_BREAKOUT,UP_LOCATION,SWEEP_OR_FALSE_BREAK,VERY_LOW,MIXED,UP,339,15.036960357599941,0.5152158649047718,0.3746312684365782,0.7699115044247787,0.4218289085545723,-0.10324483775811205,-0.5575221238938053,BUY,-0.10324483775811205,0.45427728613569324
NO_BREAKOUT,UP_LOCATION,LOW_RANGE,VERY_LOW,MIXED,UP,162,14.428874273898943,0.4523062380642541,0.36419753086419754,0.808641975308642,0.35802469135802467,-0.10493827160493824,-0.5,BUY,-0.10493827160493824,0.39506172839506176
NO_BREAKOUT,UP_LOCATION,SWEEP_OR_FALSE_BREAK,MEDIUM,NONE,MIXED,1042,49.468968733534304,0.9058076563790772,0.381957773512476,0.8502879078694817,0.5345489443378119,-0.5863723608445297,-0.10652591170825337,SELL,-0.10652591170825337,0.47984644913627633
NO_BREAKOUT,DOWN_LOCATION,SWEEP_OR_FALSE_BREAK,MEDIUM,NONE,MIXED,825,49.17242642310118,0.9101969130050612,0.43272727272727274,0.8278787878787879,0.576969696969697,-0.10909090909090913,-0.5745454545454546,BUY,-0.10909090909090913,0.46545454545454545
NO_BREAKOUT,UP_LOCATION,LOW_RANGE,LOW,MIXED,UP,266,28.09575951723301,0.5090697399885574,0.37593984962406013,0.8345864661654135,0.41353383458646614,-0.11278195488721804,-0.6428571428571429,BUY,-0.11278195488721804,0.5300751879699248
BREAKOUT_AGAINST_HTF_UP,UP_LOCATION,EXPANSION,HIGH,NONE,MIXED,120,70.56679077214737,1.2249591265847988,0.275,0.9,0.4583333333333333,-0.1166666666666667,-0.5583333333333333,BUY,-0.1166666666666667,0.44166666666666665
BREAKOUT_WITH_HTF_UP,UP_LOCATION,SWEEP_OR_FALSE_BREAK,HIGH,MIXED,UP,137,69.62717181391457,1.4544877483075707,0.3722627737226277,0.8613138686131386,0.5036496350364964,-0.5766423357664234,-0.12408759124087593,SELL,-0.12408759124087593,0.4525547445255475
NO_BREAKOUT,STRONG_DOWN_LOCATION,SWEEP_OR_FALSE_BREAK,LOW,NONE,MIXED,223,31.32750697194519,0.6855833462198486,0.5695067264573991,0.6053811659192825,0.6905829596412556,-0.12556053811659196,-0.600896860986547,BUY,-0.12556053811659196,0.4753363228699551
NO_BREAKOUT,UP_LOCATION,SWEEP_OR_FALSE_BREAK,HIGH,NONE,MIXED,346,67.05757138163379,1.227407727269417,0.4190751445086705,0.8815028901734104,0.6069364161849711,-0.5202312138728324,-0.12716763005780346,SELL,-0.12716763005780346,0.393063583815029
NO_BREAKOUT,MIXED_LOCATION,COMPRESSION,LOW,NONE,MIXED,155,30.462352992393225,0.6493006632583439,0.23870967741935484,0.9161290322580645,0.43870967741935485,-0.12903225806451607,-0.4516129032258065,BUY,-0.12903225806451607,0.3225806451612904
BREAKOUT_AGAINST_HTF_UP,UP_LOCATION,NORMAL_FLOW,HIGH,NONE,MIXED,199,66.53984538482,1.2387903091955221,0.3065326633165829,0.8944723618090452,0.4472361809045226,-0.13065326633165825,-0.6683417085427136,BUY,-0.13065326633165825,0.5376884422110553
BREAKOUT_WITH_HTF_UP,UP_LOCATION,ACCEPTED_BREAKOUT,HIGH,MIXED,UP,368,71.21337859233701,1.2915746884605241,0.2907608695652174,0.8885869565217391,0.5190217391304348,-0.5543478260869565,-0.13315217391304351,SELL,-0.13315217391304351,0.421195652173913
BREAKOUT_MIXED_HTF,MIXED_LOCATION,SWEEP_OR_FALSE_BREAK,HIGH,NONE,MIXED,133,69.54786983473183,1.5093742155103749,0.12781954887218044,0.9699248120300752,0.3609022556390977,-0.48872180451127817,-0.13533834586466165,SELL,-0.13533834586466165,0.3533834586466165
NO_BREAKOUT,STRONG_UP_LOCATION,SWEEP_OR_FALSE_BREAK,HIGH,NONE,MIXED,151,67.78587862665276,1.2225165139081193,0.5496688741721855,0.7086092715231788,0.7152317880794702,-0.6754966887417219,-0.13907284768211914,SELL,-0.13907284768211914,0.5364238410596027
BREAKOUT_AGAINST_HTF_DOWN,DOWN_LOCATION,NORMAL_FLOW,MEDIUM,NONE,MIXED,359,49.67897660320347,0.9205502886590752,0.35097493036211697,0.83008356545961,0.467966573816156,-0.596100278551532,-0.1392757660167131,SELL,-0.1392757660167131,0.4568245125348189
NO_BREAKOUT,DOWN_LOCATION,LOW_RANGE,LOW,MIXED,DOWN,179,27.620667543016282,0.5095510515768644,0.4022346368715084,0.8268156424581006,0.5307262569832403,-0.5363128491620113,-0.1396648044692737,SELL,-0.1396648044692737,0.39664804469273757
BREAKOUT_AGAINST_HTF_DOWN,DOWN_LOCATION,NORMAL_FLOW,LOW,NONE,MIXED,206,33.31949878454146,0.7383457134448235,0.3932038834951456,0.8058252427184466,0.45145631067961167,-0.5485436893203883,-0.1407766990291262,SELL,-0.1407766990291262,0.4077669902912621
BREAKOUT_WITH_HTF_UP,UP_LOCATION,EXPANSION,HIGH,MIXED,UP,246,71.05940055950892,1.2142421867305793,0.3699186991869919,0.8211382113821138,0.3902439024390244,-0.5975609756097561,-0.14227642276422764,SELL,-0.14227642276422764,0.45528455284552843
BREAKOUT_AGAINST_HTF_UP,UP_LOCATION,NORMAL_FLOW,LOW,NONE,MIXED,203,32.97761421332106,0.7431800362133333,0.3054187192118227,0.8522167487684729,0.3891625615763547,-0.14285714285714285,-0.6403940886699507,BUY,-0.14285714285714285,0.4975369458128079
BREAKOUT_AGAINST_HTF_UP,UP_LOCATION,NORMAL_FLOW,MEDIUM,NONE,MIXED,406,50.06726789185514,0.9210972542152771,0.31527093596059114,0.8423645320197044,0.4852216748768473,-0.1428571428571429,-0.561576354679803,BUY,-0.1428571428571429,0.41871921182266014
NO_BREAKOUT,UP_LOCATION,NORMAL_FLOW,MEDIUM,MIXED,UP,290,48.426075691653615,0.8217712862435662,0.3724137931034483,0.8103448275862069,0.503448275862069,-0.14482758620689656,-0.5,BUY,-0.14482758620689656,0.35517241379310344
NO_BREAKOUT,DOWN_LOCATION,LOW_RANGE,VERY_LOW,MIXED,DOWN,147,13.591381013249393,0.4447066344704891,0.40816326530612246,0.7959183673469388,0.5578231292517006,-0.5578231292517006,-0.14965986394557818,SELL,-0.14965986394557818,0.40816326530612246
NO_BREAKOUT,DOWN_LOCATION,NORMAL_FLOW,MEDIUM,NONE,MIXED,256,49.34187478450501,0.8425959012855192,0.48828125,0.82421875,0.63671875,-0.15234375,-0.63671875,BUY,-0.15234375,0.484375
BREAKOUT_WITH_HTF_UP,UP_LOCATION,ACCEPTED_BREAKOUT,EXTREME,MIXED,UP,196,84.84343640214017,1.8888004482486984,0.2755102040816326,0.923469387755102,0.5102040816326531,-0.4591836734693877,-0.15306122448979592,SELL,-0.15306122448979592,0.3061224489795918
NO_BREAKOUT,UP_LOCATION,SWEEP_OR_FALSE_BREAK,VERY_LOW,NONE,MIXED,301,14.557526746707921,0.5066269679224936,0.43521594684385384,0.7840531561461794,0.5182724252491694,-0.627906976744186,-0.15614617940199338,SELL,-0.15614617940199338,0.4717607973421927
NO_BREAKOUT,STRONG_DOWN_LOCATION,SWEEP_OR_FALSE_BREAK,MEDIUM,NONE,MIXED,241,50.13178344687522,0.9205395394153034,0.6016597510373444,0.6473029045643154,0.7676348547717843,-0.15767634854771778,-0.6639004149377593,BUY,-0.15767634854771778,0.5062240663900415
NO_BREAKOUT,STRONG_UP_LOCATION,LOW_RANGE,LOW,FULL,UP,144,28.04937114453922,0.5031003206872438,0.5555555555555556,0.5972222222222222,0.6458333333333334,-0.1597222222222222,-0.5833333333333333,BUY,-0.1597222222222222,0.42361111111111105
BREAKOUT_WITH_HTF_DOWN,DOWN_LOCATION,EXPANSION,HIGH,MIXED,DOWN,205,71.16493030769578,1.264631535239063,0.2146341463414634,0.8878048780487805,0.424390243902439,-0.16097560975609754,-0.5365853658536586,BUY,-0.16097560975609754,0.37560975609756103
NO_BREAKOUT,DOWN_LOCATION,EXPANSION,HIGH,MIXED,DOWN,208,71.1899135829792,1.2353260084791522,0.2644230769230769,0.9230769230769231,0.4567307692307692,-0.5192307692307693,-0.16346153846153844,SELL,-0.16346153846153844,0.35576923076923084
NO_BREAKOUT,DOWN_LOCATION,NORMAL_FLOW,MEDIUM,MIXED,DOWN,301,49.0029865561924,0.8387226380902121,0.36212624584717606,0.8538205980066446,0.5348837209302325,-0.4983388704318936,-0.1661129568106312,SELL,-0.1661129568106312,0.3322259136212624
BREAKOUT_WITH_HTF_DOWN,DOWN_LOCATION,ACCEPTED_BREAKOUT,HIGH,MIXED,DOWN,414,71.86052970627713,1.3882026768425968,0.26570048309178745,0.9130434782608695,0.5410628019323671,-0.16908212560386465,-0.5144927536231885,BUY,-0.16908212560386465,0.3454106280193238
NO_BREAKOUT,DOWN_LOCATION,SWEEP_OR_FALSE_BREAK,LOW,MIXED,DOWN,902,30.78810140323046,0.6983444738555388,0.3580931263858093,0.8370288248337029,0.5022172949002217,-0.48115299334811523,-0.1707317073170731,SELL,-0.1707317073170731,0.31042128603104213
NO_BREAKOUT,STRONG_UP_LOCATION,EXPANSION,HIGH,FULL,UP,152,70.80161530683188,1.2030152186445193,0.5526315789473685,0.7697368421052632,0.7828947368421053,-0.17105263157894735,-0.5328947368421053,BUY,-0.17105263157894735,0.36184210526315796
NO_BREAKOUT,STRONG_UP_LOCATION,NORMAL_FLOW,MEDIUM,FULL,UP,175,49.41916368726085,0.8277455835921619,0.5314285714285715,0.7085714285714285,0.7085714285714285,-0.17142857142857143,-0.4914285714285714,BUY,-0.17142857142857143,0.31999999999999995
BREAKOUT_WITH_HTF_DOWN,DOWN_LOCATION,NORMAL_FLOW,MEDIUM,MIXED,DOWN,735,50.40788708350796,0.9562764878304613,0.3197278911564626,0.8666666666666667,0.4897959183673469,-0.17278911564625848,-0.5564625850340137,BUY,-0.17278911564625848,0.3836734693877552
BREAKOUT_WITH_HTF_UP,UP_LOCATION,NORMAL_FLOW,MEDIUM,MIXED,UP,1028,50.103224200690605,0.9260371371939503,0.3326848249027237,0.8142023346303502,0.46303501945525294,-0.5165369649805447,-0.1731517509727627,SELL,-0.1731517509727627,0.343385214007782
NO_BREAKOUT,STRONG_UP_LOCATION,SWEEP_OR_FALSE_BREAK,LOW,NONE,MIXED,380,30.432847106461782,0.6597679874875918,0.5105263157894737,0.6131578947368421,0.631578947368421,-0.5657894736842105,-0.17368421052631583,SELL,-0.17368421052631583,0.3921052631578947
NO_BREAKOUT,STRONG_DOWN_LOCATION,SWEEP_OR_FALSE_BREAK,MEDIUM,FULL,DOWN,494,49.86024108332406,0.9012909694734335,0.48380566801619435,0.708502024291498,0.6842105263157895,-0.6012145748987854,-0.1740890688259109,SELL,-0.1740890688259109,0.4271255060728745
BREAKOUT_WITH_HTF_UP,UP_LOCATION,NORMAL_FLOW,HIGH,MIXED,UP,578,67.24022354630782,1.2620972326794946,0.33391003460207613,0.8494809688581315,0.4826989619377163,-0.57439446366782,-0.17474048442906576,SELL,-0.17474048442906576,0.39965397923875423
BREAKOUT_AGAINST_HTF_UP,UP_LOCATION,ACCEPTED_BREAKOUT,HIGH,NONE,MIXED,137,71.10444424211585,1.3161394864743707,0.35036496350364965,0.8467153284671532,0.5766423357664233,-0.17518248175182477,-0.29197080291970806,BUY,-0.17518248175182477,0.11678832116788329
NO_BREAKOUT,UP_LOCATION,SWEEP_OR_FALSE_BREAK,LOW,MIXED,UP,1221,30.24767506305067,0.6786476508951998,0.3652743652743653,0.8312858312858313,0.45290745290745293,-0.17854217854217846,-0.5192465192465192,BUY,-0.17854217854217846,0.34070434070434075
NO_BREAKOUT,DOWN_LOCATION,LOW_RANGE,LOW,NONE,MIXED,184,28.06026286957655,0.5093896923437261,0.3967391304347826,0.7880434782608695,0.4782608695652174,-0.17934782608695654,-0.5163043478260869,BUY,-0.17934782608695654,0.3369565217391304
NO_BREAKOUT,STRONG_DOWN_LOCATION,SWEEP_OR_FALSE_BREAK,HIGH,FULL,DOWN,237,66.924138427154,1.2575784081411496,0.48945147679324896,0.7763713080168776,0.7341772151898734,-0.45569620253164556,-0.1814345991561182,SELL,-0.1814345991561182,0.27426160337552735
NO_BREAKOUT,DOWN_LOCATION,SWEEP_OR_FALSE_BREAK,HIGH,NONE,MIXED,351,67.06443963323302,1.2682090597935198,0.4358974358974359,0.8404558404558404,0.6210826210826211,-0.18518518518518517,-0.5185185185185185,BUY,-0.18518518518518517,0.3333333333333333
NO_BREAKOUT,UP_LOCATION,SWEEP_OR_FALSE_BREAK,HIGH,MIXED,UP,367,67.31189199326396,1.2139967143972135,0.3651226158038147,0.8610354223433242,0.5286103542234333,-0.1852861035422343,-0.4713896457765668,BUY,-0.1852861035422343,0.2861035422343325
BREAKOUT_WITH_HTF_UP,UP_LOCATION,LOW_RANGE,LOW,MIXED,UP,205,28.653098804814825,0.5196368610450038,0.3951219512195122,0.7658536585365854,0.4926829268292683,-0.448780487804878,-0.18536585365853653,SELL,-0.18536585365853653,0.2634146341463415
BREAKOUT_WITH_HTF_UP,STRONG_UP_LOCATION,ACCEPTED_BREAKOUT,HIGH,FULL,UP,637,71.6499394468411,1.3063982922009476,0.5368916797488226,0.7252747252747253,0.7519623233908949,-0.18681318681318676,-0.46624803767660916,BUY,-0.18681318681318676,0.2794348508634224
BREAKOUT_WITH_HTF_DOWN,DOWN_LOCATION,NORMAL_FLOW,HIGH,MIXED,DOWN,501,67.55293560465513,1.2939929819014107,0.2874251497005988,0.8602794411177644,0.4630738522954092,-0.187624750499002,-0.5329341317365269,BUY,-0.187624750499002,0.3453093812375249
NO_BREAKOUT,UP_LOCATION,SWEEP_OR_FALSE_BREAK,MEDIUM,MIXED,UP,1112,49.52092277337637,0.912308143960501,0.33902877697841727,0.8705035971223022,0.47571942446043164,-0.19424460431654678,-0.5089928057553957,BUY,-0.19424460431654678,0.31474820143884896
BREAKOUT_MIXED_HTF,MIXED_LOCATION,LOW_RANGE,LOW,NONE,MIXED,144,28.223126003754302,0.5288543836134987,0.1736111111111111,0.9444444444444444,0.2986111111111111,-0.3263888888888889,-0.19444444444444448,SELL,-0.19444444444444448,0.13194444444444442
BREAKOUT_WITH_HTF_DOWN,DOWN_LOCATION,SWEEP_OR_FALSE_BREAK,HIGH,MIXED,DOWN,123,70.34374818832755,1.5582491895522765,0.34146341463414637,0.8943089430894309,0.5772357723577236,-0.1951219512195122,-0.5691056910569106,BUY,-0.1951219512195122,0.37398373983739835
NO_BREAKOUT,DOWN_LOCATION,SWEEP_OR_FALSE_BREAK,VERY_LOW,NONE,MIXED,203,14.605075097677684,0.5047926610868767,0.45320197044334976,0.8226600985221675,0.46798029556650245,-0.1970443349753695,-0.5369458128078817,BUY,-0.1970443349753695,0.3399014778325122
NO_BREAKOUT,STRONG_UP_LOCATION,SWEEP_OR_FALSE_BREAK,HIGH,FULL,UP,223,67.05237725831557,1.1938168475236455,0.5919282511210763,0.6860986547085202,0.7399103139013453,-0.19730941704035876,-0.5605381165919282,BUY,-0.19730941704035876,0.36322869955156944
NO_BREAKOUT,DOWN_LOCATION,SWEEP_OR_FALSE_BREAK,MEDIUM,MIXED,DOWN,935,49.70951587186424,0.9244908558402305,0.32834224598930484,0.8609625668449198,0.5155080213903743,-0.43422459893048126,-0.197860962566845,SELL,-0.197860962566845,0.23636363636363628
NO_BREAKOUT,DOWN_LOCATION,SWEEP_OR_FALSE_BREAK,HIGH,MIXED,DOWN,365,66.78083435451222,1.2393093597333114,0.3150684931506849,0.915068493150685,0.5397260273972603,-0.4821917808219178,-0.20273972602739732,SELL,-0.20273972602739732,0.2794520547945205
BREAKOUT_WITH_HTF_UP,UP_LOCATION,EXPANSION,EXTREME,MIXED,UP,214,88.03717367790945,1.7532279394526327,0.3644859813084112,0.8130841121495327,0.5233644859813084,-0.49065420560747663,-0.20560747663551399,SELL,-0.20560747663551399,0.28504672897196265
NO_BREAKOUT,DOWN_LOCATION,LOW_RANGE,VERY_LOW,NONE,MIXED,141,14.374200792084162,0.44827603736778504,0.425531914893617,0.7659574468085106,0.5531914893617021,-0.2056737588652482,-0.425531914893617,BUY,-0.2056737588652482,0.21985815602836883
BREAKOUT_WITH_HTF_UP,UP_LOCATION,COMPRESSION,MEDIUM,MIXED,UP,136,50.41674953739064,0.9117758947218749,0.2867647058823529,0.8455882352941176,0.5220588235294118,-0.4779411764705882,-0.20588235294117646,SELL,-0.20588235294117646,0.27205882352941174
BREAKOUT_MIXED_HTF,MIXED_LOCATION,NORMAL_FLOW,LOW,NONE,MIXED,377,32.71308307821144,0.7452427438149037,0.15384615384615385,0.9442970822281167,0.259946949602122,-0.41909814323607425,-0.2122015915119363,SELL,-0.2122015915119363,0.20689655172413796
BREAKOUT_WITH_HTF_DOWN,DOWN_LOCATION,EXPANSION,EXTREME,MIXED,DOWN,256,90.04743732070779,1.9530637962466277,0.21875,0.94921875,0.54296875,-0.21484375,-0.4609375,BUY,-0.21484375,0.24609375
BREAKOUT_MIXED_HTF,MIXED_LOCATION,EXPANSION,HIGH,NONE,MIXED,224,71.55174789435718,1.2415691815632839,0.10714285714285714,0.96875,0.21875,-0.4732142857142857,-0.21874999999999994,SELL,-0.21874999999999994,0.25446428571428575
NO_BREAKOUT,STRONG_UP_LOCATION,NORMAL_FLOW,LOW,FULL,UP,127,32.12082641843395,0.7004332885762649,0.5590551181102362,0.6220472440944882,0.6141732283464567,-0.22047244094488194,-0.5511811023622046,BUY,-0.22047244094488194,0.3307086614173227
NO_BREAKOUT,DOWN_LOCATION,COMPRESSION,LOW,MIXED,DOWN,140,30.041596703707402,0.6330085384256443,0.37857142857142856,0.9,0.5428571428571428,-0.5357142857142857,-0.22142857142857142,SELL,-0.22142857142857142,0.3142857142857143
BREAKOUT_WITH_HTF_UP,UP_LOCATION,NORMAL_FLOW,LOW,MIXED,UP,455,32.27737604127211,0.737290166862164,0.389010989010989,0.7956043956043956,0.43736263736263736,-0.5538461538461539,-0.22197802197802197,SELL,-0.22197802197802197,0.3318681318681319
NO_BREAKOUT,DOWN_LOCATION,NORMAL_FLOW,LOW,MIXED,DOWN,229,31.23161664081026,0.7136662726420273,0.37117903930131,0.8602620087336245,0.49344978165938863,-0.5152838427947598,-0.22707423580786024,SELL,-0.22707423580786024,0.28820960698689957
BREAKOUT_WITH_HTF_DOWN,DOWN_LOCATION,ACCEPTED_BREAKOUT,EXTREME,MIXED,DOWN,240,84.68908019574307,1.9775021658752843,0.25416666666666665,0.9166666666666666,0.5916666666666667,-0.22916666666666669,-0.3916666666666666,BUY,-0.22916666666666669,0.16249999999999992
NO_BREAKOUT,STRONG_UP_LOCATION,SWEEP_OR_FALSE_BREAK,LOW,FULL,UP,667,30.707317088723368,0.6702873995668059,0.5787106446776612,0.6371814092953523,0.6401799100449775,-0.23688155922038984,-0.5622188905547226,BUY,-0.23688155922038984,0.3253373313343328
NO_BREAKOUT,STRONG_UP_LOCATION,SWEEP_OR_FALSE_BREAK,MEDIUM,FULL,UP,628,49.5531200582708,0.882806653032028,0.5286624203821656,0.6799363057324841,0.6640127388535032,-0.23885350318471343,-0.5254777070063694,BUY,-0.23885350318471343,0.286624203821656
BREAKOUT_WITH_HTF_UP,STRONG_UP_LOCATION,ACCEPTED_BREAKOUT,EXTREME,FULL,UP,352,84.92477004748083,1.9477772791093302,0.5,0.8011363636363636,0.7244318181818182,-0.24147727272727276,-0.38068181818181823,BUY,-0.24147727272727276,0.13920454545454547
BREAKOUT_WITH_HTF_UP,UP_LOCATION,SWEEP_OR_FALSE_BREAK,MEDIUM,MIXED,UP,132,51.17681931231003,1.0505473678134658,0.32575757575757575,0.8712121212121212,0.4772727272727273,-0.606060606060606,-0.24242424242424243,SELL,-0.24242424242424243,0.36363636363636354
NO_BREAKOUT,STRONG_UP_LOCATION,EXPANSION,HIGH,MIXED,UP,210,70.52785897334316,1.2166416882735274,0.3761904761904762,0.8761904761904762,0.5952380952380952,-0.35238095238095235,-0.24285714285714288,SELL,-0.24285714285714288,0.10952380952380947
NO_BREAKOUT,STRONG_UP_LOCATION,LOW_RANGE,VERY_LOW,MIXED,UP,129,14.651078647206921,0.43864427879069107,0.4728682170542636,0.751937984496124,0.6201550387596899,-0.4651162790697674,-0.24806201550387597,SELL,-0.24806201550387597,0.21705426356589141
BREAKOUT_WITH_HTF_DOWN,DOWN_LOCATION,NORMAL_FLOW,LOW,MIXED,DOWN,344,33.74224199477082,0.7643805299955868,0.36046511627906974,0.813953488372093,0.4941860465116279,-0.25,-0.5087209302325582,BUY,-0.25,0.25872093023255816
BREAKOUT_AGAINST_HTF_DOWN,STRONG_DOWN_LOCATION,NORMAL_FLOW,MEDIUM,NONE,MIXED,152,49.27819192565756,0.895479665556166,0.506578947368421,0.6644736842105263,0.5986842105263158,-0.25000000000000006,-0.3421052631578947,BUY,-0.25000000000000006,0.09210526315789463
NO_BREAKOUT,STRONG_DOWN_LOCATION,SWEEP_OR_FALSE_BREAK,HIGH,MIXED,DOWN,219,67.29383487079735,1.2182536271779039,0.4429223744292237,0.8401826484018264,0.589041095890411,-0.2511415525114155,-0.2876712328767123,BUY,-0.2511415525114155,0.0365296803652968
NO_BREAKOUT,MIXED_LOCATION,LOW_RANGE,LOW,NONE,MIXED,202,28.06954082638746,0.5001933277336323,0.26732673267326734,0.8861386138613861,0.38613861386138615,-0.3415841584158416,-0.2524752475247525,SELL,-0.2524752475247525,0.08910891089108913
NO_BREAKOUT,MIXED_LOCATION,NORMAL_FLOW,MEDIUM,NONE,MIXED,206,48.78153407220873,0.8278874274521836,0.2524271844660194,0.9077669902912622,0.441747572815534,-0.2572815533980582,-0.3446601941747573,BUY,-0.2572815533980582,0.0873786407766991
BREAKOUT_WITH_HTF_UP,STRONG_UP_LOCATION,EXPANSION,EXTREME,FULL,UP,668,88.9866614150429,1.8639502034969972,0.531437125748503,0.7649700598802395,0.7230538922155688,-0.25898203592814373,-0.4580838323353294,BUY,-0.25898203592814373,0.19910179640718567
NO_BREAKOUT,STRONG_DOWN_LOCATION,SWEEP_OR_FALSE_BREAK,LOW,FULL,DOWN,370,31.14633293781422,0.7000985836882747,0.4594594594594595,0.7432432432432432,0.6405405405405405,-0.5027027027027027,-0.2621621621621622,SELL,-0.2621621621621622,0.24054054054054047
BREAKOUT_MIXED_HTF,MIXED_LOCATION,NORMAL_FLOW,MEDIUM,NONE,MIXED,862,50.45115957130844,0.9528654252551012,0.15893271461716937,0.95707656612529,0.2529002320185615,-0.3317865429234339,-0.2633410672853828,SELL,-0.2633410672853828,0.06844547563805109
BREAKOUT_WITH_HTF_DOWN,STRONG_DOWN_LOCATION,ACCEPTED_BREAKOUT,HIGH,FULL,DOWN,516,72.41765441145073,1.4124657488346084,0.4786821705426357,0.8236434108527132,0.7267441860465116,-0.4476744186046512,-0.2635658914728682,SELL,-0.2635658914728682,0.184108527131783
NO_BREAKOUT,STRONG_UP_LOCATION,SWEEP_OR_FALSE_BREAK,VERY_LOW,FULL,UP,143,15.52826166975229,0.504414247459944,0.5804195804195804,0.6083916083916084,0.5944055944055944,-0.26573426573426573,-0.6293706293706294,BUY,-0.26573426573426573,0.36363636363636365
NO_BREAKOUT,STRONG_UP_LOCATION,SWEEP_OR_FALSE_BREAK,LOW,MIXED,UP,849,30.6598429282351,0.6651856291071897,0.4299175500588928,0.7938751472320377,0.5123674911660777,-0.369846878680801,-0.26855123674911663,SELL,-0.26855123674911663,0.10129564193168439
BREAKOUT_MIXED_HTF,MIXED_LOCATION,ACCEPTED_BREAKOUT,HIGH,NONE,MIXED,341,71.79891301926565,1.373476463897976,0.09970674486803519,0.9882697947214076,0.2903225806451613,-0.3695014662756598,-0.2697947214076246,SELL,-0.2697947214076246,0.09970674486803516
BREAKOUT_WITH_HTF_UP,STRONG_UP_LOCATION,SWEEP_OR_FALSE_BREAK,MEDIUM,FULL,UP,137,50.54845420573306,1.0528233723482203,0.5766423357664233,0.6642335766423357,0.6642335766423357,-0.27007299270072993,-0.5328467153284671,BUY,-0.27007299270072993,0.2627737226277371
NO_BREAKOUT,UP_LOCATION,NORMAL_FLOW,LOW,MIXED,UP,240,31.986755777532586,0.7111373002131678,0.4,0.8625,0.4875,-0.2708333333333333,-0.5208333333333333,BUY,-0.2708333333333333,0.24999999999999994
NO_BREAKOUT,MIXED_LOCATION,LOW_RANGE,VERY_LOW,NONE,MIXED,162,14.412029608957482,0.4537432048841316,0.2716049382716049,0.8888888888888888,0.41975308641975306,-0.2716049382716049,-0.4074074074074074,BUY,-0.2716049382716049,0.13580246913580246
NO_BREAKOUT,STRONG_UP_LOCATION,SWEEP_OR_FALSE_BREAK,VERY_LOW,MIXED,UP,230,15.076253687157521,0.493789123236595,0.45652173913043476,0.8130434782608695,0.508695652173913,-0.27391304347826084,-0.4913043478260869,BUY,-0.27391304347826084,0.21739130434782605
BREAKOUT_AGAINST_HTF_UP,STRONG_UP_LOCATION,NORMAL_FLOW,LOW,NONE,MIXED,120,32.78808042007196,0.7286005017894653,0.425,0.7,0.6166666666666667,-0.4833333333333333,-0.27499999999999997,SELL,-0.27499999999999997,0.20833333333333331
NO_BREAKOUT,MIXED_LOCATION,SWEEP_OR_FALSE_BREAK,HIGH,NONE,MIXED,320,67.49443706168942,1.2790519059726475,0.234375,0.946875,0.471875,-0.375,-0.27812499999999996,SELL,-0.27812499999999996,0.09687500000000004
NO_BREAKOUT,MIXED_LOCATION,NORMAL_FLOW,LOW,NONE,MIXED,200,30.927335785625374,0.7150681207867566,0.29,0.87,0.38,-0.315,-0.28,SELL,-0.28,0.034999999999999976
NO_BREAKOUT,STRONG_UP_LOCATION,LOW_RANGE,LOW,MIXED,UP,227,28.61715833514618,0.4964375017426918,0.40969162995594716,0.8105726872246696,0.4845814977973568,-0.2819383259911894,-0.37004405286343617,BUY,-0.2819383259911894,0.08810572687224677
BREAKOUT_WITH_HTF_UP,STRONG_UP_LOCATION,NORMAL_FLOW,MEDIUM,FULL,UP,1410,50.32628529320045,0.9212494092480401,0.5609929078014184,0.6985815602836879,0.6425531914893617,-0.28226950354609925,-0.4652482269503546,BUY,-0.28226950354609925,0.18297872340425536
BREAKOUT_MIXED_HTF,MIXED_LOCATION,NORMAL_FLOW,HIGH,NONE,MIXED,411,67.2040915312915,1.2678877933574528,0.1070559610705596,0.9732360097323601,0.2116788321167883,-0.29683698296836986,-0.2895377128953771,SELL,-0.2895377128953771,0.007299270072992747
NO_BREAKOUT,STRONG_UP_LOCATION,NORMAL_FLOW,MEDIUM,MIXED,UP,265,49.029510944034925,0.8072358641196457,0.4641509433962264,0.7962264150943397,0.6150943396226415,-0.4716981132075471,-0.29056603773584905,SELL,-0.29056603773584905,0.18113207547169807
BREAKOUT_MIXED_HTF,MIXED_LOCATION,COMPRESSION,MEDIUM,NONE,MIXED,120,49.723443980573045,0.9145348741472633,0.16666666666666666,0.95,0.3333333333333333,-0.375,-0.29166666666666663,SELL,-0.29166666666666663,0.08333333333333337
BREAKOUT_AGAINST_HTF_UP,STRONG_UP_LOCATION,NORMAL_FLOW,MEDIUM,NONE,MIXED,255,50.216611013527135,0.8999671108577356,0.4627450980392157,0.7490196078431373,0.6392156862745098,-0.6,-0.2941176470588236,SELL,-0.2941176470588236,0.3058823529411764
NO_BREAKOUT,STRONG_DOWN_LOCATION,SWEEP_OR_FALSE_BREAK,LOW,MIXED,DOWN,443,31.22194479687476,0.6995193796257807,0.43115124153498874,0.8036117381489842,0.5304740406320542,-0.29571106094808125,-0.40857787810383744,BUY,-0.29571106094808125,0.1128668171557562
NO_BREAKOUT,STRONG_DOWN_LOCATION,SWEEP_OR_FALSE_BREAK,MEDIUM,MIXED,DOWN,620,49.955309864467836,0.9198185315431217,0.4532258064516129,0.8306451612903226,0.617741935483871,-0.33870967741935487,-0.29677419354838713,SELL,-0.29677419354838713,0.04193548387096774
NO_BREAKOUT,STRONG_UP_LOCATION,SWEEP_OR_FALSE_BREAK,MEDIUM,MIXED,UP,837,49.19602045555767,0.8756253285706872,0.4336917562724014,0.8446833930704899,0.5483870967741935,-0.2974910394265233,-0.3632019115890084,BUY,-0.2974910394265233,0.06571087216248511
BREAKOUT_WITH_HTF_UP,STRONG_UP_LOCATION,NORMAL_FLOW,LOW,FULL,UP,570,33.25693168795002,0.7304871390881246,0.5333333333333333,0.6842105263157895,0.5964912280701754,-0.2982456140350877,-0.49473684210526314,BUY,-0.2982456140350877,0.19649122807017544
NO_BREAKOUT,DOWN_LOCATION,SWEEP_OR_FALSE_BREAK,VERY_LOW,MIXED,DOWN,267,14.975063983312651,0.5313351888409767,0.33707865168539325,0.8426966292134831,0.5056179775280899,-0.4344569288389514,-0.299625468164794,SELL,-0.299625468164794,0.13483146067415736
NO_BREAKOUT,STRONG_DOWN_LOCATION,EXPANSION,HIGH,FULL,DOWN,196,71.2264418910732,1.2537583834819515,0.47959183673469385,0.7959183673469388,0.7397959183673469,-0.43877551020408156,-0.3010204081632653,SELL,-0.3010204081632653,0.13775510204081626
BREAKOUT_WITH_HTF_DOWN,STRONG_DOWN_LOCATION,NORMAL_FLOW,HIGH,FULL,DOWN,596,67.74637507125568,1.319522653874922,0.4865771812080537,0.7533557046979866,0.6426174496644296,-0.4177852348993289,-0.3020134228187919,SELL,-0.3020134228187919,0.115771812080537
BREAKOUT_WITH_HTF_DOWN,STRONG_DOWN_LOCATION,ACCEPTED_BREAKOUT,EXTREME,FULL,DOWN,354,84.78370481883559,2.092188265287587,0.4519774011299435,0.8615819209039548,0.7231638418079096,-0.3022598870056497,-0.3587570621468926,BUY,-0.3022598870056497,0.05649717514124292
BREAKOUT_WITH_HTF_UP,STRONG_UP_LOCATION,NORMAL_FLOW,HIGH,FULL,UP,871,67.84842489054704,1.2844627109069366,0.5143513203214696,0.7164179104477612,0.6383467278989667,-0.304247990815155,-0.41446613088404133,BUY,-0.304247990815155,0.1102181400688863
NO_BREAKOUT,STRONG_UP_LOCATION,NORMAL_FLOW,LOW,MIXED,UP,183,32.2081446086716,0.7107857180037966,0.45901639344262296,0.8032786885245902,0.6229508196721312,-0.4371584699453552,-0.3060109289617487,SELL,-0.3060109289617487,0.13114754098360648
BREAKOUT_WITH_HTF_UP,STRONG_UP_LOCATION,LOW_RANGE,LOW,FULL,UP,286,28.56971279339769,0.5126358073780909,0.5769230769230769,0.6713286713286714,0.6188811188811189,-0.30769230769230765,-0.5104895104895104,BUY,-0.30769230769230765,0.20279720279720276
NO_BREAKOUT,STRONG_DOWN_LOCATION,EXPANSION,HIGH,MIXED,DOWN,195,71.73345329329501,1.231444797799984,0.38974358974358975,0.8358974358974359,0.5948717948717949,-0.3128205128205129,-0.33333333333333337,BUY,-0.3128205128205129,0.020512820512820495
NO_BREAKOUT,MIXED_LOCATION,SWEEP_OR_FALSE_BREAK,VERY_LOW,NONE,MIXED,235,14.953651312529841,0.527508983719398,0.2978723404255319,0.8936170212765957,0.4085106382978723,-0.42127659574468085,-0.31489361702127666,SELL,-0.31489361702127666,0.10638297872340419
BREAKOUT_WITH_HTF_DOWN,STRONG_DOWN_LOCATION,EXPANSION,EXTREME,FULL,DOWN,749,90.29745062168826,2.0573969157981904,0.43391188251001334,0.8464619492656876,0.7009345794392523,-0.34178905206942584,-0.3164218958611483,SELL,-0.3164218958611483,0.025367156208277564
NO_BREAKOUT,STRONG_UP_LOCATION,SWEEP_OR_FALSE_BREAK,HIGH,MIXED,UP,268,67.1943175412565,1.173901632895893,0.44029850746268656,0.8768656716417911,0.6119402985074627,-0.31716417910447764,-0.32462686567164184,BUY,-0.31716417910447764,0.007462686567164201
NO_BREAKOUT,STRONG_DOWN_LOCATION,NORMAL_FLOW,MEDIUM,FULL,DOWN,157,50.38820200095705,0.8503338742481431,0.49044585987261147,0.7643312101910829,0.6560509554140127,-0.48407643312101906,-0.3184713375796178,SELL,-0.3184713375796178,0.16560509554140124
BREAKOUT_WITH_HTF_DOWN,STRONG_DOWN_LOCATION,NORMAL_FLOW,LOW,FULL,DOWN,314,32.95204910967749,0.7595686700025576,0.5063694267515924,0.7101910828025477,0.6305732484076433,-0.4044585987261146,-0.321656050955414,SELL,-0.321656050955414,0.08280254777070062
NO_BREAKOUT,MIXED_LOCATION,SWEEP_OR_FALSE_BREAK,MEDIUM,NONE,MIXED,844,49.561020669573715,0.9325309584014017,0.22393364928909953,0.9016587677725119,0.43009478672985785,-0.3803317535545024,-0.3222748815165877,SELL,-0.3222748815165877,0.05805687203791471
BREAKOUT_WITH_HTF_UP,STRONG_UP_LOCATION,SWEEP_OR_FALSE_BREAK,HIGH,FULL,UP,136,70.41153851879784,1.5235203168791696,0.5,0.8014705882352942,0.6029411764705882,-0.33088235294117646,-0.3676470588235294,BUY,-0.33088235294117646,0.03676470588235292
BREAKOUT_MIXED_HTF,MIXED_LOCATION,EXPANSION,EXTREME,NONE,MIXED,208,88.29943344034412,1.7753910886415043,0.10576923076923077,0.9567307692307693,0.27884615384615385,-0.3317307692307693,-0.3557692307692307,BUY,-0.3317307692307693,0.024038461538461453
BREAKOUT_MIXED_HTF,MIXED_LOCATION,ACCEPTED_BREAKOUT,EXTREME,NONE,MIXED,183,85.01816763930417,1.9100776713293284,0.04918032786885246,0.9836065573770492,0.28415300546448086,-0.34426229508196726,-0.360655737704918,BUY,-0.34426229508196726,0.016393442622950727
NO_BREAKOUT,MIXED_LOCATION,SWEEP_OR_FALSE_BREAK,LOW,NONE,MIXED,901,30.656749557333193,0.694242105704447,0.26748057713651496,0.8945615982241953,0.38179800221975585,-0.34739178690344064,-0.34850166481687017,BUY,-0.34739178690344064,0.0011098779134295356
NO_BREAKOUT,STRONG_DOWN_LOCATION,NORMAL_FLOW,LOW,MIXED,DOWN,136,32.507659049430046,0.7117899332733031,0.5,0.7867647058823529,0.6397058823529411,-0.375,-0.3676470588235294,SELL,-0.3676470588235294,0.007352941176470618
NO_BREAKOUT,MIXED_LOCATION,EXPANSION,HIGH,NONE,MIXED,159,70.36027581498938,1.2309704234541434,0.2389937106918239,0.9433962264150944,0.4339622641509434,-0.3710691823899371,-0.4025157232704402,BUY,-0.3710691823899371,0.03144654088050314
BREAKOUT_WITH_HTF_DOWN,STRONG_DOWN_LOCATION,SWEEP_OR_FALSE_BREAK,HIGH,FULL,DOWN,132,70.15192806315858,1.5309611252439819,0.4621212121212121,0.8181818181818182,0.6590909090909091,-0.37121212121212116,-0.40909090909090906,BUY,-0.37121212121212116,0.0378787878787879
NO_BREAKOUT,STRONG_DOWN_LOCATION,NORMAL_FLOW,MEDIUM,MIXED,DOWN,185,49.28410489698095,0.8191492542284053,0.4918918918918919,0.8216216216216217,0.5783783783783784,-0.372972972972973,-0.4216216216216216,BUY,-0.372972972972973,0.048648648648648596
BREAKOUT_WITH_HTF_DOWN,STRONG_DOWN_LOCATION,EXPANSION,HIGH,FULL,DOWN,361,72.36158893535136,1.2778964657472438,0.47368421052631576,0.7728531855955678,0.6592797783933518,-0.3905817174515236,-0.3739612188365651,SELL,-0.3739612188365651,0.016620498614958512
BREAKOUT_WITH_HTF_UP,STRONG_UP_LOCATION,EXPANSION,HIGH,FULL,UP,508,72.14075684060133,1.244855311607303,0.5354330708661418,0.7440944881889764,0.65748031496063,-0.37401574803149606,-0.48425196850393704,BUY,-0.37401574803149606,0.11023622047244097
BREAKOUT_WITH_HTF_DOWN,STRONG_DOWN_LOCATION,NORMAL_FLOW,MEDIUM,FULL,DOWN,807,50.48629160641698,0.954284429756547,0.48698884758364314,0.7596034696406444,0.6294919454770755,-0.41016109045848825,-0.37794299876084264,SELL,-0.37794299876084264,0.03221809169764561
