side,horizon_minutes,score,quality_class,block,sample_size,success_rate,avg_return_atr,median_return_atr,avg_mfe_atr,avg_mae_atr,avg_win_atr,avg_loss_atr,payoff_ratio,profit_factor
DOWN,5,-5,VERY_WEAK,0,63,0.3968253968253968,-0.2216737620024459,-0.2447195921337821,1.0204703151221406,1.3162499964878098,1.1974204457089823,-1.218875097151017,0.9823979901696388,0.6903337228219084
DOWN,5,-5,VERY_WEAK,1,62,0.5161290322580645,0.33926373248165714,0.06376990591312169,1.2205249429979244,0.9387544482564347,1.4354395536559488,-0.9081087536821919,1.580691241919583,1.7987176201153876
DOWN,5,-5,VERY_WEAK,2,62,0.4032258064516129,-0.2706709982609649,-0.19393984191086294,0.8460789706690233,1.3425761876953657,0.943903089372461,-1.207628151578179,0.7816173282636124,0.6029619389462152
DOWN,5,-5,VERY_WEAK,3,62,0.41935483870967744,-0.23425941150712368,-0.3849113004009982,0.9715218790415766,1.2860961916586287,1.1893338453622528,-1.1961467472296754,0.9943042926102491,0.6718272247366548
DOWN,5,-5,VERY_WEAK,4,62,0.43548387096774194,-0.07051558334527816,0.14638286215686808,1.0349774170346817,1.3759560282321235,1.0208272228759705,-1.3123884318039405,0.7778392419024868,0.8851274131993816
DOWN,5,-4,VERY_WEAK,0,157,0.4394904458598726,-0.017733351004977985,-0.007993909402413499,0.9551418738471702,1.1694099565517666,1.1301671361675651,-1.1511034522639445,0.9818119595982423,0.969383960109657
DOWN,5,-4,VERY_WEAK,1,157,0.4267515923566879,-0.10207283601490426,0.02515723270437939,1.0095198829426715,1.2925504126332326,1.0635216246295114,-1.344351142754347,0.7911040432862922,0.8431503619235483
DOWN,5,-4,VERY_WEAK,2,157,0.5605095541401274,0.2807668030624245,0.3284457478008478,1.251028928096373,1.0654446216685929,1.1650299904936228,-1.1487920166180126,1.0141348247904909,1.639517966744627
DOWN,5,-4,VERY_WEAK,3,157,0.5477707006369427,0.0056186636283599295,0.21017811704839207,1.1157950516751698,1.2127266028867412,1.0419413179553758,-1.4232504506710104,0.732085710890967,1.0093909044102727
DOWN,5,-4,VERY_WEAK,4,157,0.4140127388535032,-0.2580790443376918,-0.3065236818589396,0.9073705166145051,1.3254748811664763,1.0367498815184542,-1.1258899201774493,0.9208270390723936,0.6171500368251148
DOWN,5,-3,VERY_WEAK,0,252,0.5079365079365079,0.19043979178422027,0.055864315937552464,1.3526493043631302,1.080394778947671,1.468415953504034,-1.1593018891180076,1.2666381097862258,1.3393140669051078
DOWN,5,-3,VERY_WEAK,1,251,0.46215139442231074,-0.18696331293097082,-0.14757103574704086,1.0593772593536366,1.2950128394841691,1.1245891728414323,-1.3139269303354064,0.8558993250517807,0.735439420044493
DOWN,5,-3,VERY_WEAK,2,252,0.4007936507936508,-0.2738458177396293,-0.12495406757101346,0.9767490816233679,1.4386872482845747,1.0353146557712667,-1.408451561449072,0.7350729582109966,0.6370632304495305
DOWN,5,-3,VERY_WEAK,3,251,0.4701195219123506,-0.06646171031071406,-0.008293838862740448,1.036109329263991,1.245251200328133,1.106158531825232,-1.2297754425884384,0.8994800949163395,0.8923413640043051
DOWN,5,-3,VERY_WEAK,4,252,0.42063492063492064,-0.1085334884331094,-0.09354704310960325,1.0405722461263465,1.2789393361320343,1.154208598763803,-1.1855782098657701,0.973540664933848,0.830372920090635
DOWN,5,-2,WEAK,0,332,0.5,-0.06834189431286895,-0.014483636099707585,1.219011291031732,1.1785503716314172,1.2330288266819853,-1.3467439310641802,0.915562935344109,0.899115696984634
DOWN,5,-2,WEAK,1,331,0.4350453172205438,-0.15289464743444414,-0.11375346809349898,1.023079474976683,1.3313577756225448,1.1675963074801023,-1.240773359753239,0.9410230307590663,0.7746543181386789
DOWN,5,-2,WEAK,2,332,0.46686746987951805,-0.15441321888960935,-0.1000375094121651,1.0761360490294618,1.2053109832168984,1.0814750807261189,-1.2631815791162913,0.8561517192822805,0.7680903995846746
DOWN,5,-2,WEAK,3,331,0.48338368580060426,0.06822538494265454,0.07077856420589014,1.1408118971443197,1.1654369688286959,1.106902254736884,-1.1111754478559543,0.9961543488678448,1.131117196133811
DOWN,5,-2,WEAK,4,332,0.5572289156626506,0.11925945444309277,0.11700032592902124,1.1474989785891954,0.9806968377490209,1.0609165247735326,-0.9888810464431286,1.0728454434327626,1.2634166735162138
DOWN,5,-1,WEAK,0,397,0.5340050377833753,-0.014262854670656962,0.15278369852499546,1.244702081976741,1.1462649528437105,1.2546912995362263,-1.4392915839938951,0.8717422609076745,0.9789618972759981
DOWN,5,-1,WEAK,1,397,0.5088161209068011,0.04664987973546721,0.041198501872538436,1.1739531740078601,1.1805510010339522,1.197125764130946,-1.2067633206322386,0.9920137144239326,1.0807728362408107
DOWN,5,-1,WEAK,2,397,0.4987405541561713,0.05946767432296609,-0.046009389671470675,1.2426059154392273,1.1153083723851323,1.2784643624950645,-1.093798800271225,1.1688295527276578,1.1058044297864604
DOWN,5,-1,WEAK,3,397,0.5264483627204031,0.17675240160448893,0.17441860465126907,1.2650178800762903,1.0724871893506331,1.2438819423476855,-1.1905843223364398,1.0447659346854599,1.340682297688856
DOWN,5,-1,WEAK,4,397,0.5264483627204031,0.007985233111104594,0.12694300518166227,1.2137819253729532,1.1932730964907494,1.2297117300836116,-1.310109300642273,0.9386329289325348,1.0127355285851034
DOWN,5,0,NEUTRAL,0,380,0.6078947368421053,0.28886487039984177,0.2570806269115467,1.4507644775093826,0.9049857907677994,1.355557303146587,-1.1693649914822672,1.159225146143896,1.586689418784458
DOWN,5,0,NEUTRAL,1,380,0.5263157894736842,0.09086307284490978,0.14782983307918196,1.383442329164014,1.076177615267287,1.2635377864367194,-1.3732455932371717,0.9201105706504862,1.1487771030014946
DOWN,5,0,NEUTRAL,2,379,0.5382585751978892,0.12970003267425897,0.045811518324771115,1.3283355152140206,1.1177937830483604,1.3315621051372237,-1.1429876284867613,1.164983830052581,1.2350101804929001
DOWN,5,0,NEUTRAL,3,380,0.5736842105263158,0.13464013196757593,0.13853747688323895,1.4128988152534703,1.0939571472651466,1.286386582688084,-1.295727409566975,0.9927910555801142,1.2336456903658224
DOWN,5,0,NEUTRAL,4,380,0.5210526315789473,0.05501402729960143,0.010215859894622122,1.3024442599978732,1.1065187905993603,1.3469947563460345,-1.2369667017468315,1.0889498920575813,1.088949892057581
DOWN,5,1,NEUTRAL,0,332,0.5783132530120482,0.18140335239429492,0.17408320943785632,1.4738211613460241,1.0307357710409188,1.4846493935334317,-1.3336057454512742,1.1132595960967808,1.2951647588576927
DOWN,5,1,NEUTRAL,1,331,0.6193353474320241,0.30446966447432045,0.2776292335116879,1.6297665680969116,0.9762371888986882,1.518246254848389,-1.2612107254222247,1.2038006212959493,1.5549091358406013
DOWN,5,1,NEUTRAL,2,331,0.6163141993957704,0.29873252294599023,0.3245674740485129,1.494509682251473,0.8990312185401449,1.3672980868957783,-1.1674350323882798,1.1711984384249876,1.60934461682858
DOWN,5,1,NEUTRAL,3,331,0.6012084592145015,0.23622720845622913,0.30274261603366176,1.3925694440405798,0.9572373040635853,1.3071415354909366,-1.2615007996430356,1.0361797121815663,1.4491498873263935
DOWN,5,1,NEUTRAL,4,331,0.5498489425981873,0.1393043531681776,0.05307050796029186,1.3210788206324557,1.0701868255438645,1.302520233771452,-1.0741739420290657,1.2125785059643606,1.2649738735060305
DOWN,5,2,STRONG,0,320,0.53125,0.2711015427055587,0.14451293288354838,1.4585357140055433,1.1240256505289103,1.6418995776630516,-1.3421505664621032,1.2233348617443751,1.4397070141617476
DOWN,5,2,STRONG,1,320,0.54375,0.13236074643477855,0.15671859929944862,1.425362293409817,1.049679864747151,1.2993846304995427,-1.2410755252876986,1.0469827210542462,1.2321633383835686
DOWN,5,2,STRONG,2,319,0.5266457680250783,0.2045887672668411,0.0337654507084398,1.4999073102490077,1.0516385201768592,1.5965995982391645,-1.2868514087749339,1.240702374300625,1.3293239724649555
DOWN,5,2,STRONG,3,320,0.565625,0.11953010390680918,0.0037140440171293558,1.379619004205869,1.0514696936057852,1.387036176423273,-1.1639194412199247,1.1916943108790208,1.2066841764246687
DOWN,5,2,STRONG,4,320,0.578125,0.2809764189517671,0.2676518267769912,1.3949299625260505,0.9010938332034248,1.2588184034522094,-1.1570778495453822,1.0879288752669505,1.6023758627962836
DOWN,5,3,STRONG,0,276,0.5652173913043478,0.14229555612714434,0.02355287438605149,1.5929529940899088,1.0848068313971502,1.5769987659474791,-1.323009227761822,1.1919786596011424,1.2182723065041088
DOWN,5,3,STRONG,1,276,0.6231884057971014,0.22197848514652044,0.09029578150068772,1.7806133439079228,0.9467374233145261,1.5221745392661499,-1.1964172102567114,1.2722773679756259,1.387938946882501
DOWN,5,3,STRONG,2,276,0.6014492753623188,0.20500665638019241,0.20312727013192877,1.460228191958321,0.8614176455421486,1.288328676742691,-1.1425402469975494,1.1276002575211288,1.4026247105750627
DOWN,5,3,STRONG,3,276,0.6557971014492754,0.3809400667620824,0.32787164392372864,1.6535824501468595,0.8714010237205846,1.3947280430844102,-1.1362788062053906,1.2274523078909765,1.8411784618364648
DOWN,5,3,STRONG,4,276,0.6159420289855072,0.2594783913102578,0.30508533288275974,1.525610218661576,0.904034652810502,1.4071473215171124,-1.2546730544248361,1.1215250989527092,1.4796591641644987
DOWN,5,4,VERY_STRONG,0,264,0.7348484848484849,0.7009330386420052,0.5563169504050032,2.077612397903558,0.6246950867590174,1.6455180537660457,-0.9794339882628664,1.6800704013596184,2.9887568192607943
DOWN,5,4,VERY_STRONG,1,263,0.6996197718631179,0.6326120043237253,0.607861060328923,1.9400474470130677,0.6064509853378486,1.7047623424404243,-1.1149930468064928,1.5289443708399073,2.4921793244690487
DOWN,5,4,VERY_STRONG,2,263,0.6730038022813688,0.4006287786470629,0.47214076246326725,1.7768352254114474,0.7088508270948386,1.4291163531048028,-1.2227682751538793,1.1687548508935233,1.8447993234691884
DOWN,5,4,VERY_STRONG,3,263,0.7376425855513308,0.5328711555569703,0.45714285714237834,1.8994152903051527,0.5996737464236412,1.394883960151587,-0.9423260151925801,1.4802562358065845,2.533222011792712
DOWN,5,4,VERY_STRONG,4,264,0.7045454545454546,0.6993775281745236,0.49553163061392713,1.9077300368986803,0.5582528887317009,1.6142781066177903,-0.9380567295780032,1.7208747144151866,3.0939130503847507
DOWN,5,5,VERY_STRONG,0,150,0.6933333333333334,0.4269354716069188,0.38521014089093175,2.0769687196198485,0.6783365322295815,1.6241559985996625,-1.4196250022293468,1.1440739604114643,1.7645886508041229
DOWN,5,5,VERY_STRONG,1,150,0.6866666666666666,0.9280650153211198,0.41504607535186766,2.3689561636364087,0.4967077866402202,2.2422409279640103,-1.0988842736704565,2.0404704860090064,3.14716634282745
DOWN,5,5,VERY_STRONG,2,150,0.6466666666666666,0.5373668525747265,0.22942152209070243,2.088095735424727,0.7936583599976504,1.8771209783565195,-1.2146193119091564,1.5454397603855263,2.0209596866579957
DOWN,5,5,VERY_STRONG,3,150,0.7333333333333333,0.787996735308198,0.5256165843282861,2.213702956162974,0.5217601537070686,1.9106250950174044,-1.1163499751892068,1.7114929345464251,2.925097015406618
DOWN,5,5,VERY_STRONG,4,150,0.78,0.9338974326363405,0.742817099452789,2.2151080231932285,0.5207190321622667,1.9815334081256335,-1.161374518342245,1.7061967322600549,3.41239346452011
UP,5,-5,VERY_WEAK,0,46,0.391304347826087,-0.27241700263190494,-0.29471360866717033,1.017549796935058,1.640475561531952,1.355379706810906,-1.4179035759435124,0.9559040049031534,0.6726731886355524
UP,5,-5,VERY_WEAK,1,45,0.5777777777777777,0.3968221716670699,0.4831521739130461,1.3308257949965692,0.9301519232030031,1.2434968338418728,-1.0600571014096438,1.1730470294367108,2.0528323015142442
UP,5,-5,VERY_WEAK,2,45,0.28888888888888886,-0.5696931996415642,-0.6500146929179537,0.7150893453779325,1.5681648182400314,0.8088726670568619,-1.3302812640269026,0.6080463499939242,0.3354738482725099
UP,5,-5,VERY_WEAK,3,45,0.4444444444444444,-0.06277390147602481,-0.04388714733571933,0.9110174198335481,1.1829757696026155,1.0320721958020913,-1.1100179945246573,0.9297796980706202,0.8893544938066802
UP,5,-5,VERY_WEAK,4,46,0.41304347826086957,-0.11882989598513996,0.10207131230366984,0.9304790408654758,1.2967402470303175,0.9895092040635874,-1.438281205566958,0.6879803478162891,0.8190242235908204
UP,5,-4,VERY_WEAK,0,150,0.4266666666666667,-0.24942522370634065,-0.2716539274680174,0.9634165882692521,1.4678538364176719,1.212517783456536,-1.1972783821965576,1.0127283691801232,0.6566041074904095
UP,5,-4,VERY_WEAK,1,150,0.42,-0.2974376621404301,-0.15567050897230694,0.9496486438301811,1.5770889716216865,1.0481499212467786,-1.371006555703035,0.7645112394880565,0.6079246000748402
UP,5,-4,VERY_WEAK,2,149,0.436241610738255,-0.12936447430408857,0.03162650602414596,0.9608083638569697,1.3275123081778848,0.9840731481856421,-1.2578485511517885,0.782346290644088,0.792918537814954
UP,5,-4,VERY_WEAK,3,150,0.3933333333333333,-0.16686037803614465,-0.10433383542359331,0.9325228698785141,1.4355111896317425,1.062290308188374,-1.1732013091956432,0.9054629413230789,0.739829476446906
UP,5,-4,VERY_WEAK,4,150,0.36,-0.3534939808269187,-0.3590735450818191,0.8574534888699638,1.4282562409413564,1.1163867640063232,-1.1107052736198006,1.0051152096973544,0.5177866231774249
UP,5,-3,VERY_WEAK,0,249,0.40562248995983935,-0.23387183555273522,-0.16179073399266564,0.9969897324905629,1.4353641367480279,1.1012181579137401,-1.36128116336887,0.808957170308938,0.6831193882608809
UP,5,-3,VERY_WEAK,1,248,0.4717741935483871,-0.10735348550914313,0.12934208692541566,0.9810363936996543,1.316425980037375,0.9125306123272247,-1.230954610244125,0.7413194643677805,0.8167078844729786
UP,5,-3,VERY_WEAK,2,249,0.39357429718875503,-0.29413214129244913,-0.09114159497783068,0.9057746208126162,1.594182954081531,0.9705755382340158,-1.3621075151147974,0.7125542789125691,0.6017125021928361
UP,5,-3,VERY_WEAK,3,248,0.4717741935483871,-0.12862194155574225,-0.03796043363749803,0.9934984776923509,1.3330585440114342,1.0700269142850547,-1.3080924157030858,0.818005594589375,0.804917505075945
UP,5,-3,VERY_WEAK,4,249,0.43775100401606426,-0.2801834063680749,-0.19341563785999746,0.9577084014935165,1.313095325161054,0.9951244403597443,-1.2731016584633055,0.781653557470742,0.6085731268879349
UP,5,-2,WEAK,0,357,0.4649859943977591,-0.09339875773335019,-0.10990579503286473,1.0621780521577562,1.2629725641726257,1.1755564560768086,-1.2731841457082005,0.9233200554998373,0.8584381056539027
UP,5,-2,WEAK,1,356,0.4747191011235955,-0.08935721705740404,0.07140059907234941,1.1006302726820762,1.3356536889258426,1.1262358625393745,-1.4583443798193907,0.7722701702864269,0.8693819881068757
UP,5,-2,WEAK,2,356,0.5,0.05402794428832343,0.0970277637722446,1.1445133724529708,1.1738066928731312,1.1333658861576088,-1.1953874914512732,0.9481158990392593,1.097515980099991
UP,5,-2,WEAK,3,356,0.5252808988764045,0.07050724740215325,0.1393990753396599,1.27918703724249,1.2095817621090539,1.2334177656710035,-1.3379868585756471,0.9218459492076307,1.116521491276323
UP,5,-2,WEAK,4,357,0.484593837535014,-0.11522889424267707,-0.09583991574487762,1.124827107443188,1.2595057719758802,1.1751224069128159,-1.236686046032268,0.9502188616771652,0.8258446651225624
UP,5,-1,WEAK,0,414,0.5144927536231884,0.03161452493534327,0.12500005362801678,1.256321811129324,1.1440509426130134,1.212313356701826,-1.3335684992946524,0.9090746799606018,1.0511175987044459
UP,5,-1,WEAK,1,413,0.4939467312348668,-0.07974715583974787,-0.05810397553504383,1.1388865712584597,1.2417485788492286,1.1011972671541579,-1.1994161606594416,0.9181110804349321,0.8704732413557611
UP,5,-1,WEAK,2,413,0.4963680387409201,0.04852532021766322,0.06597549481615032,1.2621890560184006,1.2593247345542258,1.437800845846792,-1.4310192063800249,1.0047390275661794,1.070375245447387
UP,5,-1,WEAK,3,413,0.4963680387409201,0.05485177708157717,-0.0051679586559736776,1.1719877384032307,1.200655896309334,1.2251526767716026,-1.0920396591784733,1.121893940823787,1.1002148308561774
UP,5,-1,WEAK,4,413,0.5230024213075061,0.10864392015657681,0.09417040358721479,1.2587273677115245,1.1950576131940287,1.2200324964531986,-1.170351885837892,1.0424492934274536,1.2007269348379046
UP,5,0,NEUTRAL,0,378,0.5714285714285714,0.11536702973386818,0.2695062109284897,1.3142800597220898,1.0594827325347524,1.2722269910257973,-1.4620410051144397,0.8701718943417835,1.1875930885041952
UP,5,0,NEUTRAL,1,377,0.5251989389920424,0.10316412998379196,0.05993150684931357,1.3138138359219846,1.1444593172436799,1.4051020787205577,-1.2548191419046604,1.1197646192962807,1.1684500375265539
UP,5,0,NEUTRAL,2,378,0.5185185185185185,-0.004554855336894262,-0.002813504823212526,1.1729371311702834,1.0920088543820794,1.1764555187113581,-1.1793405970110125,0.9975536513311197,0.9922755896838651
UP,5,0,NEUTRAL,3,377,0.5490716180371353,0.18758394342846252,0.13365155131252587,1.4371429962203643,1.1223468676298374,1.4429529129049083,-1.3325244316816518,1.082871637170581,1.3121856309243514
UP,5,0,NEUTRAL,4,378,0.5634920634920635,0.13458069784421017,0.06639266685042283,1.354114335332509,1.0336380635816627,1.3048325558197187,-1.139118838184382,1.1454753552311228,1.2467328451963047
UP,5,1,NEUTRAL,0,368,0.5543478260869565,0.2413926198176595,0.2339842408878096,1.3812424056081307,0.9459161370259678,1.366795154783836,-1.2055534965674246,1.1337490693490708,1.4576773748773766
UP,5,1,NEUTRAL,1,367,0.547683923705722,0.11741170605242908,-0.03598971722362093,1.340487034041759,0.9642326184128757,1.3094604559189675,-1.0553065235460033,1.2408342284466936,1.2207125923097202
UP,5,1,NEUTRAL,2,367,0.5613079019073569,0.09905036058844038,-0.08637709772951535,1.3316688873828386,1.066347685059221,1.455223286360768,-1.1781918658003128,1.235132688148611,1.1632466586796444
UP,5,1,NEUTRAL,3,367,0.5286103542234333,0.04042624542094573,-0.034869240348659826,1.3029205104476218,1.0607213164781741,1.3875066909523537,-1.2421663064414055,1.1170055762720885,1.0635319050675736
UP,5,1,NEUTRAL,4,368,0.5489130434782609,0.1843156774748665,0.0756635775786204,1.44125008640312,1.046287701356087,1.4096824891360848,-1.1956408929165672,1.1790182967875904,1.3298229626557707
UP,5,2,STRONG,0,327,0.5779816513761468,0.2407151810209411,0.1454629415838666,1.3502470035060643,1.001356768891319,1.3351604482945627,-1.0667429235072778,1.2516234407300042,1.4952280030197362
UP,5,2,STRONG,1,326,0.5276073619631901,0.1137263198658976,-0.045782684485864346,1.3828050347134646,1.099054507262947,1.492946540373448,-1.1994234709167404,1.2447201314414524,1.1850928197556343
UP,5,2,STRONG,2,326,0.5306748466257669,0.11430628400370775,0.01601384718058239,1.360561512587603,1.0506530272022296,1.3669140473608437,-1.1852742704793209,1.1532470428199444,1.1964938069256923
UP,5,2,STRONG,3,326,0.5214723926380368,0.09117517435236422,-0.17183335507018632,1.376164651836035,1.0835801052700076,1.537245863418415,-1.2522159391587007,1.2276204249973142,1.1404521107963215
UP,5,2,STRONG,4,327,0.5412844036697247,0.10936392267313919,0.1737253844078921,1.3216132685556574,0.9754212409942222,1.1797188836523664,-1.2175829810065877,0.9689022449025047,1.2011733310092694
UP,5,3,STRONG,0,273,0.5824175824175825,0.20130005208257476,0.05477603885590277,1.5248267102943391,0.9846142787899425,1.479120065103239,-1.2251036833823525,1.2073427622220352,1.347731455503667
UP,5,3,STRONG,1,272,0.6470588235294118,0.49115380184395696,0.38358317254817853,1.6659241886584482,0.7674128300687562,1.5815127996664364,-1.1146476313127855,1.4188455214351432,2.0895724952044836
UP,5,3,STRONG,2,272,0.6102941176470589,0.351788145890168,0.1665224228223809,1.6220080904559988,0.8676848580783443,1.555898003122484,-1.1734176732707657,1.3259541240635986,1.6795418904805581
UP,5,3,STRONG,3,272,0.6213235294117647,0.3278482424568902,0.2674088155380119,1.6311376990663362,0.8555933512542974,1.4456781625857034,-1.221424804739184,1.183599806534472,1.6404278020390048
UP,5,3,STRONG,4,273,0.5860805860805861,0.146755829808685,0.07446808510650506,1.355655110110592,0.9315022772913234,1.2386290088969125,-1.0804549667451906,1.146395774946745,1.2896952468150884
UP,5,4,VERY_STRONG,0,222,0.7162162162162162,0.586642021309716,0.6414763101409643,1.9844720309541513,0.6682111476220974,1.6828497702285319,-1.397632764707888,1.2040714934013839,2.179521817169594
UP,5,4,VERY_STRONG,1,222,0.7252252252252253,0.7163463385075644,0.5719767815309429,2.026127725162921,0.5909352290172045,1.6979868533283005,-1.0959130734691793,1.549380963175501,2.860395624324002
UP,5,4,VERY_STRONG,2,221,0.7330316742081447,0.7209461033882275,0.6912083152882521,2.0022157374571994,0.6267967491274667,1.7591663626915117,-1.1452219576379288,1.5360920657859813,2.761076877741891
UP,5,4,VERY_STRONG,3,222,0.6486486486486487,0.4805864078447139,0.47446163490425725,1.854229411670582,0.6946994241633302,1.555615216693444,-1.2521070840644157,1.242397903894787,2.002453092159833
UP,5,4,VERY_STRONG,4,222,0.7072072072072072,0.5921705153318114,0.30744773276099835,2.003707276067526,0.7399186081579074,1.9147453367720004,-1.175903193330336,1.628318851102999,2.1768052009482197
UP,5,5,VERY_STRONG,0,111,0.7297297297297297,0.9634184558567797,0.5836999790487354,2.334933271684536,0.5353554718214315,2.218178672344673,-1.1788550844884054,1.8816381262903987,3.2125528985445833
UP,5,5,VERY_STRONG,1,110,0.7,0.922294686650347,0.4478122555928299,2.217397893619402,0.46295641607493176,2.0109253115024397,-0.9097909990763454,2.2103156807926303,3.7197995603583287
UP,5,5,VERY_STRONG,2,110,0.7272727272727273,0.7861080791790382,0.7150325843789038,2.1217454889266967,0.4579876597640283,1.7235110235528408,-1.2226125159076808,1.4096952232435536,3.020775478379043
UP,5,5,VERY_STRONG,3,110,0.7181818181818181,0.846621160984679,0.6836598501453012,2.114218831940237,0.36774049505773826,1.7982940330971176,-1.2806476119725372,1.4042067593654959,3.1388151091699323
UP,5,5,VERY_STRONG,4,110,0.7363636363636363,0.9905519810125683,0.7485657844592299,2.29234966012487,0.42278210018149326,2.1067165512689527,-1.1242861521047913,1.8738259359727416,3.550407036579932
DOWN,15,-4,VERY_WEAK,0,70,0.5142857142857142,0.1337504366615575,0.10594924181499919,2.3585457987151255,2.2044794001862873,2.4804612435065727,-2.351002182350811,1.0550654789381408,1.117128154169796
DOWN,15,-4,VERY_WEAK,1,69,0.5072463768115942,-0.34311243038775935,0.2329277377700802,1.8022141818765802,2.3432555580995755,1.880794283202497,-2.6324281649659644,0.7144712658196372,0.7354851265790382
DOWN,15,-4,VERY_WEAK,2,69,0.5217391304347826,0.1685994727263492,-0.13142292490089857,1.9850300316970046,1.9325096968270017,1.9258719776689006,-1.538465246360701,1.2518137684452901,1.2160476607754247
DOWN,15,-4,VERY_WEAK,3,69,0.4782608695652174,0.07001121559049321,-0.10040983606580635,1.9000849694497837,2.165034870074615,2.130667798471558,-1.9317694649225412,1.1029617338717963,1.071448541475459
DOWN,15,-4,VERY_WEAK,4,69,0.43478260869565216,-0.3230669933601025,-0.322851153039889,1.764941934330634,2.3215019363923566,1.8541634181218367,-1.8099560548599638,1.0244245506089336,0.6996070101719546
DOWN,15,-3,VERY_WEAK,0,106,0.5377358490566038,0.007751879410412484,-0.10842769468871116,2.3254362246105837,2.128010929061546,2.28939814721995,-2.1079564780129765,1.0860746752124626,1.0070874261061016
DOWN,15,-3,VERY_WEAK,1,106,0.41509433962264153,-0.33232109376291286,-0.31294701930408286,1.9190320533204188,2.3295174135004264,2.07639496947122,-2.041732493477458,1.016976991895116,0.7217256071513725
DOWN,15,-3,VERY_WEAK,2,105,0.4857142857142857,-0.19150996892162667,-0.021140052850113798,1.9883429795503078,2.3012456770862357,1.819405329681668,-2.164483469438067,0.8405725224383503,0.8247126635244193
DOWN,15,-3,VERY_WEAK,3,106,0.5094339622641509,-0.03372422956682132,0.047954447155631616,1.9005059078381663,2.0209921364821617,1.967218636518786,-2.034667095652429,0.9668503711109482,0.9668503711109482
DOWN,15,-3,VERY_WEAK,4,106,0.46226415094339623,0.17848727995056404,-0.11025939595894657,2.0356093164814895,2.0380229557683647,2.4978416450108782,-1.9721867676508178,1.266534025064065,1.1744224596048602
DOWN,15,-2,WEAK,0,146,0.5,-0.05215459415146339,0.030232370953678967,2.1154468643403272,2.1067619386665823,2.1949259525853013,-2.3616540449642494,0.9294019830150559,0.9552187047654741
DOWN,15,-2,WEAK,1,145,0.47586206896551725,0.02723794546265364,-0.0772168010183093,2.4038549265227633,2.3680950493493698,2.507480593115629,-2.287655192346791,1.0960920166221948,1.0230192155140487
DOWN,15,-2,WEAK,2,146,0.4794520547945205,0.03420524157912502,-0.19966794675601407,1.9278074409142831,2.2114571732172426,2.1514783551217755,-1.7840395451616244,1.2059588930955356,1.0358877671461653
DOWN,15,-2,WEAK,3,145,0.496551724137931,0.011205750238732293,-0.014445399828126714,2.0516977381716375,2.0138488040429836,1.9595870939300006,-1.9104854380595044,1.0257011411300623,1.0116504405666367
DOWN,15,-2,WEAK,4,146,0.541095890410959,0.10589373208296764,0.3908006697409193,2.1935264821284925,1.9852199500242989,1.961111407988459,-2.1428549659842946,0.9151862534418638,1.1093166708386226
DOWN,15,-1,WEAK,0,173,0.5375722543352601,0.2479286012149593,0.3238573021181341,2.463757258136935,2.14983802875855,2.3813213021778576,-2.2905386632219074,1.0396337509659208,1.2370325644404627
DOWN,15,-1,WEAK,1,172,0.5465116279069767,0.08910016571630233,0.054902557973030716,2.2223402049230545,2.090609027666197,2.269000443110892,-2.090800111678288,1.085230687733971,1.0852306877339712
DOWN,15,-1,WEAK,2,173,0.45664739884393063,-0.0582132037948109,-0.3134130146083162,2.0089843253353132,1.9453795610046853,2.033391094036778,-1.8355782869398685,1.1077659332235223,0.9410054701576158
DOWN,15,-1,WEAK,3,172,0.5406976744186046,0.32126344731653694,0.23402144761824706,2.091659945447868,1.82150192454895,1.8819921609546062,-1.7456475518257706,1.0781054623461839,1.4277612879719732
DOWN,15,-1,WEAK,4,173,0.5028901734104047,-0.017433794900796964,-0.04721753794240878,1.9569981474672289,1.9478552370798796,1.9935054115259125,-1.959818255653869,1.017188918296306,0.9825120233543866
DOWN,15,0,NEUTRAL,0,157,0.554140127388535,0.2143100744982972,0.12759752096245275,2.4061250277487845,1.8719079760761363,2.062143613570921,-1.8837155921938875,1.0947213168041072,1.244683141023848
DOWN,15,0,NEUTRAL,1,157,0.5477707006369427,-0.08300926279395276,0.03507014028069184,2.269081811751984,2.023901804182419,1.893966811393606,-2.1651289364491983,0.8747593639849011,0.9207993305104221
DOWN,15,0,NEUTRAL,2,157,0.5668789808917197,0.13403903543061985,0.11441307578023288,2.557330922225532,2.3265004221485017,2.6351894680329147,-2.6005521042145556,1.0133192346972109,1.107895696602284
DOWN,15,0,NEUTRAL,3,157,0.5477707006369427,0.23799303752679,0.29153743907859614,2.4834226142852467,1.9642050388702557,2.2875020073975314,-2.1815661630150576,1.048559537720398,1.2378827875865812
DOWN,15,0,NEUTRAL,4,157,0.5222929936305732,0.02147027001680634,0.06550558877024654,2.160484503361988,2.111015689406534,1.9667088369306818,-2.0517445184045613,0.9585544492937145,1.0216172420104062
DOWN,15,1,NEUTRAL,0,138,0.5507246376811594,0.4318755276721887,0.1960958397524556,2.5227002927418853,1.8458016464582332,2.482386956399358,-1.8050460309392686,1.375248560895497,1.5002711573405423
DOWN,15,1,NEUTRAL,1,137,0.5474452554744526,0.02782356129044051,-0.13506994693668065,2.3831210671218503,1.9955421114490588,2.3628233591021415,-2.0801623672895673,1.1358841003266869,1.025450923906037
DOWN,15,1,NEUTRAL,2,138,0.5217391304347826,0.053341756280333726,-0.10187720019152222,2.330135110742986,1.9142277952483582,2.0943247711407444,-1.9293274581554942,1.0855206368871118,1.0545057615474798
DOWN,15,1,NEUTRAL,3,137,0.5547445255474452,0.11342377977805691,-0.060301507537628404,2.316170626832233,1.9545839529773996,2.060992637844526,-1.8059194426642606,1.1412428423739418,1.1247030910351892
DOWN,15,1,NEUTRAL,4,138,0.6086956521739131,0.3579927671982082,0.12189180761014583,2.4497240896947146,1.7700314918000528,2.284120521143456,-1.9662264066517177,1.1616772684042422,1.405254760166422
DOWN,15,2,STRONG,0,124,0.5403225806451613,0.2696701226088187,-0.05086167225874613,2.837237970279923,1.9785888020210538,2.508176019282694,-1.968835774065056,1.2739386658461929,1.2739386658461929
DOWN,15,2,STRONG,1,124,0.532258064516129,0.11815727879852642,0.23252967717013373,2.3867564216471218,2.1153916797460073,2.3051991047405003,-2.4525760955543197,0.939909309610836,1.1048056797180004
DOWN,15,2,STRONG,2,123,0.6260162601626016,0.8139981242117921,0.7255278310937009,3.100412444626856,1.5101077117396138,2.650228280224992,-2.1552251067882757,1.229675857003342,1.9884120240905103
DOWN,15,2,STRONG,3,124,0.5725806451612904,-0.04986430835602672,0.14263419556320772,2.5411538872798274,2.1078222619929776,2.022786851165145,-2.408398386431843,0.8398888084965046,0.9557355407029191
DOWN,15,2,STRONG,4,124,0.5645161290322581,0.333927053648905,0.05588705667867952,2.533062295057081,1.8283370465261544,2.4628352630097483,-1.8647814248713104,1.3207098859748188,1.3640118494494031
DOWN,15,3,STRONG,0,108,0.5925925925925926,0.7504428727390061,0.6059829043541223,2.8554049527754533,1.7116508667415107,2.341354007757914,-1.7495603394335633,1.3382527912789504,2.102968672009779
DOWN,15,3,STRONG,1,107,0.5700934579439252,-0.008081074956432245,-0.13321439191185816,2.7846027057860065,2.128230884552851,2.325242814707918,-2.091550281352396,1.1117317309744121,0.9926176169414395
DOWN,15,3,STRONG,2,108,0.6018518518518519,0.5407239009394715,0.2306946825845662,2.6135806218658297,1.7160917618672589,2.6206150516965656,-1.7324757175204852,1.5126417214361787,1.660939929420118
DOWN,15,3,STRONG,3,107,0.6448598130841121,0.7408400428227557,0.5403028822667723,3.258600249450925,1.9136811573347507,2.8181848701876717,-2.351022025813398,1.1987062814575913,1.7841209770531592
DOWN,15,3,STRONG,4,108,0.6111111111111112,0.9273385650384967,0.5807997517370929,2.971018597369897,1.5871360784756856,2.874226060453104,-2.1320560706130296,1.3481005964475776,2.1184437944176224
DOWN,15,4,VERY_STRONG,0,95,0.6526315789473685,0.7130830116349475,0.4279413273155604,3.478729292327006,1.649250479256818,2.4666788528558556,-1.9173107501964146,1.2865305494183257,1.9297958241274886
DOWN,15,4,VERY_STRONG,1,95,0.631578947368421,0.6440350130652381,0.5484975275769192,2.9295266809954756,1.5980396468261409,2.5973468222617946,-1.9286195649009583,1.3467388123251658,1.7737535576965595
DOWN,15,4,VERY_STRONG,2,94,0.5638297872340425,0.05695804132460065,0.0005787751060498426,2.5538454565011435,1.920684784884083,2.3660526620201283,-2.252136579370927,1.0505813384910345,1.0505813384910345
DOWN,15,4,VERY_STRONG,3,95,0.6421052631578947,0.18374081695724248,0.42682926829293544,2.817906568566471,1.80591384420092,1.9655167365639448,-2.374706657349817,0.8276882243457683,1.1884753990605903
DOWN,15,4,VERY_STRONG,4,95,0.6526315789473685,0.9601145161075552,0.8855858969931372,3.0426506747171493,1.1745853018371444,2.6083919855433204,-1.741229114356616,1.4980176727099586,2.4550845191635435
DOWN,15,5,VERY_STRONG,0,51,0.5294117647058824,0.3494052467413994,-0.19693779904309802,2.9046605044517677,1.5877649105853646,2.747249292224746,-1.4696488567287251,1.8693236004278035,1.41810755894523
DOWN,15,5,VERY_STRONG,1,50,0.72,0.8795347591493808,0.7540901775831768,3.425911897671475,0.8297088423381648,2.3323492960780468,-1.7032466398349144,1.3693549962347835,2.4344088821951706
DOWN,15,5,VERY_STRONG,2,50,0.72,1.5016267180619483,1.1228540413632533,3.704643887358841,1.1385499913555537,3.1257931701148842,-1.6511669829819864,1.8930811979232662,3.674804678321635
DOWN,15,5,VERY_STRONG,3,50,0.68,0.8420215552733106,0.1662378988014766,3.3372189554389426,1.3454240415619125,3.066137230687172,-1.7688968462994838,1.7333612398605962,2.034815368532004
DOWN,15,5,VERY_STRONG,4,51,0.6470588235294118,0.4533042236777799,0.3766275691380634,2.7218888381967044,1.3894063639565593,2.1230977652148866,-1.7477872628938604,1.2147346592397144,1.601241141725078
UP,15,-4,VERY_WEAK,0,71,0.39436619718309857,0.10415310556814021,0.06621427102598974,1.773949081118247,2.3609908500346797,1.9370098149053607,-1.8904262545929527,1.0246418288992916,1.1150514020374642
UP,15,-4,VERY_WEAK,1,70,0.5,-0.22759407031550913,-0.026859972848145945,1.7454190702951635,2.466382771511241,1.9756128380506848,-2.430800978681703,0.8127415018246864,0.8127415018246864
UP,15,-4,VERY_WEAK,2,71,0.5070422535211268,-0.02274741027663071,-0.13021525378700716,1.8303862686295551,2.2895883935100656,1.9592488439212192,-1.743954683658974,1.123451694175068,0.9756291028362433
UP,15,-4,VERY_WEAK,3,70,0.5,0.028015360625489517,-0.0014989255060570885,1.9975145980526143,2.258895954490293,1.9137971207443416,-1.8577663994933626,1.0301602619501888,1.0301602619501888
UP,15,-4,VERY_WEAK,4,71,0.43661971830985913,-0.4943374499644886,-0.5022421524664881,1.7547989870350986,2.3931085922794826,2.1859929441019634,-2.1390856463234478,1.0219286674468306,0.6270925913878278
UP,15,-3,VERY_WEAK,0,117,0.4358974358974359,-0.5509760213712462,-0.3544127866574214,1.7706065394591255,2.6059061934872645,1.84810734899267,-2.161789141472733,0.8548971375319403,0.5740023637714456
UP,15,-3,VERY_WEAK,1,117,0.452991452991453,0.14551034726398243,-0.17553893532793693,2.1948484457076924,2.3791725664576298,2.3875423447901936,-1.9127485357108998,1.2482259430421312,1.145912341153432
UP,15,-3,VERY_WEAK,2,117,0.37606837606837606,-0.2480840815273883,-0.4075399665951712,1.8484464543578165,2.57445408420105,2.2740225194857766,-2.196984636855743,1.0350652805384601,0.7998231713251738
UP,15,-3,VERY_WEAK,3,117,0.46153846153846156,-0.10780813586658793,0.05673420738977423,1.7711978726322535,2.0878430560345556,1.6412669645161406,-1.9837423172742719,0.8273589519284421,0.8864560199233308
UP,15,-3,VERY_WEAK,4,117,0.48717948717948717,-0.21229454322347338,-0.3406993006992753,1.984103898775556,2.2003888757574996,1.9688459323316418,-2.2146530125855466,0.8890087617080331,0.8161391910762272
UP,15,-2,WEAK,0,162,0.4506172839506173,-0.1383665194082743,0.09216360193615025,1.9006727798310667,2.2354641812143132,1.8045536097434247,-2.2831484801601496,0.7903794367402884,0.8724967808172015
UP,15,-2,WEAK,1,161,0.4472049689440994,-0.06945597364071357,0.05586344491238305,1.9786504546085608,2.1985741369731695,1.7666579587077076,-2.0232695170371104,0.8731698588998729,0.929142285752429
UP,15,-2,WEAK,2,162,0.49382716049382713,-0.40297866825696677,-0.11558310020755513,2.0064394152428706,2.301324497537126,1.9212304664054267,-2.615177724140449,0.7346462340477806,0.6992415962623455
UP,15,-2,WEAK,3,161,0.515527950310559,0.41074665140178646,-0.1167993932500449,2.477955771962337,2.139309884017373,2.8799032842069354,-1.968074982642199,1.4633097364718186,1.4097740144057767
UP,15,-2,WEAK,4,162,0.43209876543209874,-0.04149800251352518,0.0804966901585786,2.0331529414361187,2.170307025491868,1.9784776231816286,-2.1119730188510575,0.9367911453044735,0.9602109239370854
UP,15,-1,WEAK,0,173,0.47398843930635837,-0.1512677519532447,-0.3376036171816298,2.3228319863723814,2.4690153152774417,2.4261806616396235,-2.4738036850808838,0.9807490692456855,0.8837519085510572
UP,15,-1,WEAK,1,172,0.5,-0.24421863113073208,0.048255223894930054,1.9243658951726117,2.6375452229824474,2.0828384494032512,-2.6260299959125737,0.7931510503098586,0.8118134279642081
UP,15,-1,WEAK,2,173,0.5202312138728323,0.0860244027121218,0.08045977011487944,2.3772678845122646,2.2246682150145634,2.292252832670475,-2.306271485194527,0.9939215081077633,1.0777462136108276
UP,15,-1,WEAK,3,172,0.5058139534883721,-0.20706474922730814,0.00874422560887464,2.1420452241056522,2.215789606347436,2.0589228276359197,-2.4730523260905364,0.8325431718182514,0.8325431718182514
UP,15,-1,WEAK,4,173,0.45664739884393063,-0.15507141092139703,-0.03233789803649335,2.111422580478334,2.2436102159545714,2.037625093174686,-2.2730168978323864,0.8964408030216684,0.8658803211004753
UP,15,0,NEUTRAL,0,158,0.5379746835443038,0.17906267163397763,-0.031208291293521137,2.359988511066126,1.9717998836732245,2.5068469045721278,-1.9783958857233326,1.2671108561548516,1.174395427655716
UP,15,0,NEUTRAL,1,158,0.5,0.057543473643419336,0.08962991122743347,2.1999119420748947,2.105700753430621,2.05833851931899,-2.101209075638118,0.9795971962922784,1.0569338170521951
UP,15,0,NEUTRAL,2,157,0.5286624203821656,-0.12755155618764144,-0.021126760563201313,2.13199166261809,2.2393940649863846,1.981866728621122,-2.1578666553160764,0.9184379969627111,0.8839965720766093
UP,15,0,NEUTRAL,3,158,0.5379746835443038,0.1246172336929408,0.3179807383022276,2.4292922811901065,2.1078825482334165,2.1364570978320216,-2.2487406998921835,0.9500682306032237,1.1216083277954723
UP,15,0,NEUTRAL,4,158,0.5189873417721519,-0.11350149952091597,-0.08309023455891221,2.2831316872797185,2.089826909591445,2.3216756929648317,-2.3704949949955116,0.9794054397356902,0.9077416270721029
UP,15,1,NEUTRAL,0,137,0.5328467153284672,0.2194322390892854,0.04622067767171367,2.6127546293109836,2.0831034085411244,2.6221627366879297,-2.365323296206226,1.108585342601433,1.192569080677299
UP,15,1,NEUTRAL,1,136,0.5220588235294118,-0.07197182238750471,-0.11094035370373478,2.0653347516385328,2.0863779017168977,1.912160499959595,-1.7843051964678787,1.0716555126022231,0.9248533875882199
UP,15,1,NEUTRAL,2,136,0.5147058823529411,0.09246311658102165,0.15011198028260278,2.211989513470765,1.9467651138891289,2.006074001470157,-2.0603491289192553,0.9736573153125907,1.0953644797266644
UP,15,1,NEUTRAL,3,136,0.5661764705882353,0.3901134925050741,0.38359152947822556,2.5211495867506586,1.8473489690644527,2.293368641663597,-2.0549251150125984,1.1160351415771843,1.4376045891502713
UP,15,1,NEUTRAL,4,137,0.5401459854014599,-0.002365462912731249,-0.03197563760941026,2.2468678329694165,2.047978268473528,2.195038355093052,-2.136110698699691,1.0275864244438417,0.9978013106918464
UP,15,2,STRONG,0,126,0.5714285714285714,0.4461135919950999,0.8088875636309779,2.4949829749205565,2.0170209545182174,2.476876084689541,-2.261569731597488,1.095202173111845,1.4602695641491266
UP,15,2,STRONG,1,125,0.52,0.44540415659462457,0.08913649025086988,2.5477188267674444,1.9409152583479734,2.707078069673708,-1.9274996210621178,1.4044506365101206,1.4735219792893068
UP,15,2,STRONG,2,126,0.49206349206349204,0.13105816235061704,-0.06807205358389438,2.256382088573072,1.8876293445040784,2.4094567701011798,-2.007131300307603,1.2004480074282726,1.126574283894225
UP,15,2,STRONG,3,125,0.488,-0.35525354883606286,-0.5693261037951393,2.258559975043137,2.461654506747392,2.423195197895009,-2.334422519110251,1.0380276826744257,0.739416979439317
UP,15,2,STRONG,4,126,0.5396825396825397,0.7349238276427067,0.011190107149940816,3.0096716190129897,1.94854981402755,3.448105880214938,-2.0657802266254035,1.669154267125337,1.7229979531616382
UP,15,3,STRONG,0,100,0.49,-0.007868858508430882,-0.05231574126977034,2.414820224724085,2.1641146155033177,2.360910670628233,-2.376648387645095,0.9933781887557815,0.9933781887557815
UP,15,3,STRONG,1,99,0.6565656565656566,0.7390907699197037,0.48759007205762894,2.7268240147413763,1.4280695683819804,2.253959312260829,-1.6926718901542073,1.331598477750751,2.137565977441995
UP,15,3,STRONG,2,100,0.64,0.6047596234832394,0.4806807550886595,2.8634011431743134,1.57717171292853,2.2532515463001292,-1.7674604605703332,1.2748525902373162,1.8345439713171134
UP,15,3,STRONG,3,99,0.5252525252525253,0.29969937642892414,0.1792086889060784,2.446207555745228,1.8210228906005013,2.1830206988272294,-1.87021432111695,1.1672569684545362,1.3448830288715308
UP,15,3,STRONG,4,100,0.55,0.17785466472382624,0.1915373738303771,2.1804367733104173,1.9720916818507095,1.9731046775902665,-2.1070089880152794,0.9364481541433074,1.1918431052733005
UP,15,4,VERY_STRONG,0,90,0.7,0.8382685436901085,0.7649308727387782,2.9949647950541274,1.5414383480792,2.4926180411660686,-2.3873431832229417,1.0440970777402034,2.053390919555733
UP,15,4,VERY_STRONG,1,89,0.6853932584269663,0.5349724825220041,0.27735849056608813,3.0128084003904956,1.5920889500692303,2.5895500150789523,-2.0991012771663904,1.2336470103884776,1.5815987312672788
UP,15,4,VERY_STRONG,2,89,0.6179775280898876,0.49754363611493224,-0.053158439765555246,2.825917381369298,1.5628632195403713,2.6397729929235583,-1.5049751104670441,1.7540309966351193,1.6396376707676115
UP,15,4,VERY_STRONG,3,89,0.5056179775280899,-0.03867670181500583,-0.1837270341209379,2.2812385754168494,1.8817197304126039,2.12832240031618,-1.8896551015520604,1.1263020424034478,0.9620496612196117
UP,15,4,VERY_STRONG,4,90,0.5888888888888889,-0.09304397976292687,-0.09713409364007554,2.4858321582926592,1.9709199228744783,2.5258186615498968,-2.598043027975193,0.9722004733379705,0.9299308875406673
UP,15,5,VERY_STRONG,0,41,0.4878048780487805,-0.4843699370147801,-0.7836492129777641,2.440840861465037,2.141184938102038,2.1359622375288456,-2.340438560649848,0.9126333301121874,0.6464486088294661
UP,15,5,VERY_STRONG,1,40,0.65,1.094969245668866,0.671901698475627,2.991921384452702,1.2057138136778716,2.5951344417167235,-1.1552785484029209,2.246327905338749,3.3694918580081232
UP,15,5,VERY_STRONG,2,41,0.7560975609756098,1.2975673357528414,0.8231021960918808,3.4940753841740633,0.9772201443141942,2.7182086270005135,-1.7622754453959897,1.542442547277121,3.3221839479814914
UP,15,5,VERY_STRONG,3,40,0.575,0.6200208877633437,0.4471795808967733,2.712741787815113,1.433644559116899,2.709706893967002,-1.9340397864855714,1.4010605742971447,1.7124073685853989
UP,15,5,VERY_STRONG,4,41,0.8292682926829268,1.9699169914939665,1.251249999999821,4.025403145603204,0.7043835344466695,3.241327085652013,-1.4975650834825254,2.164398142960466,5.902904026255817
DOWN,30,-4,VERY_WEAK,0,38,0.3684210526315789,-0.7058427920115568,-0.6552969962904461,2.240339529285562,3.5560398365228685,1.9665431485257292,-2.869202839113169,0.685397045380577,0.554845227212848
DOWN,30,-4,VERY_WEAK,1,38,0.42105263157894735,-0.4912325328691107,-0.36473722005454146,2.5919189205878035,3.1816542713060096,3.0551102267347265,-3.362081433500788,0.9086960822223673,0.7356111141800116
DOWN,30,-4,VERY_WEAK,2,38,0.5526315789473685,0.24970915517054115,-0.29906243555117373,2.881978158375682,2.9249730767994664,3.5327659365136035,-2.4080034773452716,1.467093369984805,1.187647013797223
DOWN,30,-4,VERY_WEAK,3,38,0.6578947368421053,1.254560042467302,1.764248167958332,3.9094658160884905,2.5403821047166857,3.8572563690563597,-3.750625200973192,1.0284302382588106,1.9777504581900205
DOWN,30,-4,VERY_WEAK,4,38,0.5,-0.09760718631794929,0.028675220144269598,2.7073733811770997,3.149282034103212,3.0164891197093944,-3.2117034923452925,0.939217809769436,0.9392178097694359
DOWN,30,-3,VERY_WEAK,0,66,0.5151515151515151,-0.08275747883462062,-0.025552318703619868,2.9531473136967077,2.827580933869625,2.922693125159519,-3.0882080828287606,0.9464042081265354,0.9464042081265355
DOWN,30,-3,VERY_WEAK,1,65,0.47692307692307695,0.05795871185592882,-0.33936497097986384,3.2270263803630193,3.1474616955961063,3.0248620765697902,-2.647159061853768,1.1426824024890752,1.041857484622392
DOWN,30,-3,VERY_WEAK,2,66,0.5151515151515151,-0.7754970009738149,0.18547407051104833,2.510074161130953,3.555722528406481,2.2404430458799354,-4.180590602260307,0.5359154385192852,0.605065817683064
DOWN,30,-3,VERY_WEAK,3,65,0.49230769230769234,0.0834489733912655,-0.1697416974173372,2.870844345811848,2.814551169500249,2.8004527570618722,-2.245411412612112,1.2471891526569177,1.0690192737059296
DOWN,30,-3,VERY_WEAK,4,66,0.45454545454545453,-1.171224357245583,0.2328332707134876,2.781291622713831,4.225464980896527,2.9175570573570577,-5.515554610260889,0.5289689366739958,0.5620294952161206
DOWN,30,-2,WEAK,0,73,0.5753424657534246,0.09391804438851831,0.5444975444314724,3.2905466552837943,2.739366601648066,2.608668132714717,-2.6363820515084977,0.9894878973334221,1.074301145676287
DOWN,30,-2,WEAK,1,73,0.5616438356164384,0.2959445750092155,0.5338474721510279,3.3674610603778823,3.111090492987167,3.225941307050354,-2.885194734064022,1.1181017589431006,1.213939052566795
DOWN,30,-2,WEAK,2,73,0.589041095890411,0.7056090769750412,0.3018610985019821,3.59572579156795,2.414308739125079,3.0507424975965534,-2.1369768874146704,1.4275973294626332,1.7304210054092521
DOWN,30,-2,WEAK,3,73,0.5205479452054794,0.3997154587445422,0.8011257035649232,3.1477399937031243,2.666836172426988,2.623884692191508,-2.974886136830164,0.8820118053282339,1.3382248080842167
DOWN,30,-2,WEAK,4,73,0.5342465753424658,0.4166089252303757,0.5228215767634815,2.93222933620846,2.845633449802315,2.888336062827944,-2.5794239688272826,1.1197601083551636,1.3572849798244406
DOWN,30,-1,WEAK,0,93,0.5698924731182796,0.5823474582011197,0.6854826134413285,3.6679433378204265,2.8398630830019553,3.103653261094357,-3.233682946177834,0.9597889814036438,1.452653593475785
DOWN,30,-1,WEAK,1,93,0.5161290322580645,-0.3117030075079008,0.17623102554616804,2.7063910667407614,3.1613366010332733,2.4506627930150455,-3.134120238476999,0.7819300494373904,0.7989285287729858
DOWN,30,-1,WEAK,2,92,0.5,0.3460182646503271,-0.47307408039119236,3.6525237318886767,3.166462199723447,3.9712639791402173,-2.699188135521181,1.4712809110556548,1.2358759652867501
DOWN,30,-1,WEAK,3,93,0.5591397849462365,0.5893869145264383,0.032545524990533835,3.490825056165685,2.5496643072655916,3.480119797292421,-2.494061493757277,1.395362466404009,1.488386630830943
DOWN,30,-1,WEAK,4,93,0.4731182795698925,0.07898818971394109,0.0305543430814566,3.078904051330595,2.9081591032013683,2.788057612822818,-2.8106858616021944,0.9919492074555506,1.0580791546192538
DOWN,30,0,NEUTRAL,0,79,0.4936708860759494,-0.7513730157766154,-0.6994700984103415,3.532855083179963,3.4573853560411076,3.5845865292294907,-4.2004317447587445,0.8533852582421559,0.678829182692624
DOWN,30,0,NEUTRAL,1,79,0.5189873417721519,0.6564503104187669,0.07683130517791512,4.334392891401093,3.2177657603181213,4.32068246278161,-3.2970633276569323,1.3104638987483797,1.413921574965357
DOWN,30,0,NEUTRAL,2,79,0.4810126582278481,-0.00764204875615298,0.3547232167447048,3.3441151440765156,3.174122015397102,2.9058050877435675,-3.151098169716378,0.9221563186034002,0.9949581332299844
DOWN,30,0,NEUTRAL,3,79,0.569620253164557,0.1918948903048396,0.6378807947020658,3.6734008805148783,2.8319326857501066,3.0577759119071244,-3.410926965423747,0.896464785937523,1.1269843023214574
DOWN,30,0,NEUTRAL,4,79,0.6075949367088608,0.604768491963291,0.7840531561461597,3.5373853536204134,2.6744339441140283,3.1988923632580146,-3.011282964992992,1.0623021484350803,1.4807848129701122
DOWN,30,1,NEUTRAL,0,76,0.5,0.2758460770212518,0.21748496553069524,4.1926302271899125,3.5583661245334692,4.02578490360375,-3.8907526191815247,1.0347059547699107,1.1496732830776784
DOWN,30,1,NEUTRAL,1,75,0.5066666666666667,-0.23998101153848883,0.5097826086956924,2.855647788061455,3.3259956426522916,2.5107109022908367,-3.383628913057718,0.7420172148907302,0.8480196741608345
DOWN,30,1,NEUTRAL,2,76,0.47368421052631576,-0.4247770008201126,0.12036539494886248,3.0498857481760284,3.1236085067540063,2.717771673245758,-3.6637398823153355,0.7418025734753408,0.7618512916773771
DOWN,30,1,NEUTRAL,3,75,0.5066666666666667,-0.037599041998738994,-0.36492082825811273,3.3296294514476132,2.8221190003269343,3.1143708619931134,-2.5141468237066227,1.2387386578328694,0.9732946597258259
DOWN,30,1,NEUTRAL,4,76,0.5657894736842105,-0.06881977325262709,0.38736774988142053,3.1569537406651396,3.071734703570817,2.544660214149955,-3.3971524776211446,0.7490568147626546,0.9533450369706514
DOWN,30,2,STRONG,0,65,0.5692307692307692,0.8007468967334693,0.31853324497452146,3.6391478243696733,2.3721304245269583,3.6638762537618748,-2.539570686466338,1.4427148152587717,1.6831672844685672
DOWN,30,2,STRONG,1,64,0.5625,0.7525721838434637,-0.29489266674958703,3.9230893484852887,2.623786695398201,4.193638006789672,-2.4799441952878225,1.691021118442126,1.5885349900516939
DOWN,30,2,STRONG,2,64,0.640625,0.6105974329119136,0.5589947618453526,3.3220183685198315,2.5116488279531395,2.494453914748298,-2.328218678752847,1.0714001813972638,1.6713842829797316
DOWN,30,2,STRONG,3,64,0.65625,0.7186988906443674,0.809312462246899,3.676879100687302,2.347833017835138,3.006933536175908,-2.6256440528248066,1.1452175068973611,1.6737794331576814
DOWN,30,2,STRONG,4,65,0.5076923076923077,-0.42045249744219587,-0.697056870989149,2.8126714587330177,2.9160835726727035,2.789769899839005,-2.4268414957429463,1.1495476341296664,0.7184672713310415
DOWN,30,3,STRONG,0,52,0.5961538461538461,0.32887437831439537,0.5270204695277358,3.613601920596509,2.5871781831828895,2.9997948998502286,-3.6139130582385013,0.8300683639889204,1.225339013507454
DOWN,30,3,STRONG,1,51,0.5490196078431373,0.3161262897878631,0.42581011938625735,3.325205585756164,2.6237339120989702,2.7836575359365585,-2.6878247924801144,1.0356543862994942,1.2607966441906886
DOWN,30,3,STRONG,2,51,0.6078431372549019,0.6868161658839358,0.9246472530770664,4.19622999598107,2.916373430686318,5.037117175211891,-4.207272469610013,1.1972405427972672,1.3468956106469254
DOWN,30,3,STRONG,3,51,0.6274509803921569,1.1857095509105147,0.6806919121084856,4.006208964109459,2.47081454455262,3.4828218153494106,-2.095879398287908,1.6617472447100128,2.373924635300018
DOWN,30,3,STRONG,4,52,0.5961538461538461,0.6332536644351003,0.650320226707899,3.857139429485705,2.8907968113198907,3.879716091635441,-3.1542858339652966,1.2299824099194574,1.434979478239367
DOWN,30,4,VERY_STRONG,0,49,0.5918367346938775,1.1878983489210975,1.0726664639705998,4.874163654240572,2.46034533829087,3.6824790989180283,-3.5077830628378317,1.0498024059500606,1.9760986464942316
DOWN,30,4,VERY_STRONG,1,49,0.673469387755102,1.5886451265534636,1.3253464881371961,4.885840114812927,1.8145866552693262,4.434139097790896,-2.2053468350964462,2.0106311747544137,2.680841566339218
DOWN,30,4,VERY_STRONG,2,49,0.5714285714285714,0.6571963704455323,0.3853211009175231,3.7662473029088956,2.638722663408688,3.224934984825611,-2.4941192017482012,1.2930155794338778,1.5868827565779409
DOWN,30,4,VERY_STRONG,3,49,0.5714285714285714,-0.044482070090952716,0.2881197380726774,3.5357130056253405,2.867629472118305,2.67652062477664,-3.383894468337544,0.790958657198188,0.9707219883795944
DOWN,30,4,VERY_STRONG,4,49,0.6122448979591837,1.2723627572533212,1.3391304347825468,4.314782867649149,2.149558468381471,3.9226798522399506,-3.2920722396680953,1.1915533945377312,2.052119735037204
UP,30,-4,VERY_WEAK,0,38,0.5526315789473685,0.40004312873649805,0.08985090826755196,3.184520114430626,3.2981844532009714,2.919932680465582,-2.7127616116347233,1.0763690653621483,1.329632374859124
UP,30,-4,VERY_WEAK,1,37,0.4594594594594595,-0.6754788730171054,-0.151173708920478,2.348712534404912,3.3018707742407956,2.272824607812627,-3.4686084864347464,0.65525544802803,0.6207683191844495
UP,30,-4,VERY_WEAK,2,37,0.6216216216216216,-0.23628733812341549,0.9986013986013363,2.7000762617836167,3.075487590059089,2.033388609134419,-3.215237018899323,0.6324226168030722,0.8300546845540324
UP,30,-4,VERY_WEAK,3,37,0.4594594594594595,-0.9274428054345405,-0.4123261521682727,2.18652448261296,3.6374441270627935,2.1033819670729903,-3.5036438620659416,0.6003412589522499,0.5102900701094124
UP,30,-4,VERY_WEAK,4,37,0.2972972972972973,-0.36160955210788953,-1.4397476340695259,3.0573984004242702,4.247308854876005,4.804346298137389,-3.1598356376574155,1.5204418359238308,0.8235726611254084
UP,30,-3,VERY_WEAK,0,58,0.3620689655172414,-2.214357369808683,-0.8505441998557959,2.3602417491461942,4.850466398266404,2.260605786293198,-4.7542013232719125,0.47549643622105076,0.2698763556930288
UP,30,-3,VERY_WEAK,1,58,0.5517241379310345,0.4952159705874521,0.5649767466224347,2.751197356198319,2.574468695141722,2.233537635367135,-2.567541248310086,0.8699130488506127,1.5327039432129845
UP,30,-3,VERY_WEAK,2,58,0.4482758620689655,-0.023577666401755782,0.03429850370247349,3.0249187293140007,3.42521705530208,2.901817074743646,-2.948972407547157,0.9840095713738016,0.9840095713738016
UP,30,-3,VERY_WEAK,3,58,0.41379310344827586,-1.1330109491701323,-0.5243464938551725,2.1815108893649566,3.5318582482291,1.7989570669677728,-3.5152349622821797,0.5117601202395428,0.4158050976946285
UP,30,-3,VERY_WEAK,4,58,0.4827586206896552,0.2764600216539009,0.13463047026491157,2.585099405178747,2.9859475859138254,3.105670438257823,-2.7548368532788716,1.1273518555414201,1.2078769880800928
UP,30,-2,WEAK,0,81,0.4567901234567901,-0.3580202957522001,-0.44982394366197803,2.9880947345218547,3.396070154263417,3.2257764282382912,-3.225057674944594,1.0002228652526997,0.8001782922021596
UP,30,-2,WEAK,1,80,0.4625,-0.4702116747271388,0.02806906503132904,2.6515190128812436,3.63857021347188,2.7639658819323625,-3.70438923138664,0.7461326845769242,0.7461326845769242
UP,30,-2,WEAK,2,80,0.4125,-1.649134738815778,-1.192728096211313,2.2467789219933145,4.03222042592885,1.8693992174522376,-4.119594750663533,0.453782308842669,0.31861311046400165
UP,30,-2,WEAK,3,80,0.4375,0.13698264237303417,0.005337711996047627,3.3136079981018,3.438237503693125,3.2108287360393333,-2.936863451293265,1.0932849924042012,1.0932849924042012
UP,30,-2,WEAK,4,80,0.4375,-1.0825673713086135,-1.153806542446714,2.4207041995930583,3.496453712231123,2.5744112626502513,-3.52055312728119,0.7312519281986767,0.4875012854657844
UP,30,-1,WEAK,0,98,0.5204081632653061,-0.4533862112873954,0.3732227338175904,2.917760423413156,3.471821136697572,2.8024787128537145,-4.133929169012127,0.6779213185027586,0.7663458383074662
UP,30,-1,WEAK,1,97,0.5051546391752577,0.2908769610936906,0.5471184763789098,3.218435661187094,3.3799371698490366,2.854299459182714,-3.3620000986831675,0.8489885114223197,1.2098086287768055
UP,30,-1,WEAK,2,98,0.4897959183673469,0.20447632765501444,-0.14402436223576237,3.3210033801249152,3.1263579868383524,3.455815076448479,-2.7918554604487666,1.2378201971433673,1.1407362601125148
UP,30,-1,WEAK,3,97,0.422680412371134,-0.09882858912344777,0.02161605764263758,2.924811135940317,3.421318338441397,2.68724488825495,-2.9429452639472284,0.9131141245388573,0.9321373354667501
UP,30,-1,WEAK,4,98,0.5306122448979592,-0.3420688970133749,-0.1848024753168157,2.7714046295482295,2.9917792447545843,2.618724319869708,-3.070643038062492,0.8528260326612452,0.7859377163740888
UP,30,0,NEUTRAL,0,90,0.5222222222222223,0.12606723852453278,-0.1143527945029274,3.183910257934037,3.005507443387335,3.389214054283242,-2.9952036287229276,1.1315471248037683,1.0823494237253433
UP,30,0,NEUTRAL,1,89,0.48314606741573035,-0.3609773207330914,-0.9309946029297708,3.0829550607506593,3.2140439902629563,3.489757847057892,-3.1009234978151374,1.125393080324852,0.8007604610003755
UP,30,0,NEUTRAL,2,89,0.5168539325842697,0.09396821218701651,-0.14416921792370055,3.5260740098075956,3.1296977527520404,3.5608855986302146,-3.146845866444668,1.1315729304064492,1.0577746958147243
UP,30,0,NEUTRAL,3,89,0.4943820224719101,0.28294887144620695,0.2919200695045074,3.1119564334804597,3.018248520733737,3.12426599783278,-3.0434711789575863,1.0265469308314155,1.2018110409733647
UP,30,0,NEUTRAL,4,90,0.5,-0.28538642077207477,-0.050181940282521986,2.9331019531768487,3.3709894333946457,2.863487811921664,-3.2973530781313025,0.8684201370222925,0.8306627397604537
UP,30,1,NEUTRAL,0,71,0.5211267605633803,0.1966929478026092,0.3215130023641975,3.2510524889544445,2.6925490538036203,2.927109595732688,-2.611735604354043,1.120752648488952,1.1527741527314936
UP,30,1,NEUTRAL,1,71,0.5070422535211268,-0.508849154231812,-0.6304608019150653,2.6250581996231555,3.1448241672795616,2.559182253660677,-3.1731922189805526,0.8065008600338943,0.7003823258189082
UP,30,1,NEUTRAL,2,70,0.5285714285714286,0.3954310475678359,0.2988818532278839,3.7967256620883925,2.8231282668294204,3.5133184656706353,-3.307060261429238,1.0623690492268976,1.261563245956941
UP,30,1,NEUTRAL,3,71,0.4647887323943662,0.4657792163917752,-0.21947194719477625,3.4697229068526174,2.681867755425194,3.6157885261214875,-2.428823933089582,1.4886993152780856,1.367993965390673
UP,30,1,NEUTRAL,4,71,0.5070422535211268,0.09991471523573221,0.694449566660434,3.5847732071248117,3.05806354828936,3.1853996421107835,-3.4530679278325094,0.9224839211634793,1.062254212248855
UP,30,2,STRONG,0,65,0.5692307692307692,0.7337208633665444,0.387056236255132,4.166607301265271,2.8937982120390293,3.603520569840682,-3.3052565013007618,1.0902393107532018,1.5344108818008027
UP,30,2,STRONG,1,64,0.5,-0.05352193178677406,0.19504767546696417,3.430949096138884,3.639844344997834,2.8808306359833846,-3.5949819273714483,0.8013477380927387,0.9671438218360642
UP,30,2,STRONG,2,64,0.421875,-0.2497693651517796,-0.43026032967362027,2.960748264912337,2.9163568030115723,2.98696491529096,-2.464377030717864,1.2120567908478144,0.8293020147906099
UP,30,2,STRONG,3,64,0.46875,-0.3061644828003379,-0.6831967782252166,3.065476801384327,3.1632198504424798,3.617192043548968,-2.6601783986099212,1.3597554379958634,0.815853262797518
UP,30,2,STRONG,4,65,0.47692307692307695,1.3237399345587433,-0.1919418019025482,4.222439464201263,2.920495626874169,5.465202431633619,-2.452299401009525,2.228603256757225,2.0319617929257046
UP,30,3,STRONG,0,52,0.4807692307692308,0.8272706722764351,0.3178208086677283,3.6715433694800748,3.5892221088217835,3.4672451571522456,-3.069834519683096,1.1294566970698392,1.6672932194840482
UP,30,3,STRONG,1,52,0.5192307692307693,-0.15383821734839473,-0.042926647909364304,3.0077305657540303,3.2010060692815117,2.6009599570403896,-2.9086363917371796,0.8942196984226582,0.8942196984226582
UP,30,3,STRONG,2,52,0.5576923076923077,0.4131677841788175,0.09897762658586473,3.567542190057218,2.5988712885805176,2.8235981207930605,-2.3990009418711318,1.1769891672450776,1.3731540284525905
UP,30,3,STRONG,3,52,0.5576923076923077,0.7995608046710635,1.2738416617946542,3.952322657835151,2.7223165091191888,3.8350835803084116,-3.3397884348344107,1.1483013535552165,1.5658654821207496
UP,30,3,STRONG,4,52,0.5769230769230769,0.3864718994580263,0.18530674758118526,3.209757318406996,2.329219264548254,2.723421718998038,-2.137433905645187,1.2741548226615083,1.3760872084744291
UP,30,4,VERY_STRONG,0,47,0.7446808510638298,1.3865215077696544,1.454039642981321,4.442585682975046,2.283127665465052,3.4879126731267363,-3.5667576677148944,0.9778944907578564,2.3050370139292333
UP,30,4,VERY_STRONG,1,46,0.7391304347826086,1.6531399025430806,1.094585987261131,4.788366633874859,1.9381266824447394,4.091280959931728,-2.5060419012375528,1.632566860877841,2.784966997968082
UP,30,4,VERY_STRONG,2,47,0.574468085106383,0.5905107158865828,0.703499551339583,3.9484232410991087,2.5603765444377315,3.1497577098889766,-3.015234448438577,1.0446145279084555,1.4844522238699107
UP,30,4,VERY_STRONG,3,46,0.5652173913043478,-0.3586303627167265,-0.6438947768307794,3.523247844579964,2.972616866786226,2.7552942632643993,-2.974327048540873,0.9263588765788465,0.7781414563262311
UP,30,4,VERY_STRONG,4,47,0.5957446808510638,-0.3804102578629211,0.024423337856213957,3.4052883081052916,3.1669969662868716,3.0935518973786262,-4.005414245941058,0.7723425612003852,0.8059226725569236
DOWN,60,-3,VERY_WEAK,0,37,0.4864864864864865,0.16470261035187497,-0.033855161003018205,5.420784172823357,4.52557320061819,4.7582201585464015,-4.187050856358729,1.1364132707679577,1.0766020459906969
DOWN,60,-3,VERY_WEAK,1,36,0.5833333333333334,0.9850190200711827,1.428278550783233,5.027353853667666,3.5335531580454638,4.173630115326352,-4.0256555581869415,1.0367578783133784,1.6291909516353087
DOWN,60,-3,VERY_WEAK,2,36,0.5,-0.904717391860813,0.6693228712581895,3.8495295848557154,4.869331911051617,3.949938009135029,-6.973036643105616,0.5664588057256824,0.708073507157103
DOWN,60,-3,VERY_WEAK,3,36,0.5277777777777778,0.08535394395410344,0.25671103467652,3.9051636958690015,4.056245649658255,3.65826588344285,-3.9079005766509654,0.9361205106650768,1.0462523354492035
DOWN,60,-3,VERY_WEAK,4,36,0.4722222222222222,0.5820515633818029,0.41010256000105205,3.9565070591246387,3.5098813086031977,3.6281298218857807,-3.22554625974817,1.1248109714504735,1.406013714313092
DOWN,60,-2,WEAK,0,40,0.45,-0.5057351777084711,-0.41136417494429245,3.9500685431537783,4.114830512774077,3.449231946879681,-4.084038766621561,0.8445639583712836,0.7641292956692567
DOWN,60,-2,WEAK,1,40,0.575,0.4445633550443544,0.6043348133890601,4.871865738407159,4.7645584018602865,4.547999657207253,-5.710591098199993,0.7964148682683313,1.194622302402497
DOWN,60,-2,WEAK,2,39,0.5128205128205128,1.327435047073104,-1.1359026369167826,5.87202262708764,3.7897647805859105,8.18588544907653,-3.4436608847553676,2.3770881405060424,1.6536265325259427
DOWN,60,-2,WEAK,3,40,0.625,1.0285438321461844,1.4693038392541617,5.165063434390701,3.3789346437707737,3.9073553820097047,-4.31782047474321,0.9049369710634121,1.6805972319749083
DOWN,60,-2,WEAK,4,40,0.6,0.6769266980336619,1.4161967350282711,4.816864099111629,3.867007426425924,4.538362683833729,-4.547369047460547,0.9980194341974845,1.3502615874436554
DOWN,60,-1,WEAK,0,42,0.6428571428571429,0.1726537976093164,1.1073665803430026,4.829509223758394,4.147780464887953,3.7765952229183593,-5.683751018517879,0.6644547255173683,1.0797389289657233
DOWN,60,-1,WEAK,1,42,0.47619047619047616,1.5339932890963335,0.05392996256149993,5.498872690882945,3.9278424954091595,6.177122774237501,-3.5734491445589507,1.7286163939517616,1.9014780333469379
DOWN,60,-1,WEAK,2,41,0.5609756097560976,-0.10745668811490552,0.9195236376757809,4.428368102499516,4.352395432025053,3.8130052556627767,-5.642226491095163,0.6757979782769529,0.9540677340380511
DOWN,60,-1,WEAK,3,42,0.3333333333333333,-0.5181656403778286,-1.3173839577327362,3.794613704500869,4.444182439863363,4.571441796876552,-3.345725327741374,1.3663529874888543,0.7590849930493635
DOWN,60,-1,WEAK,4,42,0.6428571428571429,0.012155069561535507,0.8312968260913403,5.50635053832164,5.5326994970908805,5.371900746436097,-7.1341724996045475,0.7529816172420649,1.0039754896560866
DOWN,60,0,NEUTRAL,0,44,0.5,-0.3217351477282184,-0.4557145461172507,5.111790440580915,4.830540525681311,5.128450106957073,-4.463875941289041,1.148878278520465,0.8731474916755533
DOWN,60,0,NEUTRAL,1,43,0.5348837209302325,1.0605199193167416,0.602491506228985,4.698669537020876,3.7763087905332875,3.9361025631031796,-3.7920257920728715,1.0379946706405576,1.751616006705941
DOWN,60,0,NEUTRAL,2,43,0.4883720930232558,1.2133769982224567,-0.25773459473288024,5.81763536071112,3.6838352609616773,5.979404776241945,-3.336013153523418,1.7923804556725562,1.710908616778349
DOWN,60,0,NEUTRAL,3,43,0.5813953488372093,1.5235160130461909,1.830206090433649,6.319640262445415,3.7062966013944467,5.101849481264366,-3.9492292912874887,1.2918595262421726,1.9757851577821461
DOWN,60,0,NEUTRAL,4,44,0.5681818181818182,0.9763637995421405,0.8846805896804733,4.836006440401662,3.9420556471088815,5.130426958540933,-4.48950877808785,1.1427590883842886,1.5036303794530113
DOWN,60,1,NEUTRAL,0,39,0.5128205128205128,-0.25010518511419494,-0.6186816435118371,4.826377483082445,4.254123308195218,5.329898086904584,-4.561925895310524,1.1683438550335736,0.9028111607077612
DOWN,60,1,NEUTRAL,1,38,0.5526315789473685,0.9560876274627681,1.7162179081615212,5.058319787490981,3.6824537318380313,4.610761594123833,-4.647745788084199,0.9920425523153212,1.521131913550159
DOWN,60,1,NEUTRAL,2,38,0.5263157894736842,-0.9978288264089661,-0.9911639601612836,4.087815866372465,4.439489466552258,3.26858032626762,-4.837597063817895,0.6756619625711476,0.6080957663140328
DOWN,60,1,NEUTRAL,3,38,0.5789473684210527,0.7395204166867219,1.7669969805510932,5.0113843696647615,4.553230930760812,3.6890009797845096,-4.3167319771952,0.8545818918740099,1.4649975289268742
DOWN,60,1,NEUTRAL,4,38,0.42105263157894735,-0.7855751337130356,-0.14687273190110167,4.175610691175882,5.590319457902686,4.112242662954358,-5.683392930380428,0.723554171483107,0.723554171483107
DOWN,60,2,STRONG,0,35,0.5428571428571428,0.4296767827657933,-0.1860372867909759,6.065502961886501,5.2724502080487365,6.249478151970333,-5.066802288149606,1.2334166199038012,1.1648934743535901
DOWN,60,2,STRONG,1,34,0.4411764705882353,-1.1124295444013514,-1.6757926661152274,4.0046491139378695,5.119390441795504,2.651949858045372,-3.165727400281383,0.8377063223477977,0.456930721280617
DOWN,60,2,STRONG,2,35,0.4857142857142857,0.058634290284955946,-0.4808695652174072,4.35028767024951,4.106690574768885,4.650151862266037,-3.002377424369098,1.5488232174018537,1.0325488116012358
DOWN,60,2,STRONG,3,34,0.6470588235294118,-0.9759450889989884,0.8512634487965369,3.798990709068424,5.265195337032666,2.2967144332345337,-6.262548932606986,0.3667379621221503,0.5924228618896275
DOWN,60,2,STRONG,4,35,0.6571428571428571,1.1661228995501947,0.6229143492771312,5.262367259873205,3.2808376530713765,4.281072818009343,-4.10533080861144,1.042808245569215,1.7647524155786718
UP,60,-3,VERY_WEAK,0,33,0.3939393939393939,-2.0028912049024132,-0.6193130731882984,3.1532041631321883,6.200868084464375,3.5325015709411987,-6.615718518105422,0.5339558448978298,0.44496320408152473
UP,60,-3,VERY_WEAK,1,33,0.5454545454545454,1.717524691507156,0.33374293438198055,4.675346480830517,3.7451549367274546,5.181001631177619,-2.4386476360974005,2.1245388445986575,2.549446613518389
UP,60,-3,VERY_WEAK,2,32,0.34375,-0.7134794799682996,-0.462024220267733,2.718444685912582,4.300865931360622,2.126806036533472,-3.219613759234568,0.6605780058037457,0.5828629462974226
UP,60,-3,VERY_WEAK,3,33,0.48484848484848486,-0.8520078232885339,-0.338340953624973,3.6958515344032277,4.9210739188294275,3.7142114880159705,-4.657190582708953,0.7975219012522182,0.6646015843768485
UP,60,-3,VERY_WEAK,4,33,0.48484848484848486,0.4177577533887445,-0.21772475500625857,4.074738156280346,4.463066478711791,5.137469306983473,-4.0243237088180575,1.2766043883910982,1.2015100126033866
UP,60,-2,WEAK,0,41,0.3902439024390244,-0.07248241573380593,0.6818945246891681,3.427549029651256,5.118589965824564,3.1862310471753075,-4.236394062784338,0.7521092230691072,0.9610284516994148
UP,60,-2,WEAK,1,40,0.475,0.02530540879513804,-0.4265266665264388,3.7007563516615343,4.14816545579991,3.877667984448643,-3.4601654929866044,1.1206596887658329,1.0139301945976582
UP,60,-2,WEAK,2,41,0.5121951219512195,-1.0432998891859164,-1.8608815426999494,3.518790526371295,4.328498189681499,3.640073505438578,-4.708548632805087,0.773077606139119,0.605017256978441
UP,60,-2,WEAK,3,40,0.475,-0.7218882255836119,-1.6202877853347435,3.891040383567412,4.845342569086659,4.214399613484931,-3.683660929024738,1.1440791361328435,0.6864474816797062
UP,60,-2,WEAK,4,41,0.43902439024390244,-0.8179515834971819,-0.4375000000002526,3.56581583114969,4.912164931051159,3.203209702570211,-4.290772694191748,0.7465344661361977,0.6447343116630797
UP,60,-1,WEAK,0,49,0.5510204081632653,-0.45900149217737324,0.1697393912880917,4.271560989890701,4.9947755348489915,3.521520359817703,-4.958721846606589,0.710166948006489,0.8027974194855964
UP,60,-1,WEAK,1,48,0.3333333333333333,-0.8233242538892295,-0.5517602234994915,4.14029158506662,5.0291396093445675,3.6098660955528916,-4.574485318801794,0.7891305456191589,0.6677258462931345
UP,60,-1,WEAK,2,48,0.3958333333333333,-0.03492050166078512,-0.5684314535148265,4.686161979809536,5.255247541074946,5.823264134235175,-4.591286329579866,1.2683295521601772,0.9864785405690267
UP,60,-1,WEAK,3,48,0.5416666666666666,-0.2251109368812312,0.7729366527748316,3.3295212509274665,4.338126004823753,2.8745280909744815,-3.888320697074346,0.7392723787256891,0.8736855384939962
UP,60,-1,WEAK,4,49,0.42857142857142855,0.36305235452710066,-0.45206861755757616,4.1040055625246845,4.094043117064337,4.66068497045578,-3.1387223695629336,1.4848987650681507,1.2099175122777521
UP,60,0,NEUTRAL,0,42,0.4523809523809524,-0.40548630777145706,0.9507847460841446,4.783960636544232,5.454601117582294,4.478473004616605,-6.317647580662269,0.7088830054916,0.8581215329635159
UP,60,0,NEUTRAL,1,41,0.5365853658536586,-1.8792757212330709,-0.8459574468085377,4.618597779350254,6.318754246062223,4.012563372150388,-6.967682210973328,0.5758820868481983,0.49735271136889847
UP,60,0,NEUTRAL,2,41,0.5365853658536586,1.5760408060377356,0.5220994475137435,5.253740823333325,3.982173548546035,5.569591145474498,-3.0480701133100956,1.8272516505291674,2.1157650690337726
UP,60,0,NEUTRAL,3,41,0.4146341463414634,-0.060284271823760845,0.403686087990222,4.18682246621843,4.512535742534233,3.712258086713717,-4.428491213288209,0.8382670096701671,0.9706249585654567
UP,60,0,NEUTRAL,4,42,0.47619047619047616,-0.6877969899093842,-0.9832816537473048,4.525164242481856,4.753097864637742,5.153375079075443,-5.5131130468968506,0.9347486683546435,0.7721836825538361
UP,60,1,NEUTRAL,0,39,0.48717948717948717,0.24662320777668875,-0.9381185167520995,5.892994691506603,5.3317857814518135,7.88822833053512,-5.0692760080552635,1.556085783847721,1.0824944583288494
UP,60,1,NEUTRAL,1,38,0.47368421052631576,0.10207411957017265,0.31366604700570144,4.323660533915934,4.2343798390311465,3.3515388196211697,-3.5084422138198237,0.9552783302000505,1.061420366888945
UP,60,1,NEUTRAL,2,38,0.5,-0.14387023346556727,0.8048073560679903,5.01293328212437,4.692333571040258,3.8155823956949613,-5.034958775369751,0.7578180012833883,0.9361281192324209
UP,60,1,NEUTRAL,3,38,0.47368421052631576,-0.12042361648739246,-0.7723186249614273,5.194353773642236,4.950288843304638,6.4992213477130445,-4.437583375748548,1.464585743499801,0.9551646153259572
UP,60,1,NEUTRAL,4,38,0.5,0.33109006522249496,-0.5827876920164117,4.8892910626831965,4.080092283887219,5.6709671646195075,-3.991667586670325,1.4207012586812073,1.1500914951228822
UP,60,2,STRONG,0,35,0.5142857142857142,0.4978218860477337,0.9973271353864188,4.678169462860045,4.988552328999794,4.46807374629039,-5.457555904316251,0.818695002786265,1.2280425041793972
UP,60,2,STRONG,1,35,0.4857142857142857,-1.1334335093456345,-1.6711997582349403,4.359134715475389,4.812786239115283,4.865995888333924,-4.678550880701736,1.0400647577448325,0.6145837204855827
UP,60,2,STRONG,2,35,0.5142857142857142,0.345465682374352,0.9003552065805682,4.572954552484448,3.4882089978249673,3.7756835528671644,-3.7279180388358633,1.0128129195796958,1.2027153420008887
UP,60,2,STRONG,3,35,0.45714285714285713,-0.910658408325486,-0.7015250544668192,4.760578633135976,5.81791369103252,3.838129790151834,-4.472249557183476,0.8582101112821181,0.6436575834615885
UP,60,2,STRONG,4,35,0.42857142857142855,-0.8660487215766537,-0.04646017699117857,4.2875380470141815,5.174811646235948,3.2128714598455863,-4.300928874353277,0.7470180404526453,0.6290678235390698
