side,horizon_minutes,score,quality_class,sample_size,success_rate,avg_return_atr,median_return_atr,avg_mfe_atr,avg_mae_atr,avg_win_atr,avg_loss_atr,payoff_ratio,profit_factor
DOWN,5,-5,VERY_WEAK,311,0.4340836012861736,-0.09198954072450187,-0.1054354944334693,1.01872035002178,1.252133398202477,1.1625587830631918,-1.1737557600384416,0.9904605563129394,0.8540498210123549
DOWN,5,-4,VERY_WEAK,785,0.47770700636942676,-0.018299952933357903,0.04557291666682803,1.047771250635178,1.213121294981362,1.0913124384476676,-1.2314761675099457,0.8861823454158352,0.9688926976546465
DOWN,5,-3,VERY_WEAK,1258,0.4523052464228935,-0.0890130671379726,-0.058880625416427156,1.0931635397738169,1.2676531459146951,1.1826995534189384,-1.2616915430752134,0.9373919956190385,0.8642926198138843
DOWN,5,-2,WEAK,1658,0.48854041013269,-0.03762731278220649,-0.004813245398082243,1.1213550192786375,1.172178757753725,1.128120024039437,-1.1964880776210045,0.9428593942051601,0.9371795183364543
DOWN,5,-1,WEAK,1985,0.5188916876574308,0.055318466820673984,0.09406858202037578,1.2280121953746141,1.1415769224208356,1.2403727327942018,-1.246249329733633,0.9952845736409044,1.0933369733745952
DOWN,5,0,NEUTRAL,1899,0.5534491837809373,0.13982175425912438,0.14973262032106133,1.3756019565021143,1.0598561318889805,1.316276129681754,-1.242646665276738,1.0592521321325226,1.245320531921588
DOWN,5,1,NEUTRAL,1656,0.5929951690821256,0.23199685019849475,0.21592643763665662,1.4623560628254648,0.9867122619250632,1.3960954917175257,-1.2174358450764455,1.1467507691379513,1.4287642055699747
DOWN,5,2,STRONG,1599,0.5490931832395247,0.20170971644638816,0.13536895674338045,1.431628182424367,1.0355714705464072,1.4324471261968186,-1.2394505247063627,1.155711420216776,1.353564190525626
DOWN,5,3,STRONG,1380,0.6123188405797102,0.24193983114523948,0.17315327390758573,1.6025974397529175,0.9336795153569822,1.4334597707780625,-1.2140089343053884,1.180765421300821,1.4435809505581003
DOWN,5,4,VERY_STRONG,1317,0.7099468488990129,0.5934467953472773,0.5085361423901246,1.9204379400043232,0.6195420178502384,1.5584786028474567,-1.0427271591912497,1.4946178289402468,2.5359499228740248
DOWN,5,5,VERY_STRONG,750,0.708,0.7228523014894607,0.44496637219174107,2.1925663196074376,0.6022363729473575,1.928740787899778,-1.204896795502438,1.6007518611546308,2.562314611084322
UP,5,-5,VERY_WEAK,227,0.42290748898678415,-0.12599726502932782,-0.08080808080846856,0.9809308006528051,1.3249783708851042,1.0995946078102286,-1.2892826381101945,0.8528731988681651,0.8087590678922255
UP,5,-4,VERY_WEAK,749,0.40720961281708945,-0.23946314202641425,-0.20311394196737148,0.9327325565312086,1.4474043654344106,1.077456307399653,-1.216757573731641,0.885514362647632,0.6563952618227202
UP,5,-3,VERY_WEAK,1243,0.4360418342719228,-0.20897873236700978,-0.08257557139338294,0.9669689171758604,1.3985439449282118,1.008297178677385,-1.3088145478588826,0.7703896478892902,0.6960641535293739
UP,5,-2,WEAK,1782,0.4898989898989899,-0.03476807675985854,0.03990785911109204,1.1422124382176992,1.2483186134883695,1.1688461849913265,-1.2979797853833805,0.9005118555417932,0.9450711303269453
UP,5,-1,WEAK,2066,0.504840271055179,0.03277711431300523,0.040701664961968816,1.2176412404154295,1.2081365189265747,1.2404547616348298,-1.2434401794595218,0.9975990659832228,1.054405406403846
UP,5,0,NEUTRAL,1888,0.5455508474576272,0.10718778039384932,0.10045198602748731,1.3183972683425165,1.0903415993568575,1.3213268072395763,-1.267221152724789,1.042696300009236,1.1808565119017393
UP,5,1,NEUTRAL,1837,0.54817637452368,0.13660243001107006,0.06185567010319037,1.3595701075434103,1.0166786646958876,1.3852343037899943,-1.174504560482971,1.1794201149975687,1.2387205677069435
UP,5,2,STRONG,1632,0.539828431372549,0.1339078447354941,0.05095707906355701,1.3582509067909796,1.0419474140847071,1.3755309275570509,-1.1861996301733926,1.1596116644851615,1.232912022543642
UP,5,3,STRONG,1362,0.6093979441997063,0.30357869859638037,0.19398561822700827,1.5597346336532447,0.8814741428247913,1.4637823504804517,-1.1630622277485412,1.2585589279380565,1.5915221052128503
UP,5,4,VERY_STRONG,1109,0.7060414788097386,0.6192466561527711,0.5323549032690228,1.9741251294083781,0.6641458794827861,1.7189771861200516,-1.2127563661244536,1.417413450991235,2.3612200036945334
UP,5,5,VERY_STRONG,551,0.7223230490018149,0.9019107050109475,0.6253736300231807,2.216344644944131,0.44952049217927403,1.9658663495331603,-1.1359302649204863,1.7306223896330188,3.3147370637415494
DOWN,15,-5,VERY_WEAK,143,0.4755244755244755,0.02177605680697908,0.0,1.6791298306173557,1.9580411678419576,1.5829043064614103,-1.5610318519337445,1.014011536344099,1.028497415434729
DOWN,15,-4,VERY_WEAK,346,0.4913294797687861,-0.05820726063130446,-0.13182716492972246,1.9633089971314597,2.1933884400265753,2.065648699248569,-2.0396818153795664,1.0127308503087138,0.9448382793382973
DOWN,15,-3,VERY_WEAK,529,0.4820415879017013,-0.07404158812374126,-0.13011152416325056,2.0338711986604006,2.1632975428812466,2.1290130395993954,-2.063130478621969,1.0319332982863165,0.9317095606829694
DOWN,15,-2,WEAK,728,0.49862637362637363,0.025294251765457156,-0.002521613832907965,2.138221334256348,2.1369285189292273,2.148970785687609,-2.0924785162619486,1.026997777509601,1.0241763550439154
DOWN,15,-1,WEAK,863,0.5168018539976825,0.11632359058806044,0.0684156378602655,2.1487288520467303,1.9911178248260302,2.111989431435328,-1.9836001667069494,1.064725375044469,1.1204967042134648
DOWN,15,0,NEUTRAL,785,0.5477707006369427,0.10496063093571212,0.11946001018850208,2.375288975874707,2.0595061861367694,2.1715374395054727,-2.177709119226385,0.9971659760863266,1.1017075703534414
DOWN,15,1,NEUTRAL,688,0.5566860465116279,0.1972585360249782,0.04087514742327954,2.4005176920501343,1.8958076739103804,2.259155178445835,-1.9187968416341166,1.1773811220795303,1.2086390279754469
DOWN,15,2,STRONG,619,0.567043618739903,0.2963427261209663,0.2164179104477263,2.6790449788333337,1.9086923789005825,2.3953148390920767,-2.1635052939925457,1.107145356077104,1.297496662911413
DOWN,15,3,STRONG,538,0.604089219330855,0.5910851043552601,0.32908459287254693,2.896176889939701,1.8105789755522204,2.6079758272329197,-2.0068586054752644,1.2995314269364278,1.677173038182911
DOWN,15,4,VERY_STRONG,474,0.6286919831223629,0.5125454111227549,0.43711881180591383,2.9653981613685385,1.629080908503378,2.4030255037527604,-2.0551215803597893,1.169286297568859,1.5881351205785996
DOWN,15,5,VERY_STRONG,252,0.6587301587301587,0.8019735500619449,0.4669441368168086,3.215645847216409,1.2599995189064273,2.675394244314814,-1.6558169020312692,1.6157548827003643,2.119751818588551
UP,15,-5,VERY_WEAK,78,0.44871794871794873,-0.07782498287758774,0.15024876225856615,1.9847332606108246,2.4671145367569296,2.08014747131665,-2.469091756444176,0.8424747544871892,0.9335531063236422
UP,15,-4,VERY_WEAK,353,0.46742209631728043,-0.12263077694074473,-0.10551703346397034,1.8201243475805393,2.3537431930980954,1.9848846290387876,-2.0148623511266686,0.9851217021991016,0.8844909906841395
UP,15,-3,VERY_WEAK,585,0.4427350427350427,-0.19473048694494266,-0.2368128199421939,1.9138406421864889,2.3695529551876002,2.019518352911931,-2.0993225800923976,0.9619857243773589,0.8271851770123786
UP,15,-2,WEAK,808,0.46782178217821785,-0.04885247238790515,0.04269550779221908,2.07900563687196,2.209095088449125,2.0626088205887276,-2.2025429912240706,0.9364669969245076,0.9551963368629979
UP,15,-1,WEAK,863,0.49130938586326767,-0.13410798948980168,-0.01844532279331181,2.1759166820413176,2.357966869925142,2.178423279975377,-2.4306171023536054,0.8962428832850616,0.8900333482969435
UP,15,0,NEUTRAL,789,0.5247148288973384,0.02422618837965646,0.01840490797530266,2.2810519006914496,2.1027478621059545,2.196853705597259,-2.170509195880014,1.012137478969106,1.0224654124279744
UP,15,1,NEUTRAL,682,0.5351906158357771,0.12548445649149015,0.05791762483213217,2.3319072158143235,2.0025001461381122,2.213296792165664,-2.075106287427856,1.0665944224520172,1.1245965360596797
UP,15,2,STRONG,628,0.5222929936305732,0.28119883646554394,-0.055672987589547626,2.513814446213625,2.050675851721658,2.7004787992243853,-2.1227206185932412,1.2721781545675253,1.2641008329512236
UP,15,3,STRONG,498,0.572289156626506,0.3620778463019631,0.25378351560559653,2.5260962642551315,1.7931685832681152,2.203128501053505,-1.9833702481075353,1.1108004182051514,1.4151292999051928
UP,15,4,VERY_STRONG,447,0.6196868008948546,0.3479237558178929,0.16413262502297876,2.720242849194479,1.7100135201069515,2.4829090438802424,-2.0714235624354993,1.198648643815239,1.35923315112063
UP,15,5,VERY_STRONG,203,0.6600985221674877,0.900035937619712,0.5983504123969171,3.1357616843923504,1.2921609271092107,2.7401470283639715,-1.815249940185842,1.509515008210627,2.227455073091291
DOWN,30,-5,VERY_WEAK,76,0.5,0.6724009091235142,0.34589608049171816,3.2317744176252163,2.704521051099248,2.8416619101962035,-2.4765263504981316,1.1474385926176913,1.6656366667031002
DOWN,30,-4,VERY_WEAK,190,0.5,0.0419173372878453,-0.10350489621936165,2.866215161102928,3.0704662646896477,3.1491561136952257,-3.065321439119535,1.0273493909988674,1.0273493909988674
DOWN,30,-3,VERY_WEAK,328,0.49085365853658536,-0.3803478771478586,-0.07864490727126584,2.8673764074362955,3.3161876630507825,2.772059059949212,-3.494543821067994,0.7932534836841799,0.7836382899425535
DOWN,30,-2,WEAK,365,0.5561643835616439,0.38235921606953854,0.5496413741039012,3.266740567428242,2.7554470911979227,2.8736461379223943,-2.637382507388469,1.089582618324057,1.3207062040291597
DOWN,30,-1,WEAK,464,0.5237068965517241,0.2568157305100317,0.19808859024120595,3.31859933179979,2.924576875351855,3.139632102499634,-2.8586943396670716,1.0982748518910492,1.1869248399360666
DOWN,30,0,NEUTRAL,395,0.5341772151898734,0.13881972563082579,0.3067364290386305,3.684429870558573,3.0711279523240935,3.3982497919243797,-3.4500208260860132,0.9849939937260127,1.0845412590493864
DOWN,30,1,NEUTRAL,378,0.5105820105820106,-0.09885597087620414,0.07342356204512562,3.3181362205860907,3.180927268975324,2.976088721550223,-3.3429108210404284,0.890268655334324,0.9389172157351067
DOWN,30,2,STRONG,322,0.5869565217391305,0.4905550323835914,0.22057944088131648,3.473215558180093,2.554854336813393,3.211487331178504,-2.4777347481199494,1.2961384722942235,1.4139692425027892
DOWN,30,3,STRONG,257,0.5953307392996109,0.6289957609286838,0.5058336469702573,3.7991767394648113,2.698100062133766,3.6114925115178917,-3.171708062831015,1.138658552418703,1.4510339075070195
DOWN,30,4,VERY_STRONG,245,0.6040816326530613,0.9323241066164923,0.9156237383931062,4.275349389047377,2.3861685194937317,3.6064662260842844,-2.945181966611807,1.2245308666728092,1.7755697566755733
DOWN,30,5,VERY_STRONG,143,0.6503496503496503,1.0478751963616626,0.8534503779566197,4.381156465044788,1.9680546726420962,3.9037420112747827,-2.7271631120252398,1.4314296031878322,1.900750784560892
UP,30,-5,VERY_WEAK,54,0.5555555555555556,0.7115638847891914,0.11570527145368285,3.352922174227233,2.9944428670663177,3.7005652564105147,-2.5073606692645423,1.4758807146384578,1.589410000379878
UP,30,-4,VERY_WEAK,186,0.478494623655914,-0.3560680008025928,-0.1740824513902963,2.6980757875253594,3.5109092958734847,2.7016065037583803,-3.222637848828505,0.8383214715672969,0.7859263795943408
UP,30,-3,VERY_WEAK,290,0.4517241379310345,-0.5198539986278435,-0.016688121798400766,2.580593625840444,3.473591596570626,2.4769881543860395,-3.4351494263896485,0.7210714431684448,0.7014504515176029
UP,30,-2,WEAK,401,0.44139650872817954,-0.6837758986389224,-0.5319740500461522,2.7247992122239992,3.599801074616795,2.757961716663968,-3.5153873003199365,0.784539932886759,0.6454623993295608
UP,30,-1,WEAK,488,0.49385245901639346,-0.08050661561920187,0.18755101467255395,3.030515257712738,3.277741197534102,2.879374259497044,-3.2410573805738374,0.8884058260601494,0.9486367295218544
UP,30,0,NEUTRAL,447,0.5033557046979866,-0.028903998890753995,-0.13306370070785334,3.1671114292157165,3.1478788643937707,3.274642458755696,-3.117934452793929,1.0502601989664484,0.9820614847478478
UP,30,1,NEUTRAL,354,0.5056497175141242,0.1290433667198535,0.1187948065898756,3.344191749512979,2.880247457453951,3.1693690379944335,-2.9807754627552887,1.0632699703803983,1.087573283989093
UP,30,2,STRONG,322,0.48757763975155277,0.2941918694467535,-0.17880779588312884,3.573127907301863,3.105503240466704,3.712063806082771,-2.8388574058029294,1.3075907928643804,1.1986248934590156
UP,30,3,STRONG,260,0.5384615384615384,0.4545265886471895,0.257723933777425,3.481779220306694,2.888127048070251,3.1179943659096816,-2.7506634483975048,1.133542661399081,1.3640937111751654
UP,30,4,VERY_STRONG,233,0.6437768240343348,0.577633782078533,0.5033652143109532,4.0204301970873635,2.585355186890722,3.3649115618197327,-3.2276477353014905,1.0425275116044908,1.4254968015816507
UP,30,5,VERY_STRONG,138,0.6014492753623188,0.8952520268834199,0.36208974607570316,4.101334655588459,2.140987675697323,3.6025235049379565,-2.4233388171834314,1.4865950561238703,1.8222778107324862
DOWN,60,-5,VERY_WEAK,37,0.4594594594594595,-0.12234880089330737,0.6474204758087868,4.255550623005775,4.050677811435977,3.6623533741589527,-4.1173122078929145,0.8895010116401174,0.9389177345090127
DOWN,60,-4,VERY_WEAK,109,0.5688073394495413,0.16030047812131465,0.1539763113366303,3.9940714889741993,3.845313616538357,3.4416074643580044,-3.3703320363235565,1.0211478950044925,1.099697733081761
DOWN,60,-3,VERY_WEAK,181,0.5138121546961326,0.18238372078831655,0.3837918959480645,4.4373313003374415,4.1012742619214375,4.025618523200458,-4.457619272367806,0.9030871138221104,1.0903124910779138
DOWN,60,-2,WEAK,199,0.5527638190954773,0.5906628901330664,0.35623409669225387,4.9304691208992395,3.9839902805833822,4.737362477864265,-4.330694862339126,1.093903548611016,1.2982591565932935
DOWN,60,-1,WEAK,209,0.5311004784688995,0.22019621748632467,0.21404056162236226,4.813376223999818,4.4815953033377225,4.7125905210146275,-4.868127942632467,0.968049849254017,1.0964646251754682
DOWN,60,0,NEUTRAL,217,0.5345622119815668,0.8852185101151353,0.399560922064056,5.353219837100746,3.9914800906774803,5.001623576385152,-4.021203690085491,1.2438125401896312,1.4825240378017823
DOWN,60,1,NEUTRAL,191,0.518324607329843,-0.06853584830580645,0.7262969588555148,4.632919837690946,4.502615525275692,4.179790733920835,-4.836102346137926,0.8642891392194757,0.9699244784574116
DOWN,60,2,STRONG,173,0.5549132947976878,-0.07571993349467349,-0.06420055029027617,4.705544972268997,4.602168564949553,4.0183867214639,-4.122767891269814,0.9746817738570859,0.9634785350771193
DOWN,60,3,STRONG,115,0.6086956521739131,0.5312025513449015,0.5601851851852397,5.1439044470554105,3.7011223713323202,4.02279190967788,-4.171754543552581,0.9642925698720887,1.2988430532970991
DOWN,60,4,VERY_STRONG,143,0.5524475524475524,0.7737552176005695,0.15107913669068748,5.888932235520456,3.9514676517130165,5.242875260106707,-3.8868985410129735,1.348858274736533,1.406666486510956
DOWN,60,5,VERY_STRONG,84,0.6190476190476191,1.849282952554568,0.41112935883352725,6.368077313370412,2.780000812779552,6.285750628730312,-3.0308314912387515,2.073936029403344,2.2813296323436782
UP,60,-5,VERY_WEAK,26,0.5769230769230769,0.4599657154422879,1.767113343306578,4.193383483368745,4.425140550833957,3.886798245891769,-5.022966333276882,0.7738053548441962,1.238088567750714
UP,60,-4,VERY_WEAK,92,0.40217391304347827,-1.1841706941762267,-0.5203426269491535,3.4099059633065916,5.492074876144606,3.841212507159005,-5.224184640347687,0.7352750278947567,0.5911034537977455
UP,60,-3,VERY_WEAK,164,0.45121951219512196,-0.28401640614464707,-0.23147127356211528,3.6692796401983525,4.728799406230063,4.000763603864459,-4.266341356623699,0.937750468010039,0.8715563173269775
UP,60,-2,WEAK,203,0.458128078817734,-0.5278147886533597,-0.5645351779988547,3.619065223070048,4.672264519922705,3.580396887644241,-4.070676234267804,0.879558255580169,0.7585181286654669
UP,60,-1,WEAK,242,0.45041322314049587,-0.234308185874228,-0.1489152749754334,4.106981620772428,4.7406311793199585,4.021691709330993,-4.217924087786316,0.9534765504615064,0.8924540512319701
UP,60,0,NEUTRAL,207,0.4830917874396135,-0.29382698149941167,0.0887652947719239,4.673472699246753,5.0051949868409835,4.584365645596318,-5.315495862333251,0.8624530550540205,0.8878193213791388
UP,60,1,NEUTRAL,191,0.4869109947643979,0.08395485773403025,-0.3308239230447788,5.066994040621233,4.66130491043259,5.25016204499783,-4.4238141586039905,1.186795343738989,1.0355371136546083
UP,60,2,STRONG,175,0.48,-0.41337061416513765,-0.05151267375314944,4.531675082194009,4.856454580641703,4.021468725413361,-4.507068466083751,0.8922581841557128,0.8236229392206581
UP,60,3,STRONG,144,0.5625,0.7485971334639471,0.8651903010137053,4.947001724288451,4.120462463783444,4.1940888569280155,-4.07509127938575,1.0292012054169748,1.440881687583765
UP,60,4,VERY_STRONG,142,0.6197183098591549,1.026595034646156,0.9191737112712186,5.646753859464325,3.8927103284972864,5.222109911715837,-4.234447430250745,1.2332447143892413,1.5464497212182549
UP,60,5,VERY_STRONG,71,0.6056338028169014,0.8566919037986206,0.43825249397998245,5.037644314924023,3.240560531954671,4.45373583220842,-3.0577382535885156,1.4565458070132664,1.5850645546909075
