symbol,ma_type,fast,mid,slow,stop_atr,target_atr,max_hold_minutes,m15_mode,m5_mode,max_entry_candle_atr,max_distance_slow_atr,trades,wins,losses,breakeven,win_rate,gross_profit_points,gross_loss_points,net_points,avg_points,profit_factor,expectancy_r,avg_mfe_points,avg_mae_points,mfe_mae_ratio,max_drawdown_points,max_loss_streak,buy_trades,sell_trades,buy_win_rate,sell_win_rate,trades_per_day,active_days,robustness_score,score
GOLD,ema,6,30,85,1.0,0.8,10,required,closed_all,1.2,2.0,30,26,4,0,0.866667,47.26512,9.83561,37.42951,1.24765,4.80551,0.56,2.383,1.379,1.728064,7.69297,2,30,0,0.866667,0.0,6.0,5,1.020539,210.0575
GOLD,ema,6,27,85,1.0,0.8,20,required,closed_all,1.2,2.0,31,26,5,0,0.83871,47.26512,11.14697,36.11815,1.1651,4.240176,0.509677,2.32419,1.40161,1.658228,7.69297,2,31,0,0.83871,0.0,6.2,5,0.963898,193.998711
GOLD,ema,7,27,84,1.0,0.8,15,required,closed_all,1.2,2.0,30,25,5,0,0.833333,46.44955,11.14697,35.30258,1.17675,4.167011,0.5,2.359,1.42933,1.65042,7.69297,2,30,0,0.833333,0.0,6.0,5,0.919514,191.677757
GOLD,ema,3,38,67,1.3,1.3,5,warning_only,closed_all,0.8,2.0,35,28,7,0,0.8,65.95798,15.72845,50.22953,1.43513,4.193546,0.528741,2.76257,1.53829,1.795877,5.70807,2,35,0,0.8,0.0,5.8333,6,1.223411,191.04821
GOLD,ema,6,33,95,1.0,0.8,10,required,closed_all,1.8,2.0,30,26,4,0,0.866667,46.99068,12.97432,34.01636,1.13388,3.621822,0.56,2.556,1.47933,1.727805,7.69297,2,30,0,0.866667,0.0,5.0,6,1.020386,186.381164
GOLD,ema,5,33,95,1.0,0.8,30,required,closed_all,1.8,2.0,31,27,4,0,0.870968,46.44851,12.97432,33.47419,1.07981,3.580034,0.567742,2.33903,1.40129,1.669199,7.69297,2,31,0,0.870968,0.0,5.1667,6,1.026074,185.582997
GOLD,ema,7,36,97,1.0,0.8,10,warning_only,closed_all,1.2,2.0,31,26,5,0,0.83871,47.41085,12.48878,34.92207,1.12652,3.796276,0.509677,2.2129,1.37419,1.610329,7.69297,2,31,0,0.83871,0.0,5.1667,6,0.936055,184.6417
GOLD,ema,7,36,97,1.0,0.8,30,warning_only,closed_all,1.2,2.0,31,26,5,0,0.83871,47.41085,12.48878,34.92207,1.12652,3.796276,0.509677,2.2129,1.37419,1.610329,7.69297,2,31,0,0.83871,0.0,5.1667,6,0.936055,184.6417
GOLD,ema,6,38,84,1.3,0.8,5,required,closed_all,1.2,2.0,30,26,4,0,0.866667,47.8357,12.78628,35.04942,1.16831,3.741174,0.399996,2.397,1.418,1.690409,10.00085,2,30,0,0.866667,0.0,6.0,5,0.829827,184.39414
GOLD,ema,4,33,84,1.0,0.8,10,required,closed_all,1.2,2.0,30,25,5,0,0.833333,44.98035,11.72354,33.25681,1.10856,3.836755,0.5,2.20767,1.41767,1.557254,7.69297,2,30,0,0.833333,0.0,6.0,5,0.867607,184.140969
GOLD,ema,5,36,95,1.0,0.8,30,required,closed_all,1.8,2.0,30,26,4,0,0.866667,44.91065,12.97432,31.93633,1.06454,3.461503,0.56,2.314,1.43033,1.617805,7.69297,2,30,0,0.866667,0.0,5.0,6,0.955423,182.074777
GOLD,ema,3,35,88,1.0,0.8,5,required,closed_all,1.2,2.0,30,25,5,0,0.833333,42.53651,11.6409,30.89561,1.02985,3.654057,0.46584,2.10667,1.35533,1.554353,7.69297,2,30,0,0.833333,0.0,6.0,5,0.836409,179.60401
GOLD,ema,3,36,86,1.0,0.8,5,required,closed_all,1.2,2.0,30,25,5,0,0.833333,42.53651,11.6409,30.89561,1.02985,3.654057,0.46584,2.10667,1.35533,1.554353,7.69297,2,30,0,0.833333,0.0,6.0,5,0.836409,179.60401
GOLD,ema,6,28,81,1.0,0.8,5,required,closed_all,1.2,2.0,33,27,6,0,0.818182,48.29955,12.92851,35.37104,1.07185,3.735895,0.452249,2.25242,1.43788,1.566491,7.69297,2,33,0,0.818182,0.0,5.5,6,0.914187,179.507203
GOLD,ema,7,36,80,1.0,0.8,5,required,closed_all,1.2,2.0,33,27,6,0,0.818182,49.1857,13.33679,35.84891,1.08633,3.687971,0.461629,2.29788,1.50273,1.529139,7.69297,2,33,0,0.818182,0.0,5.5,6,0.901179,178.409719
GOLD,ema,7,28,81,1.0,0.8,5,required,closed_all,1.2,2.0,32,26,6,0,0.8125,47.79955,12.92851,34.87104,1.08972,3.69722,0.451055,2.29937,1.465,1.569539,7.69297,2,32,0,0.8125,0.0,5.3333,6,0.887095,178.166166
GOLD,ema,7,36,83,1.0,0.8,5,required,closed_all,1.2,2.0,32,26,6,0,0.8125,47.8357,13.33679,34.49891,1.07809,3.586748,0.4625,2.30094,1.48094,1.553703,7.69297,2,32,0,0.8125,0.0,6.4,5,0.888713,176.084486
GOLD,ema,6,32,80,1.0,0.8,5,required,closed_all,1.2,2.0,32,26,6,0,0.8125,47.79955,13.33679,34.46276,1.07696,3.584037,0.451055,2.31656,1.51969,1.524368,7.69297,2,32,0,0.8125,0.0,5.3333,6,0.861565,175.450786
GOLD,ema,6,36,97,1.0,0.8,5,warning_only,closed_all,1.2,2.0,30,24,6,0,0.8,44.77309,12.63878,32.13431,1.07114,3.542517,0.470137,2.20667,1.38167,1.597105,7.69297,2,30,0,0.8,0.0,5.0,6,0.863238,174.574818
GOLD,ema,8,38,83,1.0,0.8,10,required,closed_all,1.2,2.0,31,25,6,0,0.806452,47.3608,13.33679,34.02401,1.09755,3.551139,0.451613,2.35774,1.52226,1.548845,7.69297,2,31,0,0.806452,0.0,6.2,5,0.848541,174.446722
GOLD,ema,8,34,98,1.3,0.8,5,warning_only,closed_all,1.2,2.0,32,27,5,0,0.84375,48.83789,14.14819,34.6897,1.08405,3.451883,0.391922,2.21219,1.48469,1.490002,10.00085,2,32,0,0.84375,0.0,5.3333,6,0.773211,174.110726
GOLD,ema,7,30,98,1.0,0.8,15,warning_only,closed_all,1.2,2.0,32,26,6,0,0.8125,47.56256,13.80014,33.76242,1.05508,3.446527,0.4625,2.20469,1.38281,1.59435,7.69297,2,32,0,0.8125,0.0,5.3333,6,0.911963,173.68655
GOLD,ema,7,28,98,1.0,0.8,20,warning_only,closed_all,1.2,2.0,32,26,6,0,0.8125,47.56256,13.80014,33.76242,1.05508,3.446527,0.4625,2.20469,1.38281,1.59435,7.69297,2,32,0,0.8125,0.0,5.3333,6,0.911963,173.68655
GOLD,ema,7,28,97,1.0,0.8,10,warning_only,closed_all,1.2,2.0,32,26,6,0,0.8125,47.56256,13.80014,33.76242,1.05508,3.446527,0.4625,2.20469,1.38281,1.59435,7.69297,2,32,0,0.8125,0.0,5.3333,6,0.911963,173.68655
GOLD,ema,7,40,66,1.3,0.8,5,warning_only,closed_all,0.8,2.0,37,31,6,0,0.837838,50.67968,14.66845,36.01123,0.97328,3.455013,0.370846,2.02811,1.32054,1.535817,5.03807,2,37,0,0.837838,0.0,6.1667,6,0.942249,173.513351
GOLD,ema,4,37,84,1.3,1.0,5,required,closed_all,1.2,2.0,31,25,6,0,0.806452,50.64706,13.99628,36.65078,1.18228,3.618609,0.419118,2.54032,1.61677,1.571229,10.67085,3,31,0,0.806452,0.0,6.2,5,0.809038,173.207569
GOLD,ema,7,35,82,1.0,0.8,5,required,closed_all,1.2,2.0,31,25,6,0,0.806452,46.44955,13.33679,33.11276,1.06815,3.482813,0.451613,2.32032,1.49774,1.549214,7.69297,2,31,0,0.806452,0.0,6.2,5,0.848743,173.083889
GOLD,ema,6,37,82,1.0,0.8,5,required,closed_all,1.2,2.0,31,25,6,0,0.806452,46.44955,13.33679,33.11276,1.06815,3.482813,0.451613,2.32032,1.49774,1.549214,7.69297,2,31,0,0.806452,0.0,6.2,5,0.848743,173.083889
GOLD,ema,6,38,85,1.0,0.8,5,warning_only,closed_all,1.2,2.0,41,32,9,0,0.780488,54.07655,15.13287,38.94368,0.94985,3.57345,0.450525,2.1039,1.3478,1.560984,7.69297,2,41,0,0.780488,0.0,6.8333,6,1.129766,172.390735
GOLD,ema,5,32,97,1.0,0.8,20,warning_only,closed_all,1.2,2.0,33,27,6,0,0.818182,48.37813,14.43816,33.93997,1.02848,3.350713,0.472727,2.16,1.37576,1.570044,7.69297,2,33,0,0.818182,0.0,5.5,6,0.935965,172.351064
GOLD,ema,7,22,84,1.0,0.8,30,required,closed_all,1.2,2.0,31,25,6,0,0.806452,44.36488,12.97405,31.39083,1.01261,3.419509,0.451613,2.22387,1.44548,1.538496,7.69297,2,31,0,0.806452,0.0,6.2,5,0.842871,171.710621
GOLD,ema,7,22,85,1.0,0.8,30,required,closed_all,1.2,2.0,31,25,6,0,0.806452,44.36488,12.97405,31.39083,1.01261,3.419509,0.451613,2.22387,1.44548,1.538496,7.69297,2,31,0,0.806452,0.0,6.2,5,0.842871,171.710621
GOLD,ema,5,37,82,1.0,0.8,15,required,closed_all,1.2,2.0,31,25,6,0,0.806452,44.98035,13.33679,31.64356,1.02076,3.372652,0.451613,2.15419,1.44129,1.494628,7.69297,2,31,0,0.806452,0.0,6.2,5,0.818838,170.334806
GOLD,ema,5,36,83,1.0,0.8,10,required,closed_all,1.2,2.0,31,25,6,0,0.806452,44.98035,13.33679,31.64356,1.02076,3.372652,0.451613,2.15419,1.44129,1.494628,7.69297,2,31,0,0.806452,0.0,6.2,5,0.818838,170.334806
GOLD,ema,7,40,67,1.3,0.8,5,warning_only,closed_all,0.8,2.0,35,29,6,0,0.828571,49.32319,14.66845,34.65474,0.99014,3.362536,0.356873,2.08114,1.368,1.521303,5.03807,2,35,0,0.828571,0.0,5.8333,6,0.868727,170.242708
GOLD,ema,8,37,85,1.6,0.8,5,warning_only,closed_all,1.2,2.0,42,35,7,0,0.833333,62.6155,18.47855,44.13695,1.05088,3.388551,0.304575,2.25881,1.52595,1.480262,12.30874,2,42,0,0.833333,0.0,7.0,6,0.890781,169.521346
GOLD,ema,7,28,99,1.0,0.8,15,warning_only,closed_all,1.2,2.0,31,25,6,0,0.806452,45.23611,13.80014,31.43597,1.01406,3.277946,0.451613,2.19677,1.38516,1.585934,7.69297,2,31,0,0.806452,0.0,6.2,5,0.86886,169.353737
GOLD,ema,7,32,99,1.0,0.8,15,warning_only,closed_all,1.2,2.0,31,25,6,0,0.806452,45.23611,13.80014,31.43597,1.01406,3.277946,0.451613,2.19677,1.38516,1.585934,7.69297,2,31,0,0.806452,0.0,6.2,5,0.86886,169.353737
GOLD,ema,3,38,68,1.3,1.0,5,warning_only,closed_all,0.8,2.0,35,28,7,0,0.8,53.53359,15.72845,37.80514,1.08015,3.403615,0.398704,2.35429,1.53829,1.530461,5.70807,2,35,0,0.8,0.0,5.8333,6,0.910812,169.344515
GOLD,ema,7,36,85,1.6,0.8,5,required,closed_all,1.2,2.0,30,26,4,0,0.866667,47.8357,15.16125,32.67445,1.08915,3.155129,0.312415,2.397,1.52767,1.56906,12.30874,2,30,0,0.866667,0.0,6.0,5,0.681013,169.270226
GOLD,ema,7,36,98,1.3,0.8,5,warning_only,closed_all,1.2,2.0,30,25,5,0,0.833333,46.00682,14.14819,31.85863,1.06195,3.251781,0.377025,2.236,1.505,1.485714,10.00085,2,30,0,0.833333,0.0,5.0,6,0.710726,168.651728
GOLD,ema,6,35,91,1.0,0.8,10,warning_only,closed_all,1.2,2.0,39,32,7,0,0.820513,54.90669,17.44105,37.46564,0.96066,3.14813,0.476923,2.19538,1.42949,1.535785,7.69297,2,39,0,0.820513,0.0,6.5,6,1.086671,168.294803
GOLD,ema,8,39,82,1.0,0.8,10,required,closed_all,1.2,2.0,30,24,6,0,0.8,44.10785,13.33679,30.77106,1.0257,3.307231,0.44,2.319,1.54467,1.501295,7.69297,2,30,0,0.8,0.0,6.0,5,0.786245,168.157575
GOLD,ema,7,40,88,1.0,0.8,10,warning_only,closed_all,1.2,2.0,39,32,7,0,0.820513,54.58428,17.44105,37.14323,0.95239,3.129644,0.476923,2.15385,1.45692,1.478353,7.69297,2,39,0,0.820513,0.0,6.5,6,1.046034,167.350769
GOLD,ema,6,39,88,1.0,0.8,30,warning_only,closed_all,1.2,2.0,39,32,7,0,0.820513,54.58428,17.44105,37.14323,0.95239,3.129644,0.476923,2.15385,1.45692,1.478353,7.69297,2,39,0,0.820513,0.0,6.5,6,1.046034,167.350769
GOLD,ema,7,30,98,1.0,0.8,5,warning_only,closed_all,1.2,2.0,32,25,7,0,0.78125,46.31095,13.95014,32.36081,1.01128,3.319748,0.434504,2.18281,1.37687,1.585338,7.69297,2,32,0,0.78125,0.0,5.3333,6,0.880432,167.235936
GOLD,ema,8,39,78,1.3,0.8,5,warning_only,closed_all,1.2,2.0,45,36,9,0,0.8,63.9655,18.75961,45.20589,1.00458,3.409746,0.341014,2.19533,1.52511,1.439458,10.00085,2,45,0,0.8,0.0,7.5,6,0.990487,167.114855
GOLD,ema,8,36,79,1.3,0.8,5,warning_only,closed_all,1.2,2.0,45,36,9,0,0.8,63.9655,18.75961,45.20589,1.00458,3.409746,0.341014,2.19533,1.52511,1.439458,10.00085,2,45,0,0.8,0.0,7.5,6,0.990487,167.114855
GOLD,ema,5,34,92,1.0,0.8,20,required,closed_all,1.8,2.0,33,27,6,0,0.818182,46.44851,15.14426,31.30425,0.94861,3.06707,0.472727,2.23455,1.39485,1.601999,7.69297,2,33,0,0.818182,0.0,5.5,6,0.955014,166.997757
GOLD,ema,6,28,87,1.3,0.8,10,required,closed_all,1.2,2.0,30,25,5,0,0.833333,44.97685,14.49105,30.4858,1.01619,3.103767,0.34615,2.31467,1.41333,1.637736,10.00085,2,30,0,0.833333,0.0,6.0,5,0.755869,166.439792
